{
"type": "FeatureCollection",
"name": "alpha",
"crs": { "type": "name", "properties": { "name": "urn:ogc:def:crs:EPSG::32613" } },
"features": [
{ "type": "Feature", "properties": { "cluster": 0 }, "geometry": { "type": "MultiPolygon", "coordinates": [ [ [ [ 461535.002410026616417, 2630834.974552463274449 ], [ 461589.781776752264705, 2631053.377088287379593 ], [ 461983.188905003829859, 2631114.337560342159122 ], [ 462074.949241447844543, 2630325.043767391704023 ], [ 461644.836841353913769, 2630684.5558423679322 ], [ 461145.002497516281437, 2630414.973740901332349 ], [ 461115.049395678681321, 2630415.054181412328035 ], [ 461535.002410026616417, 2630834.974552463274449 ] ] ], [ [ [ 462639.644809018413071, 2630073.031520465388894 ], [ 462884.108560547116213, 2630050.260050971526653 ], [ 463245.016997370170429, 2630505.033914112951607 ], [ 463621.278941937081981, 2629862.39104515267536 ], [ 463892.259753200691193, 2629848.427105960901827 ], [ 464259.374599922506604, 2630393.330550924874842 ], [ 464383.541735420352779, 2630755.055681395810097 ], [ 464402.64583582803607, 2630237.979457234498113 ], [ 465002.536687442101538, 2630155.696265914011747 ], [ 465134.98528267967049, 2630324.98862193338573 ], [ 465224.984734388941433, 2630595.022049870342016 ], [ 465418.884475599217694, 2631286.180532504804432 ], [ 465117.866326680581551, 2631507.221864653751254 ], [ 464871.257795144338161, 2631476.818946482148021 ], [ 464670.429151559830643, 2631420.844362856354564 ], [ 464793.399902883043978, 2631717.255402432288975 ], [ 464714.901387448247988, 2632111.585098112002015 ], [ 465334.856655850599054, 2632356.97593938652426 ], [ 465350.253526210377458, 2632830.790932583622634 ], [ 465127.97269833041355, 2633163.464734189212322 ], [ 465072.144100110570434, 2633244.420123307965696 ], [ 465245.858788074110635, 2633473.177715721540153 ], [ 465667.582021198351867, 2633911.701176572125405 ], [ 466217.596937833121046, 2633470.874005858320743 ], [ 466451.689543887041509, 2632952.191886278800666 ], [ 467111.481752169609535, 2632827.784643576014787 ], [ 467711.140326335094869, 2633139.750445791520178 ], [ 467395.547130785824265, 2633670.773738621734083 ], [ 467944.695324222324416, 2633270.978995982557535 ], [ 467761.047532659955323, 2633137.424808904528618 ], [ 467829.642252706049476, 2632377.782126493752003 ], [ 467640.613816945988219, 2632121.350250010378659 ], [ 467584.907526316470467, 2631810.37221210449934 ], [ 468073.008132631075568, 2631410.721163746900856 ], [ 467542.668891864537727, 2631146.190880420152098 ], [ 467288.893566854647361, 2631100.263060429599136 ], [ 467114.972587163327262, 2631226.869742725044489 ], [ 467059.117756984720472, 2631304.495688501279801 ], [ 467035.787520880927332, 2631348.833908543456346 ], [ 466304.978673696052283, 2631585.007188260555267 ], [ 465668.679924916126765, 2631370.834548160433769 ], [ 465644.963657646032516, 2631164.964937358628958 ], [ 465405.007126791228075, 2630595.033459996338934 ], [ 465436.167576666921377, 2630418.1507015558891 ], [ 465274.653943172597792, 2630192.683252991642803 ], [ 465187.683744861162268, 2630039.001423140987754 ], [ 464873.458736778353341, 2629445.233059786260128 ], [ 464379.864288650278468, 2629260.441471806261688 ], [ 463796.34122444287641, 2629382.565550006460398 ], [ 463393.719999114226084, 2629319.364332959055901 ], [ 463101.428900501865428, 2629371.034119599498808 ], [ 462790.945032410614658, 2629479.220185145735741 ], [ 462703.569691997894552, 2629575.765267936978489 ], [ 462738.789701052941382, 2629800.421951394993812 ], [ 462639.644809018413071, 2630073.031520465388894 ] ] ] ] } },
{ "type": "Feature", "properties": { "cluster": 1 }, "geometry": { "type": "Polygon", "coordinates": [ [ [ 660765.64297733514104, 2821061.948352009989321 ], [ 661084.844157395302318, 2820436.561540170572698 ], [ 661150.494779978645965, 2820411.872962650842965 ], [ 661833.785294558736496, 2820694.855897963047028 ], [ 661385.319251609034836, 2820115.598871559370309 ], [ 661376.976183738326654, 2819973.700362869072706 ], [ 661365.189364656223916, 2819867.209822499193251 ], [ 661342.627683004597202, 2819820.410341946873814 ], [ 661320.132602234603837, 2819768.07273957785219 ], [ 661258.464763188967481, 2819628.855065783951432 ], [ 661108.907772475853562, 2819607.11332957400009 ], [ 660881.299150487990119, 2819637.608741442672908 ], [ 660793.088613495114259, 2819698.58486743317917 ], [ 660708.74060820043087, 2819772.901419241912663 ], [ 660622.630303070647642, 2819910.341412647627294 ], [ 660586.340497364988551, 2820001.852507614064962 ], [ 660591.335402967757545, 2820088.320207637734711 ], [ 660592.221057915245183, 2820098.30096381995827 ], [ 660674.213766939588822, 2820387.311417165212333 ], [ 660663.011026313179173, 2820566.63927561417222 ], [ 660325.228767776163295, 2821066.631520818453282 ], [ 660765.64297733514104, 2821061.948352009989321 ] ] ] } },
{ "type": "Feature", "properties": { "cluster": 2 }, "geometry": { "type": "Polygon", "coordinates": [ [ [ 478935.040899734885897, 2639205.004581348970532 ], [ 478995.01235521241324, 2639415.049789193086326 ], [ 479516.11774031422101, 2639778.655523370951414 ], [ 479625.111817130993586, 2639816.143387161660939 ], [ 479699.452918190101627, 2639828.216905304696411 ], [ 479709.562591367634013, 2639777.274825521744788 ], [ 479734.910238878568634, 2639701.954535011667758 ], [ 479788.718230281258002, 2639592.273440237157047 ], [ 479771.246541505563073, 2639476.049639679957181 ], [ 479599.404620244866237, 2638917.192939402535558 ], [ 479525.915052096184809, 2638791.084723533596843 ], [ 479438.134434822015464, 2638640.640489242039621 ], [ 478994.952822928084061, 2638814.987211240455508 ], [ 478935.040899734885897, 2639205.004581348970532 ] ] ] } },
{ "type": "Feature", "properties": { "cluster": 3 }, "geometry": { "type": "Polygon", "coordinates": [ [ [ 593014.023951242212206, 2932764.741552257910371 ], [ 592806.250647379434668, 2932833.014782428741455 ], [ 592771.318021632963791, 2932977.865146862808615 ], [ 592692.149006301304325, 2933176.670332956593484 ], [ 592736.804166992078535, 2933202.470386462286115 ], [ 592943.123830693890341, 2933196.214833179954439 ], [ 593060.342457093065605, 2932835.969000385142863 ], [ 593014.023951242212206, 2932764.741552257910371 ] ] ] } },
{ "type": "Feature", "properties": { "cluster": 4 }, "geometry": { "type": "Polygon", "coordinates": [ [ [ 592392.708466256270185, 2934623.326387956272811 ], [ 592424.137307402445003, 2934824.04090877994895 ], [ 592962.294895395520143, 2934670.656222110614181 ], [ 592527.505755900754593, 2934308.617367079481483 ], [ 592493.567939491127618, 2934454.583370351232588 ], [ 592392.708466256270185, 2934623.326387956272811 ] ] ] } },
{ "type": "Feature", "properties": { "cluster": 5 }, "geometry": { "type": "Polygon", "coordinates": [ [ [ 582189.9625162279699, 2934463.914608623832464 ], [ 582011.570275403093547, 2934315.453359230421484 ], [ 581928.865371429710649, 2934160.961983654648066 ], [ 581871.811311077792197, 2934201.57877839775756 ], [ 581927.473754480830394, 2934378.049047099426389 ], [ 582189.9625162279699, 2934463.914608623832464 ] ] ] } },
{ "type": "Feature", "properties": { "cluster": 6 }, "geometry": { "type": "Polygon", "coordinates": [ [ [ 631068.638280064682476, 2757888.023234015330672 ], [ 630756.07922340859659, 2757727.767954418901354 ], [ 630735.146840352448635, 2757698.771984282881021 ], [ 630373.412463190848939, 2757611.156344126909971 ], [ 630240.113224019296467, 2757716.216166729107499 ], [ 630246.446348650148138, 2757793.805278284009546 ], [ 630408.848627254134044, 2758239.478504228871316 ], [ 630689.832894487772137, 2758002.919182086363435 ], [ 631068.638280064682476, 2757888.023234015330672 ] ] ] } },
{ "type": "Feature", "properties": { "cluster": 7 }, "geometry": { "type": "Polygon", "coordinates": [ [ [ 604919.460432164138183, 2628655.54117441829294 ], [ 605046.47241912165191, 2628848.022088789846748 ], [ 605100.946388891432434, 2628924.819987814407796 ], [ 605403.866641189204529, 2628890.480763461906463 ], [ 605384.105944998329505, 2628524.932350514922291 ], [ 605140.917174316360615, 2628612.855433254037052 ], [ 604872.021687030792236, 2628592.08241775771603 ], [ 604919.460432164138183, 2628655.54117441829294 ] ] ] } },
{ "type": "Feature", "properties": { "cluster": 541 }, "geometry": { "type": "Polygon", "coordinates": [ [ [ 656144.885741892969236, 2846060.91938284272328 ], [ 655950.309102122671902, 2845711.883311578538269 ], [ 655817.319084471673705, 2845415.642105033621192 ], [ 655702.309931371943094, 2845723.366198897827417 ], [ 655589.481539840111509, 2846016.7152772792615 ], [ 655558.639639616128989, 2846079.497585308272392 ], [ 655347.321368319215253, 2846300.792160981334746 ], [ 655527.923682689783163, 2846729.416794946882874 ], [ 655992.756555289495736, 2846708.299721968360245 ], [ 656116.35385324631352, 2846778.440953115001321 ], [ 656508.172670772881247, 2846482.852421693503857 ], [ 656307.592319401679561, 2846133.738952006213367 ], [ 656144.885741892969236, 2846060.91938284272328 ] ] ] } },
{ "type": "Feature", "properties": { "cluster": 8 }, "geometry": { "type": "Polygon", "coordinates": [ [ [ 667345.848276280099526, 2850674.665137562900782 ], [ 667386.418597096111625, 2850481.301203673239797 ], [ 667490.90492477233056, 2850310.904627922922373 ], [ 666971.135159610537812, 2850398.497114142868668 ], [ 667310.406196281081066, 2850859.231112747453153 ], [ 667345.848276280099526, 2850674.665137562900782 ] ] ] } },
{ "type": "Feature", "properties": { "cluster": 10 }, "geometry": { "type": "Polygon", "coordinates": [ [ [ 451349.638248735514935, 2689484.912650280632079 ], [ 451317.012364156194963, 2690027.565188953187317 ], [ 451499.979716309229843, 2690126.585467691067606 ], [ 452204.856147447426338, 2690348.947121245786548 ], [ 452546.877797374152578, 2690382.116770655382425 ], [ 452893.266376472543925, 2690508.286837395746261 ], [ 452955.389964873786084, 2690578.941856134217232 ], [ 453008.171921858855058, 2690586.516534536145627 ], [ 452993.573684205010068, 2690468.092298905365169 ], [ 453009.888240363623481, 2690187.91061407327652 ], [ 453051.936614676727913, 2690018.365647991187871 ], [ 453061.345989933528472, 2689796.889935438986868 ], [ 453044.873018591373693, 2689724.975302286446095 ], [ 453073.978721880179364, 2689324.064308040775359 ], [ 452673.254943656735122, 2689342.010318384040147 ], [ 452412.625495863961987, 2689381.639235901180655 ], [ 452263.321717151789926, 2689636.804554933216423 ], [ 451558.030834979028441, 2689894.976153223309666 ], [ 451349.638248735514935, 2689484.912650280632079 ] ] ] } },
{ "type": "Feature", "properties": { "cluster": 11 }, "geometry": { "type": "Polygon", "coordinates": [ [ [ 573877.416860091383569, 2698271.048671133816242 ], [ 574021.251546639367007, 2698494.369621417019516 ], [ 574177.627636147080921, 2698261.555881757754833 ], [ 574162.483210328849964, 2698056.627893251832575 ], [ 573877.416860091383569, 2698271.048671133816242 ] ] ] } },
{ "type": "Feature", "properties": { "cluster": 12 }, "geometry": { "type": "Polygon", "coordinates": [ [ [ 467560.425030539277941, 2639955.600505348760635 ], [ 467325.573160351952538, 2640553.985656084492803 ], [ 467663.530662880511954, 2640985.007464283145964 ], [ 467472.308407169417478, 2640611.224923263769597 ], [ 467711.061810687941033, 2639934.226684300694615 ], [ 467892.920987806399353, 2639759.999929925426841 ], [ 468097.27473353955429, 2639626.689829954411834 ], [ 468051.987611735879909, 2639406.469920952338725 ], [ 467726.035956382984295, 2639346.303321298211813 ], [ 467617.533584136632271, 2639543.616983579006046 ], [ 467479.427953054662794, 2639705.569897457025945 ], [ 467560.425030539277941, 2639955.600505348760635 ] ] ] } },
{ "type": "Feature", "properties": { "cluster": 13 }, "geometry": { "type": "Polygon", "coordinates": [ [ [ 285992.119118313712534, 2778574.490469325333834 ], [ 285711.064044026832562, 2778858.145983011927456 ], [ 285333.257978696725331, 2779083.498689149972051 ], [ 284859.317773769726045, 2778715.347048908472061 ], [ 284385.548732232069597, 2778869.111317767295986 ], [ 284322.243988454341888, 2779076.217005741782486 ], [ 284111.823998783365823, 2779294.521425921004266 ], [ 284026.630473041092046, 2779393.384605646133423 ], [ 284060.805016732309014, 2779512.514833223540336 ], [ 283941.857182789419312, 2780153.766641532070935 ], [ 283795.839911669201683, 2780487.404030440375209 ], [ 283397.023626474430785, 2780592.3702516942285 ], [ 282839.432639792910777, 2780798.503571070730686 ], [ 282650.497464274521917, 2780148.85609696758911 ], [ 282646.435757442261092, 2780841.478623054455966 ], [ 282310.981705180951394, 2781059.59943367773667 ], [ 282012.605000664596446, 2781010.083389446139336 ], [ 281637.537027831946034, 2781084.804291618056595 ], [ 281814.147764871246181, 2781529.64102337276563 ], [ 282019.682934390963055, 2781577.316031381487846 ], [ 282314.022164294146933, 2781816.38030077656731 ], [ 282529.126887378515676, 2782021.258716595824808 ], [ 282466.679845549806487, 2782594.035732663236558 ], [ 282268.316667646809947, 2782992.804088732227683 ], [ 282163.403148498386145, 2783117.485013510566205 ], [ 282314.172847253852524, 2783651.387959580402821 ], [ 282304.12920187151758, 2783716.926806245464832 ], [ 282024.589985164406244, 2784020.597981020342559 ], [ 281725.613721624249592, 2784557.290561090689152 ], [ 281793.983021991909482, 2784920.757931312080473 ], [ 281739.607290047686547, 2785051.280448182020336 ], [ 281620.868782043689862, 2785192.81165871117264 ], [ 281267.645175326266326, 2785301.553569455165416 ], [ 281308.180146082188003, 2785626.684460663702339 ], [ 281159.46725672762841, 2785847.379627578891814 ], [ 281386.925374580780044, 2786007.713333522435278 ], [ 281446.354751817125361, 2786754.729860655032098 ], [ 281540.998391151661053, 2787059.0434903758578 ], [ 281465.487138068885542, 2787441.450068855192512 ], [ 281503.419512908905745, 2787668.001535570248961 ], [ 281541.644996140850708, 2787850.223899995908141 ], [ 281983.289015818969347, 2787851.979865816887468 ], [ 282250.430903570028022, 2787911.956945209763944 ], [ 282287.038640144746751, 2787931.314943373668939 ], [ 282405.130814467789605, 2787499.474543256219476 ], [ 282609.25227836437989, 2787338.85001538740471 ], [ 282828.963485745480284, 2787269.951721230056137 ], [ 282843.45999765500892, 2787167.774324383120984 ], [ 282876.314466913812794, 2787078.600268768612295 ], [ 282974.453126784879714, 2786721.329647577367723 ], [ 282885.008871220052242, 2786594.997157394886017 ], [ 282825.170513214718085, 2786340.316445098724216 ], [ 283064.15181258006487, 2785961.95593787683174 ], [ 283103.167730323737487, 2785942.494553341530263 ], [ 283229.7665041659493, 2785850.715672953985631 ], [ 283485.321192727657035, 2785688.178106863982975 ], [ 283549.228104493231513, 2785395.73012265143916 ], [ 283670.672242667060345, 2785233.120462962426245 ], [ 283801.619003265805077, 2785033.793829914182425 ], [ 283895.530695462599397, 2784851.679725755937397 ], [ 284564.91936277539935, 2784900.876332595944405 ], [ 284855.464756906148978, 2785289.63773792469874 ], [ 284819.518627760815434, 2785502.959675977472216 ], [ 284745.980690615717322, 2785634.879860061220825 ], [ 284446.922026019601617, 2786233.56162089901045 ], [ 284309.672436557710171, 2786606.952728989068419 ], [ 284033.117136679356918, 2786779.78283269982785 ], [ 284208.865377758163959, 2786925.469774276018143 ], [ 284450.902793284505606, 2786928.269615722354501 ], [ 284715.035176098695956, 2787675.025246820412576 ], [ 284685.034546205308288, 2787735.005951093044132 ], [ 284685.00730920326896, 2787765.03557215211913 ], [ 284973.083644637838006, 2788319.493471867870539 ], [ 284758.124778249184601, 2788560.036010065115988 ], [ 284481.440877581597306, 2788849.21204227488488 ], [ 284264.968821168644354, 2788904.958213152829558 ], [ 283897.1712671876885, 2789004.784638666082174 ], [ 283723.989788041333668, 2789018.628380265086889 ], [ 283523.505983903072774, 2788964.208376571070403 ], [ 283332.447392958623823, 2788994.964175017550588 ], [ 283032.524824233085383, 2789152.680799800436944 ], [ 282958.650689706148114, 2789198.187934102024883 ], [ 282913.796462099184282, 2789293.095205851364881 ], [ 282572.685354480519891, 2789647.617813366930932 ], [ 282154.521353107586037, 2789723.037960737477988 ], [ 282053.829909023770597, 2790043.793190815486014 ], [ 282184.198644979740493, 2790377.453526122029871 ], [ 282205.413432262081187, 2790505.653122829739004 ], [ 282249.603538994095288, 2790558.131831934675574 ], [ 282324.019728142651729, 2790546.962564586196095 ], [ 282617.618625884177163, 2790500.138731170445681 ], [ 283248.028450985322706, 2790712.763461841270328 ], [ 283364.595754740643315, 2790753.006100879516453 ], [ 283561.162427350878716, 2791383.696800741832703 ], [ 282986.520941299793776, 2791503.706350433174521 ], [ 282340.897512359893881, 2791847.61254929099232 ], [ 282125.581130219681654, 2791808.968286049086601 ], [ 282136.352692916523665, 2792102.444776986725628 ], [ 281834.196373090962879, 2792679.099524876102805 ], [ 281085.029141668754164, 2792536.062073117122054 ], [ 281186.332407330395654, 2792069.013192511629313 ], [ 281124.084449825517368, 2791897.152948714792728 ], [ 280914.372389987809584, 2791955.951740753371269 ], [ 280647.338230105233379, 2792333.714339391794056 ], [ 280609.63764216582058, 2792432.948529154527932 ], [ 280443.080868784571066, 2792728.194979325868189 ], [ 280578.770652195846196, 2792704.939581051003188 ], [ 280975.938088413327932, 2792770.532967265229672 ], [ 281145.048679156112485, 2793074.967874554917216 ], [ 281143.387500598561019, 2793277.55939451418817 ], [ 281142.457858540292364, 2793469.27954071899876 ], [ 280720.181150518823415, 2793842.907793798018247 ], [ 280487.704628681996837, 2793987.411115268245339 ], [ 280159.464042473351583, 2794192.206229312811047 ], [ 280311.83660419145599, 2794452.3567053694278 ], [ 279938.410834588925354, 2794975.926964960992336 ], [ 280153.15742537274491, 2795415.685753479599953 ], [ 279995.202505091088824, 2795802.77823777217418 ], [ 279357.63533238589298, 2796005.988695943262428 ], [ 279287.322299261984881, 2796081.382295672781765 ], [ 278755.996545974106994, 2796248.535783395636827 ], [ 278278.471418550296221, 2796009.246455906424671 ], [ 277730.213397956918925, 2795697.997719046659768 ], [ 277686.512285386794247, 2796104.299822259694338 ], [ 277624.80118729750393, 2796640.552799000404775 ], [ 278045.944631704420317, 2796699.008024453185499 ], [ 278003.395265759900212, 2797482.061441116034985 ], [ 278087.2618880419177, 2797619.201927599497139 ], [ 278553.304437498678453, 2797345.596344888210297 ], [ 278838.107865785364993, 2797386.363537270575762 ], [ 278992.696015943132807, 2797412.644685931969434 ], [ 279334.898091162904166, 2797143.31156140146777 ], [ 279894.686546178534627, 2796993.444439313840121 ], [ 279979.554308316437528, 2797007.575703765265644 ], [ 280459.88624565320788, 2797113.897940252441913 ], [ 280580.068043231032789, 2797689.281856366433203 ], [ 280720.655018353427295, 2798032.735316650010645 ], [ 280485.526254424068611, 2798381.185644533019513 ], [ 280462.152762147481553, 2798678.545788255520165 ], [ 280289.232528415857814, 2798948.42010786710307 ], [ 280084.295910867047496, 2799045.949476144742221 ], [ 279897.915383415704127, 2799045.663306269794703 ], [ 279722.251872643188108, 2799023.04197015799582 ], [ 279622.101234100293368, 2799121.085219555068761 ], [ 279490.838734188931994, 2799226.286526237148792 ], [ 279696.701457104994915, 2799494.419036745093763 ], [ 279761.404238608083688, 2799631.880501833744347 ], [ 279778.312217977829278, 2799865.422367063350976 ], [ 279747.488171461271122, 2800260.424103695433587 ], [ 279401.245508420048282, 2800524.279608773067594 ], [ 279294.420648817555048, 2800767.603018472902477 ], [ 279281.41816064104205, 2800896.360810994636267 ], [ 279233.213536995986942, 2801335.976194358430803 ], [ 279228.186273824889213, 2801767.128108977340162 ], [ 279125.086296444234904, 2801929.498507413547486 ], [ 279093.628866590908729, 2802222.56552318809554 ], [ 279833.294977089390159, 2802553.988391410093755 ], [ 280286.27277581661474, 2802229.667539523448795 ], [ 280312.462614955264144, 2802106.237001587636769 ], [ 280614.200964711781126, 2801646.985967246815562 ], [ 281129.176854095305316, 2801726.158523797988892 ], [ 281579.851198821736034, 2802188.697204176802188 ], [ 282039.248782418319024, 2802382.940173228736967 ], [ 282056.724519822397269, 2802404.820145840290934 ], [ 282187.443398113362491, 2802391.625715845730156 ], [ 282461.11158191668801, 2801937.306933837942779 ], [ 282297.470969338202849, 2801658.484662608709186 ], [ 282238.593944706604816, 2801505.405992235522717 ], [ 282504.753397588559892, 2801021.292293240781873 ], [ 282549.119996573426761, 2800649.355690996628255 ], [ 282848.802548134583049, 2800243.387963060755283 ], [ 283566.761801697604824, 2800352.63416139036417 ], [ 283641.230095769860782, 2800724.874073119368404 ], [ 283713.681328577455133, 2801097.146569767501205 ], [ 283446.542658513702918, 2801397.301084531471133 ], [ 283294.426088793959934, 2801458.475331617519259 ], [ 283523.605374083272181, 2802056.501352505758405 ], [ 283987.792559466208331, 2801985.892254289239645 ], [ 284581.922047675296199, 2801663.89779147086665 ], [ 285171.373511121259071, 2801805.194469761569053 ], [ 285337.892664484563284, 2801636.326310159172863 ], [ 285432.912750474410132, 2801214.842734680045396 ], [ 285606.853432685544249, 2800878.537618760950863 ], [ 285804.801159886526875, 2800721.366421280428767 ], [ 285890.841478383750655, 2800684.541076066438109 ], [ 285850.248993001529016, 2800348.323594692628831 ], [ 285900.735730223765131, 2799975.201356670819223 ], [ 286182.981103573052678, 2799606.161856695543975 ], [ 286788.2532824492082, 2799533.422844793647528 ], [ 287234.250812900485471, 2799453.249171461910009 ], [ 287433.509440672933124, 2799121.007422160357237 ], [ 288133.876878754817881, 2799136.588208335451782 ], [ 288290.795402406656649, 2799057.668197096325457 ], [ 288683.457784503698349, 2798722.415679992642254 ], [ 288677.589552900870331, 2798669.319914063438773 ], [ 288680.71892017882783, 2798483.114220819901675 ], [ 288845.608071981230751, 2798204.623545839451253 ], [ 288788.884642975812312, 2797927.384243240579963 ], [ 288935.226900271722116, 2797492.947544152848423 ], [ 288855.940311998594552, 2797319.111483770888299 ], [ 288835.786017754755449, 2797125.513898205477744 ], [ 288579.601664565969259, 2796786.018648928031325 ], [ 288638.773506268975325, 2796188.949493850581348 ], [ 288880.679406163748354, 2796065.495945228263736 ], [ 288629.604821157059632, 2795667.190970110241324 ], [ 288676.038850854965858, 2795479.20077505800873 ], [ 289343.528412074083462, 2795377.919271381571889 ], [ 289464.184667834546417, 2795425.902261992916465 ], [ 289993.703239049646072, 2795069.733056892175227 ], [ 290483.769285521702841, 2794897.027918348088861 ], [ 290693.74650099046994, 2794986.8519989666529 ], [ 290994.451620796462521, 2795340.101023284252733 ], [ 291246.507815269520506, 2795480.252657985780388 ], [ 291534.363918912131339, 2795720.688977818470448 ], [ 292172.960928382526617, 2795641.04629532340914 ], [ 291995.687147838238161, 2795448.757127452176064 ], [ 291834.116370763164014, 2795295.009762246627361 ], [ 291365.023413417977281, 2794867.886085417121649 ], [ 291051.457102940534241, 2794399.590224783867598 ], [ 290647.974439894314855, 2794829.108705617021769 ], [ 290119.478700891602784, 2794473.859531791880727 ], [ 289785.881138897617348, 2794276.266611497849226 ], [ 289613.666630652209278, 2793764.803986524231732 ], [ 289549.586909498320892, 2793467.73217853019014 ], [ 289570.49352533754427, 2793256.875199746806175 ], [ 289444.599283590912819, 2793132.514999732375145 ], [ 289257.586103159876075, 2793031.268960824701935 ], [ 289138.151621469762176, 2793063.047652366571128 ], [ 288870.195492986473255, 2793006.283033330924809 ], [ 288561.912815766059794, 2793013.313568476121873 ], [ 288209.590961257519666, 2792460.356861382722855 ], [ 287967.2777931378223, 2792368.857252744492143 ], [ 287584.900941030238755, 2792343.827677028719336 ], [ 287189.998793927545194, 2791971.069628167431802 ], [ 286617.075822603655979, 2792199.489742771722376 ], [ 286804.982487416942604, 2792419.252406154293567 ], [ 287230.759697806439362, 2792896.78105795988813 ], [ 287306.459715219214559, 2793544.924220529384911 ], [ 286916.909185547381639, 2793830.291666924953461 ], [ 286725.060540588572621, 2793998.419912166893482 ], [ 286628.345843692310154, 2794064.214314569719136 ], [ 286465.686369926610496, 2794229.670170607045293 ], [ 286828.255000571371056, 2794343.622647816780955 ], [ 287083.017655275063589, 2794971.215011938009411 ], [ 286859.989325913600624, 2795333.748604015447199 ], [ 286459.205285509000532, 2795414.316266039852053 ], [ 286066.340765148284845, 2795231.045571299269795 ], [ 285290.097243940515909, 2795210.110544139053673 ], [ 285102.652452202746645, 2795082.33391474513337 ], [ 284568.146170488907956, 2794992.220748236868531 ], [ 284555.945751196704805, 2794353.041934077627957 ], [ 284829.037752438220195, 2794162.533329643774778 ], [ 285181.476470369147137, 2793827.826289730146527 ], [ 285188.429481112805661, 2793504.152640151791275 ], [ 284940.380793257732876, 2793432.743635870981961 ], [ 284561.570866515743546, 2793504.14918079553172 ], [ 284345.246887051675003, 2793463.272321696858853 ], [ 284021.018130757962354, 2792723.801562056876719 ], [ 284714.861951639060862, 2792307.181672385428101 ], [ 285220.597099110251293, 2792673.68083512596786 ], [ 285373.860168990679085, 2792677.897527290508151 ], [ 285713.059382081381045, 2792203.800482091959566 ], [ 285779.421724106068723, 2791939.025280958041549 ], [ 286056.170212330413051, 2791401.659622938837856 ], [ 286186.227275781624485, 2791339.768500247504562 ], [ 286549.533676108927466, 2791239.848908236250281 ], [ 286638.582351399993058, 2791070.017272302415222 ], [ 286852.349078074912541, 2790882.709619757253677 ], [ 286786.871284342953004, 2790437.185258281882852 ], [ 287353.217684932635166, 2790105.832048953976482 ], [ 287712.458717174478807, 2790387.187326967250556 ], [ 287894.487117978162132, 2790231.421878087334335 ], [ 287673.141661148692947, 2790001.087062032427639 ], [ 288064.348640421812888, 2789426.522344110999256 ], [ 287999.304974324535578, 2789070.742422722745687 ], [ 288218.47604353132192, 2788580.874999158550054 ], [ 288881.949796563887503, 2788458.610261269845068 ], [ 289282.86591634247452, 2788372.591611758805811 ], [ 289652.643793690833263, 2788293.716722988523543 ], [ 289582.886131608393043, 2787891.467753475531936 ], [ 289332.178538587002549, 2787588.429856467526406 ], [ 289527.151697199093178, 2786963.784177382942289 ], [ 289997.475115537061356, 2787059.542191829532385 ], [ 290114.205419061006978, 2787175.188353774137795 ], [ 290276.661724005709402, 2787509.521635068114847 ], [ 290553.972686577006243, 2788100.256451233755797 ], [ 290662.352719176386017, 2788198.306586569175124 ], [ 291035.641030453843996, 2788346.565267988946289 ], [ 291086.066757416701876, 2788936.375571452546865 ], [ 291324.952857281896286, 2789523.282130436506122 ], [ 291049.956554360222071, 2789928.633150876034051 ], [ 291155.381383802625351, 2790293.770572154782712 ], [ 291144.501669030636549, 2790568.73385501652956 ], [ 291235.061232140404172, 2790819.972072695381939 ], [ 291324.387476209900342, 2791187.574552468024194 ], [ 291262.764875002554618, 2791636.175473862327635 ], [ 291361.566413999418728, 2791768.725967708509415 ], [ 291672.246801043278538, 2791784.993673420045525 ], [ 292019.745769899804145, 2791836.160012844484299 ], [ 292066.063307547708973, 2791833.232317650690675 ], [ 292231.690793560585007, 2791855.065859526861459 ], [ 292670.671402287844103, 2792286.00976973446086 ], [ 292780.707384859328158, 2792429.477409129496664 ], [ 292897.181472542113625, 2792401.101451609749347 ], [ 293348.783310767146759, 2792671.206145984120667 ], [ 293359.315831032814458, 2792700.962220679968596 ], [ 293617.237148436310235, 2792695.917685554828495 ], [ 294124.170253317686729, 2792828.914716920349747 ], [ 294585.54292312997859, 2792616.917404531035572 ], [ 294939.520296649076045, 2792433.156596622429788 ], [ 295060.530950777581893, 2792437.971526401583105 ], [ 295090.643322362331674, 2792296.796714136842638 ], [ 295526.425467213965021, 2791989.932213897816837 ], [ 295507.003127001342364, 2791838.427106212358922 ], [ 295705.307619943865575, 2791288.072316262405366 ], [ 296227.434832642611582, 2791223.694850972853601 ], [ 296109.698304612247739, 2790968.408338498789817 ], [ 296081.308512455201708, 2790220.927259995602071 ], [ 295984.618912379839458, 2789690.537341984454542 ], [ 296011.433134683058597, 2789462.991151155903935 ], [ 296035.277332234429196, 2789372.88325060158968 ], [ 296111.717943243216723, 2789093.622089593205601 ], [ 295612.48660750099225, 2788943.805034277029335 ], [ 295292.096425876952708, 2788621.776504126377404 ], [ 295194.13963056053035, 2788476.998313060496002 ], [ 295139.017755832057446, 2788298.332751859445125 ], [ 294991.563943184446543, 2787880.623806767631322 ], [ 294866.432948972564191, 2787339.588391097262502 ], [ 294921.516667799674906, 2786981.974184810649604 ], [ 294918.84740989637794, 2786938.80194767890498 ], [ 294640.111262421996798, 2786641.638988650403917 ], [ 294540.338317271263804, 2786444.814795103855431 ], [ 294292.83337645244319, 2786280.146901703439653 ], [ 294105.051187178003602, 2786264.159239636734128 ], [ 293739.550990438438021, 2786297.411895509809256 ], [ 293246.628206320456229, 2785776.387114270124584 ], [ 293160.125180981238373, 2785658.038678808603436 ], [ 292683.781717099249363, 2785961.151583765167743 ], [ 292277.434586351970211, 2785434.4032984203659 ], [ 292232.949241861060727, 2785360.846165210008621 ], [ 291754.933479945873842, 2785291.718212177045643 ], [ 291497.248298984137364, 2785518.389933411963284 ], [ 291177.271787635982037, 2785824.696615480817854 ], [ 290654.411037815618329, 2785593.416143946349621 ], [ 290565.010806229023729, 2785484.988508373498917 ], [ 290531.225469117984176, 2784667.885092338081449 ], [ 290660.819934848812409, 2784635.968939255923033 ], [ 290941.996731701598037, 2784166.259603724814951 ], [ 290735.298582651652396, 2783906.838174084201455 ], [ 290929.596405702352058, 2783426.280972502660006 ], [ 291155.214591822354123, 2783013.94468777673319 ], [ 291107.503959841560572, 2782928.25146877579391 ], [ 290839.585298582212999, 2782885.836245239246637 ], [ 290369.881159531185403, 2782904.156422208063304 ], [ 289917.927828555577435, 2783222.498396790586412 ], [ 289225.417637411621399, 2783245.415029416792095 ], [ 288970.837289667339064, 2782828.308463857043535 ], [ 288863.17749458597973, 2782455.459951231256127 ], [ 289067.608349601214286, 2782175.272600277792662 ], [ 288965.426444337703288, 2781895.414497774094343 ], [ 289012.710411712236237, 2781627.64063278818503 ], [ 289187.300337652966846, 2781373.4049854548648 ], [ 289233.060270577436313, 2781202.056258684955537 ], [ 289245.726559353992343, 2780978.034582914784551 ], [ 289165.875995133188553, 2780837.442669006064534 ], [ 289092.419903204077855, 2780523.896675273776054 ], [ 289097.594684329582378, 2780467.306058228947222 ], [ 288521.981271798722446, 2780362.116234242450446 ], [ 288446.007082932803314, 2780276.869943853933364 ], [ 288228.485016594291665, 2780235.933292236179113 ], [ 287942.979224131559022, 2780299.108860312029719 ], [ 287515.532468771736603, 2779929.041311455890536 ], [ 287604.956983450683765, 2779583.03932240838185 ], [ 287592.327841639111284, 2779226.44271450676024 ], [ 287945.241975191340316, 2778696.829083663411438 ], [ 287711.340916114335414, 2778707.124135892372578 ], [ 287379.593914583558217, 2778589.309110541827977 ], [ 287090.821619295049459, 2778316.809358997270465 ], [ 287428.256172959925607, 2777699.889169091358781 ], [ 287338.686020711553283, 2777520.675130980089307 ], [ 287316.798286348755937, 2777411.319637116976082 ], [ 286712.596669464430306, 2776972.007226867601275 ], [ 286186.172776259947568, 2776540.361770778428763 ], [ 285917.972991628223099, 2776810.509662568569183 ], [ 285480.656757315271534, 2776720.989095320925117 ], [ 285344.881965352222323, 2776941.417586133349687 ], [ 285272.725391075015068, 2777036.74090020917356 ], [ 284626.358014094526879, 2777190.997548894491047 ], [ 284606.598626748600509, 2777472.760741878300905 ], [ 285022.86172294721473, 2777827.413150045089424 ], [ 285353.538471758598462, 2777938.542598078493029 ], [ 285705.488321698852815, 2777863.189517731312662 ], [ 285992.119118313712534, 2778574.490469325333834 ] ] ] } },
{ "type": "Feature", "properties": { "cluster": 14 }, "geometry": { "type": "Polygon", "coordinates": [ [ [ 496279.436263156414498, 2562173.328017172403634 ], [ 496658.253146981704049, 2562652.57845787378028 ], [ 496753.416053505847231, 2562546.283364878036082 ], [ 496947.743714723386802, 2561863.210395940579474 ], [ 496480.935982293041889, 2561590.986272935755551 ], [ 496151.341567205206957, 2561583.318568223621696 ], [ 495925.065152576542459, 2561344.262355627026409 ], [ 495908.672127235098742, 2561287.80882945144549 ], [ 495792.015803891583346, 2561408.506469046231359 ], [ 495738.914969678444322, 2561849.115638266783208 ], [ 496279.436263156414498, 2562173.328017172403634 ] ] ] } },
{ "type": "Feature", "properties": { "cluster": 15 }, "geometry": { "type": "Polygon", "coordinates": [ [ [ 550729.072878911625594, 2658552.43168357340619 ], [ 551172.054104539100081, 2658370.21669573802501 ], [ 551215.189929614192806, 2658250.794855935964733 ], [ 551045.084805080783553, 2658046.464413571171463 ], [ 550657.012192765017971, 2657939.902220779564232 ], [ 550627.424738187575713, 2657967.477127260062844 ], [ 550384.955627448391169, 2658095.054600170813501 ], [ 550220.911727163475007, 2658477.563970033079386 ], [ 550288.234154792036861, 2658706.988063421100378 ], [ 550229.716869308263995, 2659155.192953546531498 ], [ 550624.055936762713827, 2659206.407151190564036 ], [ 550729.072878911625594, 2658552.43168357340619 ] ] ] } },
{ "type": "Feature", "properties": { "cluster": 16 }, "geometry": { "type": "Polygon", "coordinates": [ [ [ 478724.675029186008032, 2676463.057639793027192 ], [ 479185.724736733478494, 2676461.266877428628504 ], [ 479334.024579051823821, 2676483.19368536118418 ], [ 479591.259306506311987, 2676695.399127415381372 ], [ 479770.819170684204437, 2676564.495385937392712 ], [ 479645.533448874193709, 2676302.274032451212406 ], [ 479408.61006000789348, 2676094.466873989906162 ], [ 479192.507239139580633, 2676238.714720377698541 ], [ 478724.675029186008032, 2676463.057639793027192 ] ] ] } },
{ "type": "Feature", "properties": { "cluster": 17 }, "geometry": { "type": "Polygon", "coordinates": [ [ [ 371673.593667232489679, 2787087.538363698404282 ], [ 371984.194219841388986, 2787110.076814779080451 ], [ 371951.116030784323812, 2786915.453609302639961 ], [ 371605.653233148274012, 2786723.784533310681581 ], [ 371223.372334768646397, 2786794.972408463712782 ], [ 371083.816791309975088, 2786744.241594202350825 ], [ 371290.325736476457678, 2787159.841837138403207 ], [ 371673.593667232489679, 2787087.538363698404282 ] ] ] } },
{ "type": "Feature", "properties": { "cluster": 18 }, "geometry": { "type": "Polygon", "coordinates": [ [ [ 374046.641192903276533, 2712621.671938246116042 ], [ 374239.107128615782131, 2712729.579657562077045 ], [ 374376.283493025810458, 2712660.790424284059554 ], [ 374393.186582658905536, 2712512.23682734137401 ], [ 373996.434679265716113, 2712447.142897309735417 ], [ 374046.641192903276533, 2712621.671938246116042 ] ] ] } },
{ "type": "Feature", "properties": { "cluster": 19 }, "geometry": { "type": "Polygon", "coordinates": [ [ [ 302234.929915124550462, 2759910.367404169403017 ], [ 302184.930753190186806, 2759875.63486285507679 ], [ 301968.580051543773152, 2759723.647318516392261 ], [ 301733.814017216383945, 2759975.21569523634389 ], [ 302020.910193214192986, 2760059.702123167924583 ], [ 302108.95420565479435, 2760000.818973304703832 ], [ 302234.929915124550462, 2759910.367404169403017 ] ] ] } },
{ "type": "Feature", "properties": { "cluster": 20 }, "geometry": { "type": "Polygon", "coordinates": [ [ [ 459053.089430496678688, 2921001.349873162806034 ], [ 459612.126612913911231, 2921173.462071842048317 ], [ 459279.979940664372407, 2920844.467292613815516 ], [ 458927.845677208562847, 2920820.115026507060975 ], [ 458849.380288448883221, 2920921.151183517184108 ], [ 458887.841644128086045, 2921097.125079908408225 ], [ 459053.089430496678688, 2921001.349873162806034 ] ] ] } },
{ "type": "Feature", "properties": { "cluster": 21 }, "geometry": { "type": "Polygon", "coordinates": [ [ [ 479213.001989703101572, 2769227.736065291333944 ], [ 478823.505609518324491, 2769160.78924242220819 ], [ 478494.921965054410975, 2769340.685169559903443 ], [ 478759.514744071639143, 2769528.511941038072109 ], [ 478999.49001299351221, 2769456.166317582596093 ], [ 479213.001989703101572, 2769227.736065291333944 ] ] ] } },
{ "type": "Feature", "properties": { "cluster": 22 }, "geometry": { "type": "MultiPolygon", "coordinates": [ [ [ [ 546579.699368419940583, 2653749.77467113500461 ], [ 546141.205704641994089, 2653777.142649465706199 ], [ 546471.76529583404772, 2654098.184079084079713 ], [ 546352.250324341119267, 2654569.453249194193631 ], [ 546696.073747478541918, 2654870.614372275304049 ], [ 547295.385334687656723, 2654490.604829989373684 ], [ 546804.467286405619234, 2654381.596590022556484 ], [ 546579.699368419940583, 2653749.77467113500461 ] ] ], [ [ [ 548449.96193291246891, 2654752.435409207828343 ], [ 548063.630065784323961, 2654701.310962760820985 ], [ 547913.176143840653822, 2654677.556227762717754 ], [ 547676.274855481809936, 2654651.300764253363013 ], [ 547295.385334687656723, 2654490.604829989373684 ], [ 547725.047140884562396, 2654971.437353708315641 ], [ 548076.532882222905755, 2654796.571532739326358 ], [ 548449.96193291246891, 2654752.435409207828343 ] ] ] ] } },
{ "type": "Feature", "properties": { "cluster": 23 }, "geometry": { "type": "Polygon", "coordinates": [ [ [ 556071.444439465645701, 2651842.867433858569711 ], [ 556380.210172889637761, 2651712.322501866612583 ], [ 556770.671816314919852, 2651762.578917284496129 ], [ 557162.152710071881302, 2651811.742902122903615 ], [ 557160.669599456014112, 2651673.338333668652922 ], [ 557217.078787929611281, 2651049.10871895076707 ], [ 557110.699284336180426, 2650936.858868798706681 ], [ 556665.0247514359653, 2651465.434719897340983 ], [ 556181.183965964708477, 2651357.241664970293641 ], [ 555807.07564218970947, 2650761.222618462983519 ], [ 555697.340548090985976, 2651247.957917616702616 ], [ 555675.837406377424486, 2651545.707504265476018 ], [ 555930.59670022316277, 2651959.679333249572664 ], [ 556071.444439465645701, 2651842.867433858569711 ] ] ] } },
{ "type": "Feature", "properties": { "cluster": 24 }, "geometry": { "type": "Polygon", "coordinates": [ [ [ 344751.746280465158634, 2685412.483214800711721 ], [ 345092.942266081809066, 2685324.56647190824151 ], [ 345551.699844930786639, 2685309.581290263216943 ], [ 346128.9214558613603, 2685264.524995356798172 ], [ 346299.140224184491672, 2685418.841232349630445 ], [ 346454.964611529256217, 2685584.945034828502685 ], [ 346655.617923355544917, 2685522.405565193388611 ], [ 347019.366553772939369, 2685360.084541893564165 ], [ 347403.811065529996995, 2685609.563175382092595 ], [ 347293.286523144575767, 2686186.689046485349536 ], [ 347417.598226849455386, 2686322.684745281469077 ], [ 347227.934169843618292, 2687091.167683971580118 ], [ 346668.480955055914819, 2686895.648829980287701 ], [ 346363.124940675217658, 2687195.793285995721817 ], [ 346325.724539567483589, 2687210.598328094463795 ], [ 346510.582235095964279, 2687499.88009006716311 ], [ 347045.047241362801287, 2688014.64125154260546 ], [ 346969.92084801645251, 2688388.7052106494084 ], [ 346658.404957289341837, 2688960.266986784990877 ], [ 346734.555247015145142, 2689710.373243133537471 ], [ 346372.250841213564854, 2689994.527209005784243 ], [ 346648.318647232139483, 2689900.704488167539239 ], [ 347026.818943770718761, 2689799.131650864612311 ], [ 347241.437724199786317, 2690497.898993119597435 ], [ 347259.800853120570537, 2691069.206370924599469 ], [ 347483.289752635289915, 2691088.940192204434425 ], [ 347685.777789524872787, 2691795.596861558035016 ], [ 347500.752392112393863, 2692140.942891226615757 ], [ 347508.798943393514492, 2692509.676989451982081 ], [ 347635.680047887028195, 2692512.735725555568933 ], [ 348033.977337527088821, 2692841.815855154301971 ], [ 348217.856287154252641, 2692672.592364049050957 ], [ 348663.708429983933456, 2692612.421688907779753 ], [ 348803.76105797116179, 2692708.38493977393955 ], [ 348924.367413016385399, 2692978.445470672100782 ], [ 349110.138921634294093, 2692985.316487211268395 ], [ 349407.77902814396657, 2693015.360915555153042 ], [ 349730.018123611225747, 2693354.1588473492302 ], [ 349892.034794774721377, 2693417.778668429236859 ], [ 350036.000747986661736, 2693406.278228979092091 ], [ 350119.209056729567237, 2693406.50077769998461 ], [ 350670.77671635011211, 2693269.954999004956335 ], [ 350728.937234912649728, 2693300.350575292017311 ], [ 351079.300616361026186, 2693327.656311497557908 ], [ 351114.591988505795598, 2693018.275890743359923 ], [ 351153.925582781434059, 2692899.352302715647966 ], [ 351580.290294453967363, 2692626.829970689024776 ], [ 351984.768716717197094, 2692684.600959892850369 ], [ 352575.023499609320424, 2692459.122864405624568 ], [ 352905.591537115164101, 2692435.734909389633685 ], [ 353311.671555506589357, 2692355.084391247015446 ], [ 353785.617769389064051, 2692653.628353899344802 ], [ 354141.638949715474155, 2692638.865576690528542 ], [ 354616.804526884341612, 2692566.398489235434681 ], [ 355098.05048934801016, 2692492.77768389089033 ], [ 355358.562718975765165, 2692465.73731858516112 ], [ 355598.544691111601423, 2692415.653882422018796 ], [ 356108.424813713296317, 2692860.098742505069822 ], [ 356368.526434983243234, 2692992.56502548744902 ], [ 356761.554619877191726, 2693225.577050524298102 ], [ 356889.009463764436077, 2693186.626617726869881 ], [ 357252.756408822839148, 2693034.530207978561521 ], [ 357599.299363324360456, 2692986.724577759858221 ], [ 358131.245869109930936, 2693414.402100084815174 ], [ 358464.280410486680921, 2693335.742736166343093 ], [ 358870.960520981752779, 2693619.619722864124924 ], [ 359096.488230260903947, 2693647.266193331684917 ], [ 359115.853078543557785, 2693655.932741306722164 ], [ 359423.606505286705215, 2693992.867043934762478 ], [ 359628.815179850964341, 2694222.292076822370291 ], [ 360260.539585185819305, 2694185.002585136797279 ], [ 360394.443308096728288, 2694387.457442541606724 ], [ 360396.567209483357146, 2694704.184859681874514 ], [ 360762.37106461066287, 2694966.367219078354537 ], [ 360868.772700866451487, 2695159.130227591376752 ], [ 361270.627166327321902, 2695272.562389605678618 ], [ 361488.179109953984153, 2695421.042306323070079 ], [ 361401.687229797011241, 2694879.214147398713976 ], [ 361552.617908833140973, 2694545.477827175054699 ], [ 361883.472848090576008, 2693935.317727704066783 ], [ 362430.908464149048086, 2693888.985386492218822 ], [ 362617.524006398045458, 2693361.102036505471915 ], [ 362987.237348226481117, 2693087.273812269791961 ], [ 363413.099698066012934, 2692847.244491109624505 ], [ 363560.28244963940233, 2692643.147704938426614 ], [ 363863.186372972675599, 2692487.38569296291098 ], [ 364216.822131654364057, 2692014.39940983755514 ], [ 363946.371673486777581, 2691328.145716909784824 ], [ 364248.139059705194086, 2690945.369588853325695 ], [ 364321.637453184463084, 2690568.116311749909073 ], [ 364879.936068981420249, 2690158.527179505676031 ], [ 365030.395913327345625, 2690079.563631527125835 ], [ 364986.851688840077259, 2689877.310290055349469 ], [ 365041.180176276189741, 2689509.105893826112151 ], [ 364769.743474434944801, 2689037.699559100437909 ], [ 365231.196143251378089, 2688682.216005087364465 ], [ 365491.853273639164399, 2688555.693222239613533 ], [ 365894.737374137213919, 2688228.478235493414104 ], [ 366254.9687052735826, 2688165.037652660626918 ], [ 366640.221262492239475, 2688493.859563694801182 ], [ 366606.247250012354925, 2689087.787759400904179 ], [ 366863.518789760535583, 2689463.009040350094438 ], [ 366893.313862552226055, 2689501.489769157022238 ], [ 367018.009341719327495, 2689917.833098158240318 ], [ 366920.71139475889504, 2690146.890273607801646 ], [ 366839.934926267364062, 2690405.694360172376037 ], [ 366815.904933470068499, 2690440.252922893967479 ], [ 366369.927201457321644, 2690819.904476388823241 ], [ 366948.225000800506677, 2691342.706693374551833 ], [ 366951.74084348208271, 2692038.170264728367329 ], [ 367530.684077342157252, 2691880.996135389897972 ], [ 368020.288507480639964, 2691826.569790816865861 ], [ 368333.862947854562663, 2691937.708783745765686 ], [ 368486.97691446938552, 2692034.845272520557046 ], [ 368630.245401813823264, 2692055.659451043233275 ], [ 368927.828478369046934, 2692085.00725589459762 ], [ 369152.044196160277352, 2692299.989294715225697 ], [ 369531.168278217723127, 2692150.290677559096366 ], [ 369829.822394517890643, 2692186.292186111677438 ], [ 369983.151035010581836, 2692198.167320340871811 ], [ 370345.030286565131973, 2692158.289220587816089 ], [ 370798.124668092117645, 2692217.256209784653038 ], [ 371204.28319692768855, 2692137.126027905382216 ], [ 371234.078206360107288, 2692955.268085998017341 ], [ 371630.755844929721206, 2692616.090001799631864 ], [ 372051.703539417008869, 2692713.042498338036239 ], [ 372097.590024136588909, 2692738.097693732473999 ], [ 372342.990272881113924, 2692946.290502186864614 ], [ 372725.79923465277534, 2692866.414835241623223 ], [ 373257.049754857318476, 2693271.386770008131862 ], [ 373622.434263591072522, 2693398.785529692191631 ], [ 374004.122680279368069, 2693307.879776088986546 ], [ 374423.527345950889867, 2693691.744418361689895 ], [ 374805.034675310482271, 2693580.927707240916789 ], [ 374835.518665545270778, 2693586.194191968999803 ], [ 375143.51432845328236, 2693766.191036341711879 ], [ 375498.266084404021967, 2693612.439947778824717 ], [ 376141.337996465910692, 2693940.114104613661766 ], [ 376570.824611165153328, 2693978.428452716674656 ], [ 376770.985428138345014, 2694128.396015133708715 ], [ 376936.919736956479028, 2694077.111003939528018 ], [ 377117.453963996551465, 2693954.824570492841303 ], [ 377301.769539613917004, 2693800.391993242315948 ], [ 377698.685609370004386, 2693242.116187593434006 ], [ 378148.687087624275591, 2693069.888979436364025 ], [ 378394.571614313288592, 2693228.343500584829599 ], [ 378556.819790179491974, 2693453.968394861090928 ], [ 378662.418274370604195, 2693581.521076778881252 ], [ 378898.733272801968269, 2693808.72690976690501 ], [ 379049.710435600019991, 2693904.884270566049963 ], [ 379419.266572962689679, 2693936.047533550765365 ], [ 379766.615347610088065, 2694337.291121567133814 ], [ 379992.54806879919488, 2694540.239142367150635 ], [ 380041.177645959251095, 2694651.675250833388418 ], [ 380218.225184304523282, 2694952.496586957480758 ], [ 380596.972575041872915, 2695114.287461625412107 ], [ 380793.987578952801414, 2695499.11045839311555 ], [ 381199.386095778434537, 2695455.81731943320483 ], [ 381570.251702335954178, 2695286.580057635437697 ], [ 381566.258268565754406, 2695052.947337219957262 ], [ 381690.907109858060721, 2694554.667183015029877 ], [ 381582.347372527816333, 2694553.364434379152954 ], [ 381207.378387766075321, 2694117.98156964359805 ], [ 381284.200099137902725, 2693843.800704843830317 ], [ 381359.063007595716044, 2693698.09793551499024 ], [ 381481.27218699187506, 2693391.421354725491256 ], [ 381920.060076720837969, 2693087.627928719390184 ], [ 382360.904872306564357, 2692784.939451869577169 ], [ 382754.088902502553537, 2692849.216473906766623 ], [ 382822.21570401370991, 2692500.921748312190175 ], [ 382960.412558629061095, 2692281.613366298843175 ], [ 383162.370894146035425, 2692164.767611792311072 ], [ 383000.722336251405068, 2691881.502576118335128 ], [ 383112.454475653823465, 2691283.680833607446402 ], [ 383100.505980610032566, 2690943.804408894851804 ], [ 383204.371405501908157, 2690742.502827596385032 ], [ 383460.332139713049401, 2690034.966656449716538 ], [ 383914.838271150249057, 2690267.099033392034471 ], [ 384597.252253107668366, 2690698.927549874410033 ], [ 384939.741681952786166, 2690638.545655809808522 ], [ 385457.924837550730444, 2690470.434406933374703 ], [ 385681.776754051505122, 2690294.757282757665962 ], [ 385711.059512359381188, 2690276.801703159697354 ], [ 386246.594397074717563, 2690118.546636665705591 ], [ 386820.278733267448843, 2689654.365227743983269 ], [ 386867.84730024280725, 2689638.480391844175756 ], [ 387356.115872285910882, 2689784.074029727373272 ], [ 387441.892517892993055, 2689978.291112268809229 ], [ 387471.119498830230441, 2690589.339698462281376 ], [ 387532.839971647888888, 2691203.451786132995039 ], [ 387837.1474405140616, 2691828.921802389901131 ], [ 388045.969575498544145, 2692315.623649538028985 ], [ 387950.594594871043228, 2692698.43263867078349 ], [ 387521.622399026702624, 2692850.239681412931532 ], [ 387481.215842330479063, 2693253.654971134848893 ], [ 387471.822474615590181, 2693347.858814699575305 ], [ 387602.48964357591467, 2693703.398419346660376 ], [ 387186.222913961391896, 2694170.725222149863839 ], [ 387276.957937944680452, 2694733.665926934219897 ], [ 387172.054083171882667, 2694934.945438568945974 ], [ 387558.059225863777101, 2695508.814441882539541 ], [ 387413.413124864455312, 2695940.749445644207299 ], [ 386908.315458084805869, 2696199.500453430693597 ], [ 387645.029662409913726, 2696505.002940215636045 ], [ 387503.372176266042516, 2696789.407961641903967 ], [ 387426.419415310258046, 2696932.878272003494203 ], [ 387532.168673109845258, 2697473.55303284432739 ], [ 387441.428941604099236, 2697668.074354347307235 ], [ 387822.173354542814195, 2697846.647548820823431 ], [ 388009.47187945060432, 2698442.045454957988113 ], [ 387921.704352400091011, 2698627.680994767695665 ], [ 387911.829093029315118, 2698788.333274285774678 ], [ 388002.95546257524984, 2699024.591677235905081 ], [ 387512.570755431952421, 2699461.501899157185107 ], [ 387993.400901685934514, 2699989.217323706950992 ], [ 388347.56988572672708, 2700277.646824188530445 ], [ 388860.150452802074142, 2700340.028115627355874 ], [ 389079.857686739997007, 2700168.859853849746287 ], [ 389302.309360651648603, 2699830.456215723417699 ], [ 389714.753103239054326, 2699665.533989371731877 ], [ 389863.526480692496989, 2699627.823471730109304 ], [ 390299.701896223588847, 2699903.476963222958148 ], [ 390308.992017440963537, 2699924.445002552587539 ], [ 390457.897702625778038, 2700034.023395458236337 ], [ 390690.758481956436299, 2699856.134607098996639 ], [ 390945.332349269592669, 2699469.891424400731921 ], [ 391338.498941163532436, 2699431.410524016711861 ], [ 391815.660896554356441, 2699370.146304592490196 ], [ 392150.19950714125298, 2699223.615416844841093 ], [ 392090.609168017748743, 2698858.634163268841803 ], [ 392352.838521757454146, 2698537.696616023313254 ], [ 392412.845075528603047, 2698427.606097044888884 ], [ 392442.404162032878958, 2698314.4265270777978 ], [ 392540.533112302538939, 2698016.896887869108468 ], [ 392797.463575664325617, 2697795.674250200390816 ], [ 392835.36390633659903, 2697445.451910076662898 ], [ 392855.267730436520651, 2697395.468032250646502 ], [ 393074.206596319505479, 2696977.4264498911798 ], [ 393286.406900264788419, 2696872.829249055590481 ], [ 393884.557671929884236, 2697241.493732918519527 ], [ 394062.566518405044917, 2696636.630626302678138 ], [ 394441.402302170929033, 2696569.556509674992412 ], [ 394819.200289294705726, 2696091.663980206940323 ], [ 394766.021179902425501, 2695762.063407604582608 ], [ 394813.259033479611389, 2695567.919773861765862 ], [ 394739.464712948771194, 2695330.385527742560953 ], [ 395001.804725865658838, 2694871.081766494549811 ], [ 394596.379950777336489, 2694373.576426019892097 ], [ 394539.226555691333488, 2694327.494407799560577 ], [ 394270.324846386676654, 2694047.129146979190409 ], [ 394243.40182727354113, 2693974.244442332535982 ], [ 394195.001239234639797, 2693878.266155632678419 ], [ 393853.159452355757821, 2693883.051739775110036 ], [ 393705.325593760469928, 2693785.6095787640661 ], [ 393345.23032982024597, 2693657.65975156892091 ], [ 393220.723337250878103, 2693694.038669263012707 ], [ 392707.052324257907458, 2693916.093965970911086 ], [ 392113.877500861359295, 2693822.065918067004532 ], [ 391719.280136767600197, 2693430.863959973212332 ], [ 391550.745419205864891, 2693150.884346535429358 ], [ 391345.084934071870521, 2692793.675778226461262 ], [ 391854.957534611399751, 2692337.943734594155103 ], [ 391999.09131430205889, 2692081.034157462418079 ], [ 391930.566016436030623, 2691744.915510821156204 ], [ 392097.204880779841915, 2691378.204528150614351 ], [ 392318.185904412413947, 2691084.168134436011314 ], [ 392155.794408615096472, 2690945.878876502159983 ], [ 392059.629211907566059, 2690710.742665691766888 ], [ 392062.900084806373343, 2690607.731477844063193 ], [ 392086.843936480290722, 2690421.508867018856108 ], [ 392083.610874202975538, 2690131.400671899784356 ], [ 392005.240365722798742, 2689968.108251044061035 ], [ 391977.021362180239521, 2689860.908576835412532 ], [ 391837.982058765017428, 2689593.987910789437592 ], [ 391833.863744147703983, 2689586.267822713591158 ], [ 391418.961518386087846, 2689209.622045773081481 ], [ 391276.042475974885747, 2689099.983966460451484 ], [ 390648.455242773285136, 2688914.36084625357762 ], [ 390066.242813042714261, 2688823.64651260478422 ], [ 389789.922025177162141, 2688917.713184523861855 ], [ 389350.909894045093097, 2688841.414608133025467 ], [ 389200.155941185774282, 2688770.616563418880105 ], [ 389149.146618557220791, 2688736.687905439175665 ], [ 389039.632086120371241, 2688619.05762202013284 ], [ 388519.107718877785373, 2688246.644995783921331 ], [ 388440.231071275135037, 2688025.790185963734984 ], [ 388213.409015260287561, 2687834.89771391870454 ], [ 387805.37582714506425, 2687958.837744909338653 ], [ 387514.444461571867578, 2688257.932150070555508 ], [ 386877.008838258800097, 2687995.033572770655155 ], [ 386618.826705487153959, 2688578.485639492981136 ], [ 386094.355239310185425, 2688354.582103898748755 ], [ 386035.139053469814826, 2688059.384829588234425 ], [ 385793.201156724942848, 2687634.990838545840234 ], [ 385777.342240975587629, 2687556.493857626337558 ], [ 385771.366991390008479, 2687319.559260523878038 ], [ 385291.439509217627347, 2687338.950619067531079 ], [ 385104.486236761847977, 2687189.863239753060043 ], [ 384662.250164977507666, 2686853.493860077578574 ], [ 384177.428721079370007, 2686649.267093779984862 ], [ 384069.534417558927089, 2686117.491376525722444 ], [ 383799.949497172725387, 2685798.557917875703424 ], [ 383627.638893011724576, 2685582.924128552898765 ], [ 383905.972671930096112, 2684988.176855705212802 ], [ 383934.135574762534816, 2684708.880880279000849 ], [ 383857.590584846795537, 2684535.647292098030448 ], [ 383807.537219393067062, 2684374.377875640522689 ], [ 383429.166176001774147, 2684040.840347114484757 ], [ 382850.672544522327371, 2683940.414585544727743 ], [ 382701.842083194234874, 2684112.187673095148057 ], [ 382632.448834625596646, 2684191.388799610547721 ], [ 382615.889560044277459, 2684275.688903654925525 ], [ 382597.73270700010471, 2684656.786804092116654 ], [ 382246.639867142075673, 2684919.945443397387862 ], [ 381705.094408284407109, 2684864.663977163843811 ], [ 381413.811264032381587, 2684388.701987217180431 ], [ 381031.53418626927305, 2684201.43667821586132 ], [ 380991.384788042865694, 2683773.206497107632458 ], [ 380534.357277882634662, 2683753.801574020180851 ], [ 380218.825778277299833, 2683659.016354197636247 ], [ 379950.949407955631614, 2683317.987815580330789 ], [ 379608.088921664573718, 2683354.122326080221683 ], [ 379330.675400256179273, 2683445.077921262476593 ], [ 379087.343966542219277, 2683603.300388899631798 ], [ 378514.275932433491107, 2683432.128204882144928 ], [ 378320.453494898742065, 2683679.640466866083443 ], [ 377572.331498987739906, 2683929.725650087464601 ], [ 377667.569983793713618, 2683319.819332865532488 ], [ 377724.493381321779452, 2682974.919183684978634 ], [ 377537.591988047177438, 2682848.073724059853703 ], [ 377266.523105878964998, 2683085.194924619980156 ], [ 377059.672471295110881, 2683350.556984318420291 ], [ 376697.469511987234, 2683380.285827398300171 ], [ 376649.763765220122878, 2683381.808915846981108 ], [ 376549.95224426605273, 2683462.413861601613462 ], [ 376450.876345401688013, 2683743.457620503380895 ], [ 375848.282058564713225, 2684145.191398047376424 ], [ 375553.990098322276026, 2684159.958375144284219 ], [ 375430.606194753781892, 2684329.373881495557725 ], [ 375375.92353457439458, 2684460.532569612376392 ], [ 374894.051386215782259, 2684845.743318178225309 ], [ 374718.798207162530161, 2685117.508966254070401 ], [ 374089.631221038638614, 2685145.244645132683218 ], [ 373702.21133287216071, 2685301.525730032473803 ], [ 373242.503116298408713, 2685320.035213896073401 ], [ 372602.238403373281471, 2685354.581796218175441 ], [ 372502.892320122569799, 2685482.833424737676978 ], [ 372023.325858402182348, 2685662.142045910935849 ], [ 371783.025774471519981, 2685582.367547908332199 ], [ 371231.727086023136508, 2685240.744370176456869 ], [ 371227.434774592344183, 2685215.312060264404863 ], [ 371189.16306477895705, 2684914.433708542492241 ], [ 371152.873509458499029, 2684719.852754232473671 ], [ 371029.002705724269617, 2684384.316218143794686 ], [ 370993.608608375885524, 2684288.290617298334837 ], [ 370893.303098295000382, 2684199.501930647995323 ], [ 370662.518939923553262, 2683942.465689795091748 ], [ 370631.509074632194825, 2683771.094023682642728 ], [ 370395.20902590022888, 2683689.089638866484165 ], [ 370172.85371355956886, 2683245.931203245185316 ], [ 369971.980806399194989, 2682932.150529259815812 ], [ 369734.993078949162737, 2682644.95122761791572 ], [ 369614.457867971854284, 2682588.805270430631936 ], [ 369505.177752150630113, 2682520.042311973869801 ], [ 368951.37324047088623, 2682694.598070411477238 ], [ 368580.413811935228296, 2682329.252487662713975 ], [ 368044.271994740818627, 2681783.830188839230686 ], [ 368447.208476247615181, 2681434.554939729627222 ], [ 368346.956183578120545, 2681246.110833177808672 ], [ 367922.539977576700039, 2680925.575349966064095 ], [ 367814.026787668350153, 2680832.453132071066648 ], [ 367662.253553218208253, 2680674.395429166499525 ], [ 367409.552994171215687, 2680583.730824303813279 ], [ 367140.288317079422995, 2680351.470596736762673 ], [ 366950.784047383291181, 2680178.269143542740494 ], [ 366690.64872572128661, 2680054.46251789201051 ], [ 366317.299691983149387, 2679772.252627186477184 ], [ 366129.043964870157652, 2679625.628690708428621 ], [ 366011.683023402292747, 2679565.826738877221942 ], [ 365780.308687069977168, 2679478.310457824263722 ], [ 365647.480967884417623, 2679394.293510192539543 ], [ 365474.544496073329356, 2679364.924172857776284 ], [ 365281.985613513330463, 2679301.411779313348234 ], [ 364891.911099671036936, 2679187.731432994361967 ], [ 364665.009307678905316, 2678985.012959362939 ], [ 364402.630332877160981, 2678896.706640623509884 ], [ 364251.698700554785319, 2678832.809674695599824 ], [ 364113.957730177266058, 2678767.680374753195792 ], [ 363888.788995147391688, 2678694.531331621110439 ], [ 363734.566916090203449, 2678711.516909124329686 ], [ 363192.249581503798254, 2678507.42458131397143 ], [ 363355.646810034464579, 2679020.826401947531849 ], [ 363416.209881919552572, 2679403.43018629681319 ], [ 364032.589700276264921, 2679815.024043115787208 ], [ 363855.390578314138111, 2680187.729439115151763 ], [ 363583.163246325682849, 2680604.54386024037376 ], [ 363303.311977818375453, 2680650.432293734513223 ], [ 363019.932733291410841, 2680541.313082219101489 ], [ 362817.967356533976272, 2680764.763128723483533 ], [ 362617.182285434158985, 2681423.446193519979715 ], [ 362369.823532645124942, 2681676.138912179041654 ], [ 362437.187526515452191, 2682129.553646188694984 ], [ 362393.655498005100526, 2682456.685031364671886 ], [ 361853.519428328436334, 2682672.367233544122428 ], [ 361471.151957957772538, 2682614.083607500884682 ], [ 361069.48176409926964, 2682037.693076423835009 ], [ 360836.164035903930198, 2681752.035604084841907 ], [ 360196.087400350137614, 2681925.570605788379908 ], [ 359907.730336264008656, 2681929.527348756790161 ], [ 359660.333622086676769, 2682070.413849188480526 ], [ 359333.713841434800997, 2682106.879158149007708 ], [ 359021.49454094725661, 2682467.70675335265696 ], [ 358943.974835762346629, 2682534.928891944233328 ], [ 358597.292163763719145, 2682594.869397863280028 ], [ 358059.828144164814148, 2682464.023648018483073 ], [ 357915.903454573242925, 2681984.809109994210303 ], [ 358312.862743666977622, 2681670.731158820446581 ], [ 358791.11762887617806, 2681156.504683732055128 ], [ 359164.703536921180785, 2680632.261566396802664 ], [ 359697.773372162249871, 2680621.436374321114272 ], [ 359790.072036860277876, 2680609.447910822462291 ], [ 359754.059196774265729, 2680254.298100263345987 ], [ 359422.121058057236951, 2680065.989541626535356 ], [ 359289.42661632981617, 2679896.751584390643984 ], [ 359253.12446741014719, 2679820.694658204447478 ], [ 359302.868847505596932, 2679204.432706570718437 ], [ 359603.398995205760002, 2679090.704414587467909 ], [ 360054.026990401151124, 2679468.335049178916961 ], [ 360311.562789307208732, 2679526.707416877150536 ], [ 360574.184832476603333, 2679586.14180818432942 ], [ 361200.249004412209615, 2679318.631519269198179 ], [ 361236.185388842481188, 2679046.945372032467276 ], [ 361488.522356398752891, 2678780.896737621631473 ], [ 361687.115667327307165, 2678731.336697523947805 ], [ 361587.13234254316194, 2678581.69416147377342 ], [ 361633.387073372490704, 2678117.206865096464753 ], [ 361499.138394177367445, 2678203.793249411508441 ], [ 360964.167695044016, 2678029.61360910627991 ], [ 360397.282981657306664, 2677813.682787832804024 ], [ 360041.687503176450264, 2677703.114579308778048 ], [ 359829.573790245631244, 2677721.820861059240997 ], [ 359709.181273451191373, 2678284.509574483614415 ], [ 359121.673460188321769, 2678652.483410456217825 ], [ 359017.651084516197443, 2678610.324663786683232 ], [ 358611.799624789913651, 2678552.344747263006866 ], [ 358430.973715834203176, 2678549.718455782625824 ], [ 358114.76983497175388, 2678518.545542614068836 ], [ 358048.476717838551849, 2678491.521321902051568 ], [ 357774.151426238415297, 2678787.757576137781143 ], [ 357825.777055653859861, 2679276.756210951134562 ], [ 357409.764172485040035, 2679520.154782502911985 ], [ 356986.102851978270337, 2679003.893646480515599 ], [ 356471.760195224371273, 2678964.789726710412651 ], [ 356068.513815787388012, 2678563.527798952534795 ], [ 356363.506311059056316, 2678104.243747799191624 ], [ 356535.206636300310493, 2678007.260670215822756 ], [ 356470.390139338443987, 2677624.718658320605755 ], [ 356648.875918165431358, 2677193.201929866336286 ], [ 356946.753057985915802, 2676914.427629597950727 ], [ 356860.503088562923949, 2676823.374323280528188 ], [ 356547.893232837261166, 2676750.112391197122633 ], [ 356029.197049012640491, 2676790.804201339371502 ], [ 355797.778405402670614, 2676610.41433373093605 ], [ 355445.575342150230426, 2676540.900841005146503 ], [ 355071.518413045094348, 2676520.349508982151747 ], [ 354924.407825626491103, 2676439.896190678235143 ], [ 354522.125852252473123, 2676342.121541554573923 ], [ 354273.034625202184543, 2676422.202322878874838 ], [ 354195.982023419928737, 2676437.391193245537579 ], [ 353946.01671537803486, 2676432.208044969476759 ], [ 353553.758481448167004, 2676322.174553341697901 ], [ 353426.115488413488492, 2676652.425301931332797 ], [ 353217.268516061711125, 2676791.915994863491505 ], [ 352698.743943588226102, 2676946.803295489400625 ], [ 352603.834206788451411, 2677394.121223286725581 ], [ 352357.224942555883899, 2677710.114943900611252 ], [ 352066.928330196067691, 2677829.429112951736897 ], [ 351661.047119946335442, 2678066.248317023273557 ], [ 351465.766164271684829, 2678236.636415362823755 ], [ 351181.629419166012667, 2678554.153939493466169 ], [ 351200.008109562681057, 2678950.458320671226829 ], [ 351002.152198435040191, 2679164.074994002934545 ], [ 350818.427448185975663, 2679368.685873598791659 ], [ 350744.212412569497246, 2679844.600484557449818 ], [ 350535.743372807570267, 2680301.995502593461424 ], [ 350323.320252145815175, 2680768.296778182964772 ], [ 350318.429918038018513, 2680786.069091449026018 ], [ 350245.284441854455508, 2680976.231530420016497 ], [ 350275.581349378102459, 2681248.366646802984178 ], [ 350245.623715626890771, 2681392.663762573152781 ], [ 350214.622854238492437, 2681726.361860400997102 ], [ 349508.067187934764661, 2681846.820623346604407 ], [ 349425.538273649755865, 2681725.867553503252566 ], [ 349233.835052603564691, 2681079.991467626299709 ], [ 348665.831507791299373, 2681338.568192404694855 ], [ 348132.862447926658206, 2681074.0285419896245 ], [ 348043.93929224513704, 2680926.569868083577603 ], [ 347422.580305385577958, 2680661.895820274483413 ], [ 347309.440238784183748, 2680624.349949449766427 ], [ 346995.058396147098392, 2680573.470402808394283 ], [ 346550.365910330903716, 2680588.246474741026759 ], [ 345936.36591289419448, 2680444.279523350298405 ], [ 345734.044624393514823, 2680425.436581336893141 ], [ 345656.873096363735385, 2680520.419711728114635 ], [ 345041.906744633219205, 2680568.110333652235568 ], [ 344693.570950192050077, 2680385.851781606208533 ], [ 344504.693334856186993, 2680204.06617735279724 ], [ 344054.010712035815232, 2680598.882823559455574 ], [ 343784.466594061581418, 2680563.086350227240473 ], [ 343631.558804456493817, 2680696.574006973300129 ], [ 343185.742627978092059, 2680793.429117868188769 ], [ 342779.57329450774705, 2680618.501839972566813 ], [ 342611.807366281631403, 2680510.713625201024115 ], [ 342269.161866055976134, 2680934.296367799863219 ], [ 341943.531182936974801, 2681242.510382213164121 ], [ 342116.546155636548065, 2682003.706464435439557 ], [ 342063.456337952113245, 2682069.645850440021604 ], [ 342018.584476348361932, 2682325.998423325363547 ], [ 342164.776821836945601, 2682412.975072612054646 ], [ 342632.475794291181955, 2682188.468758886680007 ], [ 342997.061453337548301, 2682463.532500891946256 ], [ 343213.820931075024419, 2682504.326502177864313 ], [ 343607.220928936207201, 2682907.56473324354738 ], [ 343539.510719158512075, 2683212.896865468006581 ], [ 343562.864186165854335, 2683304.567785798106343 ], [ 343582.047224705340341, 2683662.10371301881969 ], [ 343863.20312472776277, 2683743.17522308183834 ], [ 343988.365812520496547, 2684411.879312463104725 ], [ 343809.934069335984532, 2684896.75235206540674 ], [ 343381.963859643321484, 2685034.393881566822529 ], [ 343129.947863946203142, 2685106.964174021966755 ], [ 343312.668057207425591, 2685286.582483503036201 ], [ 343618.201918172300793, 2685830.346248248126358 ], [ 343923.193018170481082, 2685499.13300580624491 ], [ 344472.463615834596567, 2685590.548775354865938 ], [ 344751.746280465158634, 2685412.483214800711721 ] ] ] } },
{ "type": "Feature", "properties": { "cluster": 25 }, "geometry": { "type": "Polygon", "coordinates": [ [ [ 539260.014862055424601, 2648574.021596917882562 ], [ 539245.469913695356809, 2648683.590387935750186 ], [ 539164.659725053585134, 2649212.590983944945037 ], [ 539744.987341326312162, 2649524.965060879476368 ], [ 539394.435374712338671, 2648906.536871151532978 ], [ 539798.092516659060493, 2648646.360627529677004 ], [ 539734.025112134870142, 2648632.897342006210238 ], [ 539583.345641874009743, 2648663.48166906600818 ], [ 539260.014862055424601, 2648574.021596917882562 ] ] ] } },
{ "type": "Feature", "properties": { "cluster": 26 }, "geometry": { "type": "Polygon", "coordinates": [ [ [ 634359.124186973203905, 2879564.246610180009156 ], [ 634742.311896521481685, 2880061.142037905752659 ], [ 634519.089094611699693, 2880551.788898447994143 ], [ 635038.570586539106444, 2880155.037644069176167 ], [ 635235.585888417437673, 2880168.153927301988006 ], [ 635361.549848067690618, 2879408.433642802760005 ], [ 635039.608608790207654, 2879957.868784403894097 ], [ 634359.124186973203905, 2879564.246610180009156 ] ] ] } },
{ "type": "Feature", "properties": { "cluster": 27 }, "geometry": { "type": "Polygon", "coordinates": [ [ [ 413134.675914327148348, 2605949.973808299284428 ], [ 413335.145765910856426, 2605504.798164423555136 ], [ 413435.029060604458209, 2605308.232848341111094 ], [ 413678.361805304419249, 2604685.658056756015867 ], [ 414184.583824989967979, 2604849.867319882847369 ], [ 414422.413044970657211, 2605199.455159458331764 ], [ 414795.757297471747734, 2605335.675496713258326 ], [ 414883.053002404572908, 2605428.171628436539322 ], [ 415028.570390383480117, 2605704.124067981727421 ], [ 415119.861396719526965, 2605782.204797654878348 ], [ 415386.210707193182316, 2606128.32024609297514 ], [ 415449.749476269818842, 2606173.347704636398703 ], [ 415889.184108264977112, 2606449.826282771769911 ], [ 416067.877898034697864, 2606465.407462057191879 ], [ 416417.250738059810828, 2605987.314566753339022 ], [ 416694.536962312704418, 2605930.373202584683895 ], [ 417073.828746373881586, 2605862.893829669803381 ], [ 417494.618808203958906, 2605733.187833417207003 ], [ 417886.823519369820133, 2605964.597222179174423 ], [ 418057.166637457499746, 2605764.348538890480995 ], [ 418650.980573920416646, 2605728.925850016996264 ], [ 419123.94570084247971, 2605987.598393030464649 ], [ 419408.247020728304051, 2606276.11089501157403 ], [ 419470.828455089475028, 2606520.453484802972525 ], [ 419550.132933381129988, 2606465.765039572492242 ], [ 420167.681861786637455, 2606296.303614964708686 ], [ 420263.210505606839433, 2606221.601385453250259 ], [ 420595.319862112926785, 2605921.963300433475524 ], [ 420697.991277431079652, 2605846.11814939044416 ], [ 421096.063915316946805, 2605473.061045886017382 ], [ 421318.225660119613167, 2605409.862650502473116 ], [ 421230.059938159887679, 2605147.936259426642209 ], [ 421221.251033755368553, 2605028.408653351012617 ], [ 421189.868262359814253, 2604886.859101324342191 ], [ 421215.457737045479007, 2604710.68034806009382 ], [ 420940.834732738963794, 2604511.762432480696589 ], [ 420775.714944964798633, 2604178.288030386436731 ], [ 420482.86222032585647, 2603632.930726872291416 ], [ 420579.79727576643927, 2603061.101985433138907 ], [ 420649.523914519988466, 2602930.077375704888254 ], [ 420594.953397937235422, 2602844.013491695746779 ], [ 420714.070214861538261, 2602218.92193933064118 ], [ 421280.783357216510922, 2602242.438038666732609 ], [ 420813.372689518146217, 2601703.549322639591992 ], [ 420833.079395349777769, 2601004.817082620225847 ], [ 420687.522117494954728, 2600331.336301118135452 ], [ 420151.254753990157042, 2600850.18963044276461 ], [ 419855.098116208566353, 2601023.417843839153647 ], [ 420213.770080383634195, 2601643.692863014061004 ], [ 420135.758996259653941, 2601753.728104065638036 ], [ 419865.645548959961161, 2602018.710570704191923 ], [ 419398.150739544769749, 2602032.346688081976026 ], [ 419262.93916684971191, 2601950.05285408673808 ], [ 418817.204554372059647, 2601653.577660941053182 ], [ 418353.769271116238087, 2601298.533619136083871 ], [ 418256.963309752696659, 2601148.496892706956714 ], [ 417843.866343314526603, 2600854.082405902910978 ], [ 417907.717227567569353, 2600405.317169464193285 ], [ 417745.56387883546995, 2600256.756793906446546 ], [ 417550.623280130792409, 2599906.875820345245302 ], [ 417057.128209055168554, 2599848.763740232214332 ], [ 416883.659627760818694, 2599688.097475140821189 ], [ 416671.343556822510436, 2599519.903539563529193 ], [ 416600.88016853411682, 2599338.726340236607939 ], [ 416674.520337497582659, 2599000.617791692726314 ], [ 416539.240140110021457, 2598913.919505933299661 ], [ 416322.144585194473621, 2598805.545190623495728 ], [ 416135.841733271256089, 2598368.165160494390875 ], [ 416233.367920284625143, 2598100.77764221932739 ], [ 416573.904758281365503, 2597647.108889434020966 ], [ 416077.428133677574806, 2597260.211584824603051 ], [ 416028.331684278964531, 2596889.587172338273376 ], [ 416046.296032242942601, 2596816.410627319011837 ], [ 415981.269319107872434, 2596517.844179731793702 ], [ 415995.952228402544279, 2596049.423651408869773 ], [ 415448.71582686691545, 2595905.308432636316866 ], [ 415087.389984189416282, 2596121.078399825841188 ], [ 414767.888803973735776, 2596326.650287517812103 ], [ 413952.995205300976522, 2596170.860012230463326 ], [ 413857.394554058031645, 2595891.302770897746086 ], [ 413456.021218797017355, 2595373.285025103017688 ], [ 413327.280169240199029, 2595365.186379898805171 ], [ 413185.783272656146437, 2595791.180904816836119 ], [ 412871.869421971321572, 2595902.650760016869754 ], [ 412453.240163582551759, 2595922.854614446870983 ], [ 412116.768924094503745, 2595676.85339698754251 ], [ 411881.29387412359938, 2595583.045575890224427 ], [ 411435.333784856949933, 2595476.115179718937725 ], [ 411269.623114025453106, 2595435.041712109465152 ], [ 410697.792031493852846, 2595290.142261233646423 ], [ 410625.960728327685501, 2595235.219364118296653 ], [ 410597.356038098689169, 2595234.286175988148898 ], [ 410421.622102327004541, 2595225.39166282210499 ], [ 410278.226564360200427, 2595159.834902589209378 ], [ 410144.157398192968685, 2595116.366338226478547 ], [ 409974.882113030878827, 2595161.69012040225789 ], [ 409593.641478232922964, 2595119.742815664038062 ], [ 409421.813143974170089, 2595082.049066134728491 ], [ 409103.556855937407818, 2595150.445919066667557 ], [ 408907.763610871217679, 2595201.482170168776065 ], [ 408638.137811370950658, 2595205.370427540503442 ], [ 408040.495160794467665, 2595185.847091623116285 ], [ 407847.519660188932903, 2595197.020780659280717 ], [ 407833.248333391500637, 2595201.539085559546947 ], [ 407650.507601435936522, 2595215.972788971383125 ], [ 407535.898899271094706, 2595182.370252337306738 ], [ 407255.477309631183743, 2595256.105543320067227 ], [ 406916.314958356495481, 2595247.178043927997351 ], [ 406688.429491983843036, 2595390.345480704214424 ], [ 406629.75865248113405, 2595801.491089291404933 ], [ 406554.736786698515061, 2596210.526864010374993 ], [ 406644.4973978161579, 2596352.785602983087301 ], [ 406690.635581519862171, 2596702.369395861402154 ], [ 406389.367355423630215, 2597025.376732380595058 ], [ 406663.340637751738541, 2597228.46583221713081 ], [ 407003.243157659075223, 2597361.388038201723248 ], [ 406619.688710446411278, 2598072.435364414937794 ], [ 406725.302393775375094, 2598782.59131265617907 ], [ 406216.599498941912316, 2598916.484857205301523 ], [ 405845.325536935357377, 2598823.64266492985189 ], [ 405163.71051824541064, 2598746.098847187124193 ], [ 405677.973837835830636, 2599318.534124728292227 ], [ 405237.727869484049734, 2599770.900423030834645 ], [ 405027.706487709423527, 2599820.976404363289475 ], [ 405030.000970890105236, 2600175.270413986872882 ], [ 405449.192112530057784, 2600261.1385981971398 ], [ 405615.299045033520088, 2600686.345838138367981 ], [ 405607.352134036191273, 2600720.720648725051433 ], [ 405544.420430535916239, 2601095.364595559425652 ], [ 404996.292166860599536, 2601276.061739442870021 ], [ 404726.499263575475197, 2600609.053721700329334 ], [ 404690.697375698830001, 2601227.113767228554934 ], [ 404231.455843486008234, 2601415.012917515356094 ], [ 403659.619745885429438, 2601402.152455111034214 ], [ 403829.986222892417572, 2602003.361841932870448 ], [ 403752.024198461091146, 2602102.416507166344672 ], [ 403617.958161047194153, 2602208.483958020806313 ], [ 403496.961469128727913, 2602438.475616417825222 ], [ 403694.031367284944281, 2602598.833235217723995 ], [ 404114.088882698735688, 2602514.143175887409598 ], [ 404255.511369370447937, 2602440.14157873345539 ], [ 404360.068141757044941, 2602348.666515741031617 ], [ 404451.138135557586793, 2602224.063618138432503 ], [ 404820.589472210966051, 2602047.825444628950208 ], [ 405411.581308856140822, 2602185.721949115395546 ], [ 405444.723320792021696, 2602575.248414764646441 ], [ 405885.7331959278672, 2602572.408329215366393 ], [ 405999.367897136486135, 2602621.503381309099495 ], [ 406125.698104946874082, 2602580.833480391185731 ], [ 406506.059816290100571, 2602513.075225619133562 ], [ 406821.040497472858988, 2602598.538113325368613 ], [ 407070.06271439808188, 2602747.537064228206873 ], [ 407161.482242154481355, 2602674.988537686411291 ], [ 407367.537618912407197, 2602487.672460027039051 ], [ 407480.34241021447815, 2602406.133170309476554 ], [ 407615.53929048916325, 2602151.728778070770204 ], [ 408314.477411265368573, 2602415.282560230698436 ], [ 409060.345151385292411, 2602184.763350973371416 ], [ 409290.55138435709523, 2602760.190351109951735 ], [ 409821.640903585939668, 2603130.038915703538805 ], [ 409949.351221077668015, 2603313.049040120095015 ], [ 409969.10152101831045, 2603868.744548041839153 ], [ 409738.567312401544768, 2604226.684502908494323 ], [ 409640.745613034931011, 2604419.94204495055601 ], [ 409486.060863086138852, 2604991.10990032274276 ], [ 409318.57513511646539, 2605141.620058737229556 ], [ 409269.322397727286443, 2605593.66683556465432 ], [ 409364.409315427357797, 2605949.598935964982957 ], [ 409180.816626041079871, 2606298.40186865767464 ], [ 408976.6775755934068, 2606460.21666903514415 ], [ 408574.971404821611941, 2606526.940887073986232 ], [ 408246.652251694118604, 2606577.714630028698593 ], [ 408174.28904966940172, 2606593.669855581596494 ], [ 407983.693252096301876, 2606634.727687944658101 ], [ 407881.722850360907614, 2606973.070418746676296 ], [ 407739.461077900603414, 2607233.056044422090054 ], [ 407847.508245762088336, 2607535.751821684651077 ], [ 407763.281020898430143, 2607773.227486024610698 ], [ 407532.304834247974213, 2608042.633703036233783 ], [ 407853.197957246913575, 2608438.097858966328204 ], [ 407885.208578381221741, 2608497.685769433155656 ], [ 407760.408751250128262, 2609258.024992536753416 ], [ 407958.756229567690752, 2609804.847049910575151 ], [ 407903.060160407039803, 2609225.015498219523579 ], [ 408131.533010518178344, 2609046.421878825873137 ], [ 408551.256376943667419, 2609098.041835395619273 ], [ 408686.611365985940211, 2609692.877506714314222 ], [ 409179.833793985832017, 2609752.913077615201473 ], [ 409509.092105207615532, 2609864.912156438920647 ], [ 409938.875832995923702, 2609732.711171661037952 ], [ 410661.484003908175509, 2609761.488917842041701 ], [ 410578.860336809128057, 2610265.775938941631466 ], [ 410948.088756593933795, 2610745.156057967338711 ], [ 410861.076211980485823, 2611032.455066948197782 ], [ 411025.566525754169561, 2611069.096574760042131 ], [ 411142.347676514764316, 2610643.216031226795167 ], [ 411108.343615309218876, 2610420.873684751335531 ], [ 411236.292205896344967, 2610152.150325034279376 ], [ 411423.062845593027305, 2609991.577914543449879 ], [ 411786.97102547500981, 2609931.800069461576641 ], [ 411707.370282428571954, 2609254.669950757641345 ], [ 412261.669851302867755, 2609120.679522346239537 ], [ 412450.794894428458065, 2608667.805178731679916 ], [ 412535.250192643667106, 2607945.40242873178795 ], [ 412809.781859239796177, 2607606.06526223057881 ], [ 412907.531974550045561, 2607055.203344099689275 ], [ 413149.149256407283247, 2606668.460333540569991 ], [ 413048.127739778370596, 2606499.659085775259882 ], [ 413134.675914327148348, 2605949.973808299284428 ] ] ] } },
{ "type": "Feature", "properties": { "cluster": 28 }, "geometry": { "type": "Polygon", "coordinates": [ [ [ 531018.721616675960831, 2652003.736704796086997 ], [ 531206.349944282905199, 2652265.431700903922319 ], [ 531759.171733850380406, 2652523.504964985884726 ], [ 531396.956121563212946, 2652093.131963725667447 ], [ 531410.486225919099525, 2651953.660390484612435 ], [ 531344.999385583330877, 2651894.948762351181358 ], [ 531134.171830618055537, 2651774.806424180511385 ], [ 531018.721616675960831, 2652003.736704796086997 ] ] ] } },
{ "type": "Feature", "properties": { "cluster": 29 }, "geometry": { "type": "Polygon", "coordinates": [ [ [ 515910.13360133144306, 2584847.983205429743975 ], [ 515976.68682427413296, 2584732.921515858732164 ], [ 515947.20350318250712, 2584590.079734564293176 ], [ 515983.172346684383228, 2584406.347791547887027 ], [ 515963.787693960068282, 2584375.329329041298479 ], [ 515905.566452665429097, 2584344.269000191707164 ], [ 515781.939529245952144, 2584309.817680867388844 ], [ 515650.033791177964304, 2584371.672225184738636 ], [ 515480.312583969498519, 2584435.702348000369966 ], [ 515299.145450999087188, 2584697.885048933327198 ], [ 515813.097835346066859, 2584799.168566716369241 ], [ 515910.13360133144306, 2584847.983205429743975 ] ] ] } },
{ "type": "Feature", "properties": { "cluster": 30 }, "geometry": { "type": "Polygon", "coordinates": [ [ [ 348545.123946265201084, 2791211.979334417264909 ], [ 348238.91614882205613, 2791040.39144685678184 ], [ 348162.074188633821905, 2791196.331777139566839 ], [ 348241.747129485243931, 2791292.916369047481567 ], [ 348281.434213087137323, 2791327.918037068564445 ], [ 348441.937814341741614, 2791354.920300959609449 ], [ 348545.123946265201084, 2791211.979334417264909 ] ] ] } },
{ "type": "Feature", "properties": { "cluster": 31 }, "geometry": { "type": "Polygon", "coordinates": [ [ [ 484318.67655327176908, 2823165.708783129695803 ], [ 484161.850697112153284, 2823096.12955130264163 ], [ 483719.634885597159155, 2823000.320020101964474 ], [ 483756.373707116348669, 2823466.477706743404269 ], [ 484012.645035954075865, 2823518.214891564100981 ], [ 484192.420945025631227, 2823457.095625108107924 ], [ 484318.67655327176908, 2823165.708783129695803 ] ] ] } },
{ "type": "Feature", "properties": { "cluster": 32 }, "geometry": { "type": "Polygon", "coordinates": [ [ [ 548779.090977585408837, 2653679.589720412623137 ], [ 548784.531416123732924, 2653276.595794402528554 ], [ 548731.594223172985949, 2652989.657006371300668 ], [ 548432.75330641050823, 2653223.365565988700837 ], [ 548779.090977585408837, 2653679.589720412623137 ] ] ] } },
{ "type": "Feature", "properties": { "cluster": 34 }, "geometry": { "type": "MultiPolygon", "coordinates": [ [ [ [ 591042.104507858166471, 2657065.856824160087854 ], [ 590739.287372944643721, 2657024.071679780259728 ], [ 590680.909872621065006, 2657409.034210596699268 ], [ 591042.104507858166471, 2657065.856824160087854 ] ] ], [ [ [ 590354.980197746888734, 2657775.031307874713093 ], [ 590384.981954654213041, 2657774.999355958774686 ], [ 590414.956173422397114, 2657714.952862241771072 ], [ 590680.909872621065006, 2657409.034210596699268 ], [ 590385.00061813776847, 2657594.956209191586822 ], [ 590325.038258658605628, 2657685.04207752738148 ], [ 590354.980197746888734, 2657775.031307874713093 ] ] ] ] } },
{ "type": "Feature", "properties": { "cluster": 33 }, "geometry": { "type": "Polygon", "coordinates": [ [ [ 344861.654323378228582, 2760139.503777317237109 ], [ 344736.106361881364137, 2760467.690324406139553 ], [ 344774.300152178155258, 2760630.086652648635209 ], [ 344928.581046339357272, 2760520.895625053904951 ], [ 345267.16033241560217, 2760456.147500312887132 ], [ 345521.998271046730224, 2760487.611387138254941 ], [ 345537.853277771675494, 2760371.126830664463341 ], [ 345192.761998235131614, 2760038.285647127311677 ], [ 344897.782258744118735, 2759940.820669406559318 ], [ 344861.654323378228582, 2760139.503777317237109 ] ] ] } },
{ "type": "Feature", "properties": { "cluster": 35 }, "geometry": { "type": "Polygon", "coordinates": [ [ [ 496169.785491193935741, 2589355.573113009333611 ], [ 496151.377045386179816, 2589284.726355309132487 ], [ 496110.496880229969975, 2589233.812539829406887 ], [ 496068.60568853415316, 2589223.860160514246672 ], [ 495883.666310972883366, 2589164.129681810270995 ], [ 495882.685476411483251, 2589310.26127987075597 ], [ 495915.388005228363909, 2589343.463843839708716 ], [ 496169.785491193935741, 2589355.573113009333611 ] ] ] } },
{ "type": "Feature", "properties": { "cluster": 36 }, "geometry": { "type": "MultiPolygon", "coordinates": [ [ [ [ 576114.596777227590792, 2491205.90595078188926 ], [ 575600.957391566131264, 2490877.907789347693324 ], [ 575536.971057625720277, 2490922.981350303627551 ], [ 576114.596777227590792, 2491205.90595078188926 ] ] ], [ [ [ 576336.760743620572612, 2492030.633864520583302 ], [ 576331.124234319780953, 2492130.238203172571957 ], [ 576113.600954039953649, 2492445.769003562629223 ], [ 575978.582151850569062, 2492507.094442258123308 ], [ 576094.157087110565044, 2492841.988028751220554 ], [ 575865.949993860791437, 2493241.603163806255907 ], [ 576406.357800663798116, 2493752.406633591279387 ], [ 576305.363215091172606, 2493176.250346802175045 ], [ 576401.69322231982369, 2493036.136542933993042 ], [ 576620.675269207451493, 2492840.175923911388963 ], [ 577052.888962623896077, 2492778.129201577976346 ], [ 577699.933535394724458, 2493142.27872839383781 ], [ 577365.438846136210486, 2493812.558276122435927 ], [ 577520.229738683789037, 2493907.436256567481905 ], [ 577863.156836754642427, 2493806.216720208525658 ], [ 577943.759221776854247, 2493728.026209240313619 ], [ 578097.218617324135266, 2493477.509296650998294 ], [ 578262.582596810068935, 2493313.402947066817433 ], [ 577915.156010492704809, 2493082.481805552728474 ], [ 577504.425793281989172, 2492555.672682438511401 ], [ 577607.181044946308248, 2492367.996160755399615 ], [ 577788.583628168562427, 2491880.713086616247892 ], [ 577993.61136413179338, 2491401.301028773188591 ], [ 577920.04599165066611, 2491103.137380215805024 ], [ 577942.428428516024724, 2490948.266803806181997 ], [ 577986.565912223886698, 2490762.509759475942701 ], [ 577838.319354470586404, 2490587.955531724262983 ], [ 577697.184889671043493, 2490430.044205572921783 ], [ 577646.655443281284533, 2490456.357751102186739 ], [ 577334.933033554232679, 2490473.607088158838451 ], [ 576963.063825178076513, 2491000.90055520599708 ], [ 576461.98400794994086, 2491044.896457582246512 ], [ 576114.596777227590792, 2491205.90595078188926 ], [ 576227.947263769921847, 2491576.21360601997003 ], [ 576336.760743620572612, 2492030.633864520583302 ] ] ] ] } },
{ "type": "Feature", "properties": { "cluster": 37 }, "geometry": { "type": "Polygon", "coordinates": [ [ [ 510225.20117236522492, 2519885.81472351308912 ], [ 510279.489835709158797, 2520050.789788263849914 ], [ 510524.76656024629483, 2520101.878419320564717 ], [ 510769.779363649140578, 2520522.698757100384682 ], [ 511020.19559349672636, 2520550.552736233919859 ], [ 511329.9762307612109, 2520798.742165740113705 ], [ 511566.956530848343391, 2520941.720140114892274 ], [ 511720.795367422746494, 2521089.065307327080518 ], [ 512027.524617147631943, 2521274.169507406651974 ], [ 512346.689183892682195, 2521303.207086789421737 ], [ 512352.026237588317599, 2521050.821936666034162 ], [ 512173.621007555630058, 2520828.176595408003777 ], [ 512098.859218477038667, 2520624.434190545696765 ], [ 512002.584194746159483, 2520366.433640437666327 ], [ 511934.096291534602642, 2520009.935288180597126 ], [ 511234.914734170830343, 2520271.753672811202705 ], [ 511023.859028407430742, 2519745.788442802615464 ], [ 510597.914936203451362, 2519710.062196095474064 ], [ 510132.997583993594162, 2519624.508258471265435 ], [ 510225.20117236522492, 2519885.81472351308912 ] ] ] } },
{ "type": "Feature", "properties": { "cluster": 38 }, "geometry": { "type": "Polygon", "coordinates": [ [ [ 643875.785830394481309, 2670219.023501957766712 ], [ 644297.218748461338691, 2670052.734559059608728 ], [ 644875.036469327751547, 2670200.364127568434924 ], [ 645078.607198619283736, 2669472.592425840906799 ], [ 645194.967876532347873, 2669235.000706532970071 ], [ 644984.977459611836821, 2669234.965317605994642 ], [ 644834.955250240513124, 2669204.975797336548567 ], [ 644804.970787710277364, 2669205.003100926987827 ], [ 644745.002839514054358, 2669234.960451020393521 ], [ 644685.034029216854833, 2669265.028780528809875 ], [ 644435.807806147495285, 2669315.437098450493068 ], [ 643973.406513230875134, 2669610.88620167830959 ], [ 643659.330812025698833, 2669914.490319075528532 ], [ 643875.785830394481309, 2670219.023501957766712 ] ] ] } },
{ "type": "Feature", "properties": { "cluster": 39 }, "geometry": { "type": "Polygon", "coordinates": [ [ [ 384644.920036794617772, 2673619.201846289914101 ], [ 385351.896440588869154, 2673728.648716811556369 ], [ 385725.199391470465343, 2673658.092025096993893 ], [ 385953.585190588375553, 2673759.243597189895809 ], [ 385888.611410116020124, 2673385.471503229811788 ], [ 385603.720054088393226, 2673081.017760116141289 ], [ 385245.021329128940124, 2672948.808558231685311 ], [ 385066.501797489647288, 2672482.936503254342824 ], [ 384630.378196066303644, 2672453.24696604302153 ], [ 384457.076064961496741, 2672257.540231021121144 ], [ 384188.507955612440128, 2672466.805432709399611 ], [ 384118.210567931877449, 2672568.150005203206092 ], [ 383709.4509148276411, 2672778.568212029524148 ], [ 383653.19152176193893, 2672856.545452516991645 ], [ 383329.542121744074393, 2673160.40693884016946 ], [ 383257.034183500916697, 2673362.546705392654985 ], [ 383196.191503970010672, 2673500.362626348622143 ], [ 383251.041102111106738, 2673869.77950023021549 ], [ 383134.755944696138613, 2674060.098769310861826 ], [ 382879.852069993619807, 2674195.084246402606368 ], [ 382748.519705156097189, 2674407.678986413870007 ], [ 382721.722577402601019, 2674484.310129313729703 ], [ 382382.620645898859948, 2674878.02295928215608 ], [ 382301.761972658045124, 2675050.3386475215666 ], [ 382241.845454098307528, 2675297.784055432770401 ], [ 382069.172042289399542, 2675545.058440145105124 ], [ 382020.170439523819368, 2676005.034524153452367 ], [ 381974.293572495633271, 2676107.296236838679761 ], [ 382431.440923589572776, 2676480.017379674594849 ], [ 382581.542573506070767, 2676206.356085570063442 ], [ 382840.736060614115559, 2675980.521428003907204 ], [ 383112.25954637140967, 2675894.121755261905491 ], [ 383339.438833384367172, 2675479.196846934966743 ], [ 383520.38015595311299, 2675370.294853526633233 ], [ 384028.42384682665579, 2675260.935343150515109 ], [ 384374.966848006471992, 2675564.96646433044225 ], [ 384207.071042052062694, 2674869.677833195310086 ], [ 384310.481841385946609, 2674719.338230545632541 ], [ 384472.578850192192476, 2674539.730167763773352 ], [ 384541.195395885384642, 2674357.5613919547759 ], [ 384436.413961975136772, 2673965.291977329645306 ], [ 384644.920036794617772, 2673619.201846289914101 ] ] ] } },
{ "type": "Feature", "properties": { "cluster": 40 }, "geometry": { "type": "Polygon", "coordinates": [ [ [ 536714.988822708721273, 2798474.946570687927306 ], [ 536435.579831320443191, 2799208.364735780283809 ], [ 536648.335302799940109, 2799443.700208948925138 ], [ 537017.30469289352186, 2798869.990563636645675 ], [ 536744.986303760437295, 2798475.028220121748745 ], [ 536714.988822708721273, 2798474.946570687927306 ] ] ] } },
{ "type": "Feature", "properties": { "cluster": 41 }, "geometry": { "type": "Polygon", "coordinates": [ [ [ 677055.098259270424023, 2852539.526600879617035 ], [ 676784.504154814989306, 2852671.068826198577881 ], [ 676318.72167754045222, 2852696.971115902531892 ], [ 676326.860374095384032, 2852763.555447835475206 ], [ 676214.978164413478225, 2853315.028434384148568 ], [ 676214.978602066054009, 2853345.053283655550331 ], [ 676882.174105274258181, 2853167.62200888665393 ], [ 677054.415776073466986, 2852740.053102978039533 ], [ 677055.098259270424023, 2852539.526600879617035 ] ] ] } },
{ "type": "Feature", "properties": { "cluster": 42 }, "geometry": { "type": "Polygon", "coordinates": [ [ [ 491559.994748612283729, 2511081.04056706558913 ], [ 492038.489490520383697, 2510900.349111567717046 ], [ 492634.078528627927881, 2510720.72268637875095 ], [ 492652.474546071956865, 2510532.531174565199763 ], [ 492762.157868992711883, 2510087.482299151830375 ], [ 493083.544573128980119, 2509889.188070925883949 ], [ 493061.767628734523896, 2509432.025391189847142 ], [ 493370.7622091989615, 2509040.025991382542998 ], [ 493199.164155748207122, 2508897.30438569560647 ], [ 493112.788639390375465, 2508689.235723318532109 ], [ 493518.304923590621911, 2508175.431552823167294 ], [ 493227.367200289154425, 2507640.899501662235707 ], [ 493183.080945702793542, 2507384.106192782986909 ], [ 493182.037864989659283, 2507348.684178952593356 ], [ 493123.317706250527408, 2506980.095413573551923 ], [ 493269.087130247848108, 2506739.821921462658793 ], [ 493338.853242264362052, 2506531.68444489268586 ], [ 493620.207407338079065, 2506216.083259310107678 ], [ 493120.910164028056897, 2506196.374815568793565 ], [ 492592.784741486015264, 2506050.504217125009745 ], [ 492125.366884535993449, 2506104.9785942947492 ], [ 491967.149188457988203, 2506093.991454083938152 ], [ 491901.486772018950433, 2506260.068816593382508 ], [ 491500.999907446501311, 2506575.767617290373892 ], [ 491188.737282946356572, 2506649.00339623214677 ], [ 490871.341748439299408, 2506723.35559621732682 ], [ 490805.596002451784443, 2506726.715890320483595 ], [ 490542.650996262964327, 2506801.042258342262357 ], [ 490324.233072090137284, 2507428.821381847839803 ], [ 490261.581435997388326, 2507446.572467049118131 ], [ 490034.678353192517534, 2507632.687072528526187 ], [ 489511.681574550573714, 2507447.069183748681098 ], [ 489692.66993090568576, 2507729.219127852469683 ], [ 489690.848691852064803, 2508074.590040658600628 ], [ 489704.425041459558997, 2508404.453327152412385 ], [ 489819.568429185252171, 2508550.494118226226419 ], [ 490193.541592727415264, 2508670.907301596365869 ], [ 490272.688603077782318, 2508756.092175338417292 ], [ 490312.774307482235599, 2508797.024010071996599 ], [ 490461.068694312823936, 2509407.969948829617351 ], [ 490511.581120906979777, 2509702.388720985502005 ], [ 490808.442037985485513, 2509746.485183948185295 ], [ 491053.083952890068758, 2510071.784843045286834 ], [ 491116.912057901732624, 2510327.454492636024952 ], [ 491365.472021905588917, 2510345.023028027266264 ], [ 491530.197167152829934, 2511055.597071400843561 ], [ 491418.386331225046888, 2511293.655506269540638 ], [ 491559.994748612283729, 2511081.04056706558913 ] ] ] } },
{ "type": "Feature", "properties": { "cluster": 43 }, "geometry": { "type": "Polygon", "coordinates": [ [ [ 456562.045188534422778, 2653307.004343959037215 ], [ 456885.120254010660574, 2653513.069402268156409 ], [ 457055.244313729810528, 2653257.909958332777023 ], [ 456811.765912159462459, 2653136.852987363934517 ], [ 456529.92442083125934, 2653113.347201729658991 ], [ 456562.045188534422778, 2653307.004343959037215 ] ] ] } },
{ "type": "Feature", "properties": { "cluster": 44 }, "geometry": { "type": "Polygon", "coordinates": [ [ [ 544160.462289423681796, 2521187.533518107142299 ], [ 544217.564107843791135, 2521316.111839709803462 ], [ 544507.117656546412036, 2521274.892267775256187 ], [ 544396.951802135561593, 2521042.099441553931683 ], [ 544187.485945629887283, 2520366.21829975489527 ], [ 543939.70613756054081, 2520154.062356635462493 ], [ 544015.238061879761517, 2520300.404989390168339 ], [ 544085.376078180153854, 2520536.399331559427083 ], [ 544144.806906562298536, 2520924.021941147744656 ], [ 544160.462289423681796, 2521187.533518107142299 ] ] ] } },
{ "type": "Feature", "properties": { "cluster": 45 }, "geometry": { "type": "MultiPolygon", "coordinates": [ [ [ [ 322522.122937529406045, 2796221.00821012724191 ], [ 322625.480177356628701, 2796881.038920494262129 ], [ 322942.122349290060811, 2796907.904141913633794 ], [ 322522.122937529406045, 2796221.00821012724191 ] ] ], [ [ [ 323054.397010789252818, 2796866.550142104737461 ], [ 322942.122349290060811, 2796907.904141913633794 ], [ 323113.151941456831992, 2796968.81062151864171 ], [ 323239.598581829690374, 2796932.811806095764041 ], [ 323232.997388160671107, 2796813.25044136447832 ], [ 323054.397010789252818, 2796866.550142104737461 ] ] ] ] } },
{ "type": "Feature", "properties": { "cluster": 571 }, "geometry": { "type": "Polygon", "coordinates": [ [ [ 663884.961480853613466, 2859224.959663699846715 ], [ 663915.036569714429788, 2859225.001596282701939 ], [ 664275.028262583306059, 2858984.980692161712795 ], [ 664245.024812226649374, 2858955.02644648309797 ], [ 663993.683788464404643, 2858464.101334922015667 ], [ 663885.032944436417893, 2859195.048175961244851 ], [ 663884.961480853613466, 2859224.959663699846715 ] ] ] } },
{ "type": "Feature", "properties": { "cluster": 46 }, "geometry": { "type": "Polygon", "coordinates": [ [ [ 467803.481613911571912, 2638006.495836727321148 ], [ 468055.190879171714187, 2638094.50707366829738 ], [ 468585.011529266834259, 2638335.031045970041305 ], [ 468534.605512509355322, 2638007.096985482610762 ], [ 468644.119235922000371, 2637795.395966708660126 ], [ 468720.020276815921534, 2637578.233032934833318 ], [ 468201.698489028145559, 2637114.369801082182676 ], [ 468110.390870039176662, 2637269.569963835645467 ], [ 467904.977561225357931, 2637399.560007909312844 ], [ 467912.246088183426764, 2637462.650486911647022 ], [ 467904.498541330103762, 2637642.023465796839446 ], [ 467842.708094911708031, 2637788.302799494937062 ], [ 467803.481613911571912, 2638006.495836727321148 ] ] ] } },
{ "type": "Feature", "properties": { "cluster": 47 }, "geometry": { "type": "Polygon", "coordinates": [ [ [ 464085.008155119547155, 2645264.9619100256823 ], [ 464178.863889754284173, 2645558.011512344703078 ], [ 464309.219951965089422, 2645592.00900559220463 ], [ 464473.037593511748128, 2645576.10328244837001 ], [ 464600.730483861465473, 2645355.465896756853908 ], [ 464762.046318138134666, 2645148.033118790015578 ], [ 464316.16144918766804, 2645108.167942161206156 ], [ 464108.455621631233953, 2645076.577438690699637 ], [ 464085.008155119547155, 2645264.9619100256823 ] ] ] } },
{ "type": "Feature", "properties": { "cluster": 48 }, "geometry": { "type": "Polygon", "coordinates": [ [ [ 491546.380120878457092, 2746236.314687440637499 ], [ 491295.954593923408538, 2746508.856997751165181 ], [ 491040.329908888495993, 2746540.024119546171278 ], [ 491472.853884213895071, 2746621.687193394172937 ], [ 491885.284497825894505, 2746908.219211830291897 ], [ 492404.484016960603185, 2746620.035099260043353 ], [ 493048.088071890582796, 2746521.149172565434128 ], [ 492823.531269218306988, 2746067.2869878038764 ], [ 493093.102504892623983, 2745610.957803526427597 ], [ 493189.88874021184165, 2745158.040200734976679 ], [ 492778.547483469359577, 2745069.668629331514239 ], [ 492231.877421799872536, 2745145.259363312739879 ], [ 492553.464833038276993, 2745573.591778553556651 ], [ 492084.823421332519501, 2745993.504760480020195 ], [ 491714.960906143533066, 2745956.075156122911721 ], [ 491546.380120878457092, 2746236.314687440637499 ] ] ] } },
{ "type": "Feature", "properties": { "cluster": 49 }, "geometry": { "type": "Polygon", "coordinates": [ [ [ 507515.402622082096059, 2499132.140229007229209 ], [ 507708.705914219142869, 2498986.119857611134648 ], [ 507724.164058196707629, 2498905.320860045030713 ], [ 507589.61601427703863, 2498707.111023628618568 ], [ 507122.951058370235842, 2498755.592492333147675 ], [ 507515.402622082096059, 2499132.140229007229209 ] ] ] } },
{ "type": "Feature", "properties": { "cluster": 50 }, "geometry": { "type": "Polygon", "coordinates": [ [ [ 469902.93878901086282, 2548563.573095335625112 ], [ 469932.252558021049481, 2548876.800447107758373 ], [ 470391.745815423433669, 2548627.913972936570644 ], [ 469777.262522641860414, 2548221.757324469741434 ], [ 470156.155935879738536, 2547618.78128355788067 ], [ 470214.9444653391256, 2547298.736709041520953 ], [ 470278.246224627189804, 2547186.80255077406764 ], [ 470364.554665261821356, 2546791.427243730518967 ], [ 469727.166526855726261, 2546750.632936881389469 ], [ 469016.247234142851084, 2546828.468077362049371 ], [ 468733.020585173391737, 2547602.860790859442204 ], [ 468611.099251048464794, 2547603.115411762148142 ], [ 468244.796239481074736, 2547349.272141985595226 ], [ 467993.536492184037343, 2547236.89020130969584 ], [ 467747.644546917988919, 2547716.755940941162407 ], [ 467686.873188850586303, 2548042.350442880298942 ], [ 467161.142592610267457, 2548442.019697970245034 ], [ 466823.135236527654342, 2548939.816313062794507 ], [ 466424.573446219030302, 2548919.670187859330326 ], [ 466102.915207802900113, 2548930.357198316138238 ], [ 465942.428761980845593, 2549537.369522503577173 ], [ 465221.029456684947945, 2549449.357153706718236 ], [ 465099.758010050514713, 2549282.478392777964473 ], [ 464974.468853871396277, 2549151.034756913781166 ], [ 464692.91815910639707, 2549224.758842821232975 ], [ 464395.606578992446885, 2549131.364960324484855 ], [ 464011.143450276053045, 2549009.403242287226021 ], [ 464322.808037204144057, 2549535.602146335411817 ], [ 463935.028040245757438, 2550159.785879535600543 ], [ 463256.052332598424982, 2550237.820352105889469 ], [ 463041.6518764491193, 2550944.631546200253069 ], [ 463268.410575491783675, 2551100.164766368921846 ], [ 463334.25126632489264, 2551216.241429581306875 ], [ 463749.035790764610283, 2551613.761914330068976 ], [ 464038.297212632140145, 2551785.760870262049139 ], [ 464124.359171988908201, 2552222.830708014313132 ], [ 464141.959466905042063, 2552301.387591167818755 ], [ 464265.710297907528002, 2552654.23393472051248 ], [ 464479.819551953987684, 2552674.757852256763726 ], [ 464930.451895690755919, 2552665.946032540407032 ], [ 465126.784581510350108, 2552969.920137573964894 ], [ 465192.984662689617835, 2553690.441924554761499 ], [ 465462.920133230101783, 2553944.433103754650801 ], [ 465722.597824398369994, 2554195.131504344753921 ], [ 466024.981581878382713, 2554315.107806893996894 ], [ 466413.840764089894947, 2554182.493129469454288 ], [ 466855.399924119992647, 2554259.000160134863108 ], [ 467145.109455317782704, 2554208.544724614359438 ], [ 467184.546590346901212, 2553979.303391051013023 ], [ 467094.491760191565845, 2553544.439402910415083 ], [ 467427.208441808237694, 2553013.44565546978265 ], [ 467137.297372404136695, 2552983.082721289712936 ], [ 466874.021201872790698, 2552955.987489024642855 ], [ 466634.08570815686835, 2552373.117473102640361 ], [ 466768.022816293407232, 2551804.915339533705264 ], [ 466344.190886341268197, 2551444.971645669080317 ], [ 465850.102652378729545, 2551278.929290609899908 ], [ 465812.057989643479232, 2550766.463318906258792 ], [ 465611.550294005719479, 2550434.814729794394225 ], [ 465520.459162692248356, 2550023.210883177816868 ], [ 465696.015018252714071, 2549743.837896473240107 ], [ 465849.426067018124741, 2549633.89218915021047 ], [ 466231.596767710347194, 2549661.808856285177171 ], [ 466601.339790120837279, 2549629.983704610727727 ], [ 466712.118914139573462, 2549693.944569711573422 ], [ 467029.884986413759179, 2549784.017995696049184 ], [ 467243.025781112897675, 2549813.440210737753659 ], [ 467677.136936336290091, 2550178.921949832700193 ], [ 467722.077340625459328, 2549641.919421018566936 ], [ 468069.964159416500479, 2549447.445532495621592 ], [ 468494.765611765382346, 2548800.046834131702781 ], [ 468624.870648359472398, 2548798.666986472439021 ], [ 468882.062341924058273, 2548328.754894343204796 ], [ 469162.602117189904675, 2548244.041979112662375 ], [ 469406.416186622227542, 2548234.686466104816645 ], [ 469902.93878901086282, 2548563.573095335625112 ] ] ] } },
{ "type": "Feature", "properties": { "cluster": 51 }, "geometry": { "type": "MultiPolygon", "coordinates": [ [ [ [ 414695.49925292073749, 2592123.110091485548764 ], [ 414716.912336691748351, 2592292.384016552008688 ], [ 415109.641887710778974, 2592545.870506820268929 ], [ 415721.507454465492629, 2592715.071813901420683 ], [ 415794.433488351292908, 2592962.66131399339065 ], [ 415860.56328781566117, 2593094.036674865521491 ], [ 416066.860570627031848, 2593085.107752863783389 ], [ 416374.833471054967958, 2593171.927382353693247 ], [ 416460.11992692342028, 2593260.016570153646171 ], [ 416909.09477309777867, 2593896.311710301321 ], [ 416974.361661737668328, 2593334.606572136282921 ], [ 417066.479180535185151, 2593185.725796386599541 ], [ 417680.073736735561397, 2592943.129929421469569 ], [ 418188.526598339027259, 2592527.319433635100722 ], [ 417627.205754829454236, 2592440.770941001363099 ], [ 417396.979203235823661, 2592556.10026670480147 ], [ 416893.228625994641334, 2592534.579618536867201 ], [ 416704.088755465229042, 2592327.501024380326271 ], [ 416648.654925161681604, 2592099.7376275844872 ], [ 416447.203625251306221, 2591525.150943706277758 ], [ 416471.054265908896923, 2592127.316864293534309 ], [ 416266.565220281830989, 2592276.840240488294512 ], [ 416013.758284693118185, 2592372.390879319515079 ], [ 415514.158190943475347, 2592185.924422366544604 ], [ 415440.86146853514947, 2591875.22941360482946 ], [ 415317.384271395974793, 2591899.190117388032377 ], [ 415158.714024109533057, 2592020.786156986840069 ], [ 414695.49925292073749, 2592123.110091485548764 ] ] ], [ [ [ 417405.071335707907565, 2594542.320010640192777 ], [ 417365.81665190984495, 2594463.931388180702925 ], [ 417283.743490837805439, 2594218.600688963197172 ], [ 417198.804185667366255, 2594190.292365759145468 ], [ 416909.09477309777867, 2593896.311710301321 ], [ 416607.449254676466808, 2594201.385174781549722 ], [ 416420.757010098663159, 2594242.303673920687288 ], [ 415919.931996415834874, 2594544.097183923237026 ], [ 415883.901965251774527, 2594852.098482498899102 ], [ 416476.516837213130202, 2594887.469813579693437 ], [ 416584.325917021138594, 2594986.503285144455731 ], [ 416920.030836924910545, 2595469.544160323683172 ], [ 417312.014089767064434, 2595430.796223366633058 ], [ 417493.323672693921253, 2595524.993920559529215 ], [ 417791.853582171490416, 2595760.255557479802519 ], [ 418108.389753753901459, 2595379.834893196355551 ], [ 417867.381014153535943, 2595202.92535258224234 ], [ 417804.292320625449065, 2594879.983856868930161 ], [ 417585.062167640426196, 2594763.851327012293041 ], [ 417405.071335707907565, 2594542.320010640192777 ] ] ] ] } },
{ "type": "Feature", "properties": { "cluster": 52 }, "geometry": { "type": "Polygon", "coordinates": [ [ [ 656005.462048183428124, 2836667.365967279300094 ], [ 655585.063865030650049, 2836808.665700396988541 ], [ 655386.37645743181929, 2837226.192724376916885 ], [ 655807.728203911799937, 2837173.522033970803022 ], [ 656085.731715363450348, 2837100.347304074559361 ], [ 656005.782491820165887, 2836896.682517217472196 ], [ 656005.462048183428124, 2836667.365967279300094 ] ] ] } },
{ "type": "Feature", "properties": { "cluster": 53 }, "geometry": { "type": "Polygon", "coordinates": [ [ [ 396011.489073944743723, 2960585.479144508950412 ], [ 395823.55278753512539, 2960223.68661902518943 ], [ 395827.611946893972345, 2960595.854015431366861 ], [ 395779.775311816716567, 2960703.698937988840044 ], [ 395771.848749403958209, 2960827.831270846072584 ], [ 396011.489073944743723, 2960585.479144508950412 ] ] ] } },
{ "type": "Feature", "properties": { "cluster": 54 }, "geometry": { "type": "Polygon", "coordinates": [ [ [ 479606.516098393709399, 2545314.772238285746425 ], [ 478950.433024840604048, 2545118.630479911807925 ], [ 478788.042297108448111, 2544774.580066528636962 ], [ 478628.662465990986675, 2545111.335908019449562 ], [ 478789.916025501734111, 2545375.681850783526897 ], [ 478788.310795924859121, 2545690.074077091179788 ], [ 479219.393147443595808, 2545469.17688497249037 ], [ 479606.516098393709399, 2545314.772238285746425 ] ] ] } },
{ "type": "Feature", "properties": { "cluster": 55 }, "geometry": { "type": "MultiPolygon", "coordinates": [ [ [ [ 506320.27795695036184, 2545383.064888536464423 ], [ 506276.059012004523538, 2545759.426455969922245 ], [ 506718.657443995994981, 2545884.709090476855636 ], [ 506705.534207413904369, 2545443.010005492717028 ], [ 506320.27795695036184, 2545383.064888536464423 ] ] ], [ [ [ 507817.463507529115304, 2545162.36966485902667 ], [ 507665.463693369587418, 2545835.347645569592714 ], [ 507256.428755923232529, 2546241.413780067116022 ], [ 506718.657443995994981, 2545884.709090476855636 ], [ 506859.720282372669317, 2546627.570776142179966 ], [ 507110.571442332759034, 2547000.747239270247519 ], [ 507302.11857436579885, 2547101.576455119531602 ], [ 507588.97396889218362, 2547150.426916901022196 ], [ 508202.552983241039328, 2547402.039481858722866 ], [ 508207.547337273193989, 2547636.726902300026268 ], [ 508409.309395335440058, 2547764.14405929390341 ], [ 508614.973428408557083, 2548226.988426757976413 ], [ 509117.140832258795854, 2547956.069272889755666 ], [ 509354.999893157335464, 2547680.571762603707612 ], [ 509983.982516258431133, 2547801.640659108757973 ], [ 510128.309625416528434, 2547995.463172421324998 ], [ 510232.749334951280616, 2548084.094424928538501 ], [ 510387.156693074794021, 2548507.076435786671937 ], [ 510782.520940567133948, 2548623.591085072141141 ], [ 511201.5773086725967, 2548558.584964822977781 ], [ 511571.15574365365319, 2548890.967364113312215 ], [ 511369.995725814253092, 2549375.682210998144001 ], [ 511402.654960375570226, 2549536.222992565017194 ], [ 511623.11775155790383, 2549258.533652251586318 ], [ 512226.730862827971578, 2548981.155188118573278 ], [ 512751.962907677865587, 2549343.583991955034435 ], [ 512813.242609148845077, 2549560.609671149868518 ], [ 513027.154646846291143, 2549777.767564014997333 ], [ 513096.823819492943585, 2549765.651200822088867 ], [ 513370.27795756974956, 2549831.206134922802448 ], [ 513887.660940489498898, 2549758.614123262465 ], [ 513473.233078624762129, 2549256.761373472865671 ], [ 513534.063965971814469, 2548825.083428159821779 ], [ 513562.86788392753806, 2548693.375660705380142 ], [ 513600.085955344198737, 2548321.455225799698383 ], [ 513577.716559278254863, 2548134.35093668429181 ], [ 513249.132858171768021, 2547815.239452270325273 ], [ 513216.450495585508179, 2547698.975065086036921 ], [ 512820.082362108456437, 2547551.399409838952124 ], [ 512499.429259324853774, 2547516.811658842023462 ], [ 512113.268976130988449, 2547401.366410036105663 ], [ 511832.491033763857558, 2547465.348577095661312 ], [ 511661.351975099183619, 2547516.136767162941396 ], [ 511555.704530639399309, 2547671.035631072707474 ], [ 510830.341965177562088, 2547660.531339133623987 ], [ 510714.978363578265999, 2547088.127509856596589 ], [ 510901.634869609784801, 2546834.758195960894227 ], [ 510891.875004821748007, 2546165.014422755688429 ], [ 510416.740297445096076, 2545737.374425840564072 ], [ 510242.764688565628603, 2545418.438318133354187 ], [ 510148.6049579778919, 2545253.431222529616207 ], [ 510124.090563207690138, 2545137.17958236951381 ], [ 510638.811491462925915, 2544688.093134029302746 ], [ 510191.991622281318996, 2544738.705305645707995 ], [ 509743.882904340163805, 2545201.134110806975514 ], [ 509647.39095237274887, 2545465.645025092642754 ], [ 509651.233500572037883, 2545864.167970314621925 ], [ 509672.605060816451441, 2546091.117078416515142 ], [ 509274.737213521730155, 2546587.909897800069302 ], [ 509188.658025599317625, 2546607.782989476341754 ], [ 508618.159307837602682, 2546247.668885414022952 ], [ 508635.006162419449538, 2545994.950102810747921 ], [ 508664.995129586372059, 2545874.96843464160338 ], [ 508665.012445305124857, 2545844.968710021581501 ], [ 508665.029760830570012, 2545814.968986427411437 ], [ 508665.047076162649319, 2545784.969263860024512 ], [ 508664.961924928531516, 2545754.969483178108931 ], [ 508544.990794018318411, 2545545.013333620037884 ], [ 508424.964386889827438, 2545244.948334469459951 ], [ 508424.981218288070522, 2545214.948632650077343 ], [ 508364.983839248481672, 2545125.02666475251317 ], [ 508334.97658518870594, 2545095.010273240506649 ], [ 508304.952620591793675, 2545094.993639166932553 ], [ 508275.031127015303355, 2545094.977121584117413 ], [ 508189.446763125248253, 2545133.785912782885134 ], [ 507817.463507529115304, 2545162.36966485902667 ] ] ] ] } },
{ "type": "Feature", "properties": { "cluster": 142 }, "geometry": { "type": "MultiPolygon", "coordinates": [ [ [ [ 456683.774479036510456, 2536786.177492673508823 ], [ 456528.112296567182057, 2536139.01977515174076 ], [ 456617.804073982581031, 2535951.675391467753798 ], [ 456613.877572694735136, 2535656.112978355027735 ], [ 456434.796191824192647, 2535071.017106248997152 ], [ 456121.133980954997241, 2535463.810551356058568 ], [ 455793.697884710563812, 2536049.272688742727041 ], [ 455695.100744266062975, 2536691.633498337119818 ], [ 455614.307004865782801, 2536761.613471567165107 ], [ 455551.812502861081157, 2537126.00740845547989 ], [ 455744.29007413983345, 2537381.162718520965427 ], [ 456382.900800646981224, 2537336.126876465976238 ], [ 456448.51427665958181, 2537334.830077376682311 ], [ 456770.772684505674988, 2537090.357905756682158 ], [ 456683.774479036510456, 2536786.177492673508823 ] ] ], [ [ [ 458287.47562044224469, 2540162.489124055951834 ], [ 458196.140186208998784, 2540125.103834181558341 ], [ 457957.305325605208054, 2540127.983166015706956 ], [ 457501.659166497993283, 2540309.707496639341116 ], [ 456953.508557635534089, 2539683.583714881446213 ], [ 457129.494747600052506, 2539566.844202460721135 ], [ 457122.757663902943023, 2539360.957379018887877 ], [ 456442.18888091435656, 2539047.409693509340286 ], [ 455997.773956930439454, 2538517.331162247341126 ], [ 455532.804889121674933, 2538328.288941062986851 ], [ 455309.469953463529237, 2538727.478195348754525 ], [ 455063.138031685899477, 2538973.970486530568451 ], [ 454985.339964189741295, 2539355.019185912795365 ], [ 454907.867723531962838, 2539843.448990209028125 ], [ 454934.555703785445075, 2540197.617179569322616 ], [ 454965.993466863699723, 2540426.677391136530787 ], [ 455053.655356561706867, 2540947.824567475821823 ], [ 454857.577979702444281, 2541531.814863870851696 ], [ 454761.080945654946845, 2541823.253077784087509 ], [ 454631.475830282201059, 2542010.731267449446023 ], [ 454432.634890517219901, 2542348.976270083338022 ], [ 454406.520703709218651, 2542525.073076562024653 ], [ 454188.687949782470241, 2543017.256546176038682 ], [ 454093.428206115437206, 2543370.689940490294248 ], [ 454117.266807398991659, 2543458.07258033612743 ], [ 454184.129433604655787, 2543875.219306230545044 ], [ 454299.542033863253891, 2544082.989717728924006 ], [ 454729.705833526153583, 2543997.553068725857884 ], [ 455070.291770129580982, 2543770.69659447716549 ], [ 455575.369380088988692, 2543714.950428445357829 ], [ 455537.60109493532218, 2543419.485395943280309 ], [ 455465.215572321612854, 2543201.615059404168278 ], [ 455509.103713529242668, 2542794.098664776422083 ], [ 455844.465270155633334, 2542170.960592930205166 ], [ 456064.521570729324594, 2542066.255524252541363 ], [ 456242.574220912298188, 2541967.211038924753666 ], [ 456591.457451509311795, 2541750.32997516496107 ], [ 456892.170526543108281, 2541531.381179908290505 ], [ 457029.482293016451877, 2541518.810999479610473 ], [ 457776.13628142257221, 2541684.963978408370167 ], [ 457831.369438161258586, 2541643.849150434136391 ], [ 458225.907364093058277, 2541616.179600613191724 ], [ 458834.502367186767515, 2541153.980545112397522 ], [ 459046.055628436559346, 2541678.131290309131145 ], [ 459327.586786526546348, 2541933.089293954428285 ], [ 459372.115073684370145, 2542480.94482461316511 ], [ 459635.715276492934208, 2542554.405291673261672 ], [ 459896.223374268272892, 2542622.343479794915766 ], [ 460069.848461165034678, 2542779.078408198431134 ], [ 460255.864704091625754, 2543359.771987593732774 ], [ 460159.904800078249536, 2543501.724946938920766 ], [ 460281.982544710393995, 2543935.354723231866956 ], [ 459951.993846266588662, 2544320.367875423282385 ], [ 459940.792103374551516, 2544346.96631701476872 ], [ 459874.900022592395544, 2544616.149061213713139 ], [ 459574.806195056647994, 2545057.549690980929881 ], [ 459642.762717256788164, 2545178.032679257914424 ], [ 459447.436109747155569, 2545704.396233728155494 ], [ 459272.226082196983043, 2546086.794762542005628 ], [ 458958.463266504870262, 2546383.225728453136981 ], [ 458825.590933332801796, 2546504.255713202059269 ], [ 458199.030247283866629, 2546690.861600457224995 ], [ 457962.621864435554016, 2546791.154628921300173 ], [ 458062.194637588923797, 2547223.724688315298408 ], [ 458178.201099342200905, 2547672.855149073060602 ], [ 458122.920038432115689, 2548056.042043996509165 ], [ 458156.461669064010493, 2548327.171072172932327 ], [ 457809.143884644261561, 2548689.036659885197878 ], [ 458060.592294106143527, 2549215.27859757328406 ], [ 458173.880908295570407, 2549429.726399802137166 ], [ 458423.059166643710341, 2549885.130624963901937 ], [ 458386.718648858717643, 2550078.962295005097985 ], [ 458392.151063125347719, 2550190.757578304037452 ], [ 458602.128184820408933, 2550553.282927763648331 ], [ 458963.922657684131991, 2550250.067583460826427 ], [ 459327.771776175766718, 2550321.032617867924273 ], [ 459676.69820113806054, 2550177.282408353406936 ], [ 460190.202261579281185, 2549899.151614212431014 ], [ 460413.81675048766192, 2550010.369333642534912 ], [ 460505.314750847232062, 2549745.547670835629106 ], [ 460640.129844385432079, 2549590.208826583344489 ], [ 461266.104933886555955, 2549609.611574613954872 ], [ 460872.105527761392295, 2548979.628424686379731 ], [ 460913.453342415683437, 2548728.225108770653605 ], [ 461501.542437935073394, 2548342.565085698384792 ], [ 461876.384514820820186, 2548291.791269486304373 ], [ 462297.916780537343584, 2548065.999330299440771 ], [ 462446.582492209330667, 2547700.307989975437522 ], [ 462781.307452607725281, 2547577.701030400115997 ], [ 463273.365211483673193, 2547687.190677599050105 ], [ 463374.160299173730891, 2547426.793637124355882 ], [ 463400.60455866868142, 2547347.02340356586501 ], [ 463246.86194307776168, 2547324.151754137594253 ], [ 462787.342576301074587, 2547119.378022323362529 ], [ 462548.113626590173226, 2546919.60189152834937 ], [ 462376.813729063724168, 2546843.645748483017087 ], [ 462193.056160376581829, 2546297.237751097884029 ], [ 462453.271511213912163, 2545869.273666544351727 ], [ 462724.504684457846452, 2545745.718264607246965 ], [ 462610.343288883857895, 2545576.627730422653258 ], [ 462447.943956153118052, 2544968.170916145201772 ], [ 462383.974150955560617, 2544384.930755626410246 ], [ 462793.47250015323516, 2544217.857878190465271 ], [ 462790.13441496953601, 2543697.566771168727428 ], [ 462874.789143864181824, 2543118.38636731961742 ], [ 463378.167960495804437, 2542767.333773229736835 ], [ 462723.077798794140108, 2542692.559662753716111 ], [ 462547.81344815553166, 2542689.674219944514334 ], [ 462243.204331618151627, 2542604.088697431143373 ], [ 462156.152281970775221, 2542629.769014274235815 ], [ 461647.64939000440063, 2542570.171577054075897 ], [ 461398.015346770989709, 2541944.237440918106586 ], [ 461573.270075686217751, 2541538.619779056403786 ], [ 461844.319601031427737, 2541314.312123488634825 ], [ 462386.718746217491571, 2541386.009208402130753 ], [ 462891.243916428473312, 2541064.828335771802813 ], [ 463199.957218091120012, 2540722.002188965212554 ], [ 463129.916383886011317, 2540165.345063635613769 ], [ 463497.056829120672774, 2539811.31260604178533 ], [ 463710.218419187352993, 2539787.549894571769983 ], [ 464099.608584580186289, 2539726.837443393655121 ], [ 464441.965220364043489, 2539282.112861759960651 ], [ 464393.046336002182215, 2538970.051103085279465 ], [ 464389.800747485365719, 2538898.103016301989555 ], [ 464491.842397548607551, 2538262.437645844649523 ], [ 464413.541084629134275, 2537664.8367829634808 ], [ 464294.462222551752347, 2537600.911923977080733 ], [ 464200.095919317740481, 2537582.316675790585577 ], [ 463997.268479108344764, 2537653.648643249180168 ], [ 463723.507706611067988, 2537644.342209310736507 ], [ 463515.262247426260728, 2537593.922542535234243 ], [ 463493.783257665636484, 2537615.007780220359564 ], [ 463062.694180536549538, 2537834.139776155818254 ], [ 462737.40260164992651, 2538129.406156352255493 ], [ 462478.771518137946259, 2538428.941708026919514 ], [ 462202.398111270274967, 2539007.494076512753963 ], [ 461892.954030447057448, 2539066.945811024401337 ], [ 461813.004566146584693, 2539071.576421317178756 ], [ 461851.498404662241228, 2539293.988869122229517 ], [ 461365.682041309541091, 2539730.284997522830963 ], [ 461696.587178099318407, 2540053.795063794590533 ], [ 461720.453799219627399, 2540167.757030106149614 ], [ 461879.247202634229325, 2540535.99046634696424 ], [ 461367.794474906928372, 2540952.426463386509567 ], [ 460857.662106817180756, 2540683.632565799634904 ], [ 460352.670338001218624, 2540816.689988414756954 ], [ 460023.278877274715342, 2540296.155600097496063 ], [ 459837.238694359082729, 2540107.350725125521421 ], [ 459713.596403424278833, 2539870.779165640007704 ], [ 459359.413631324947346, 2540435.204195348545909 ], [ 458616.5887666810886, 2540185.935000933241099 ], [ 458287.47562044224469, 2540162.489124055951834 ] ] ] ] } },
{ "type": "Feature", "properties": { "cluster": 56 }, "geometry": { "type": "Polygon", "coordinates": [ [ [ 529518.321733750868589, 2507499.675017507281154 ], [ 529340.338880725787021, 2507103.038323394488543 ], [ 528990.042565263109282, 2507096.834475814830512 ], [ 528964.175472504226491, 2507194.198302772827446 ], [ 528922.299790189485066, 2507608.123908451292664 ], [ 529518.321733750868589, 2507499.675017507281154 ] ] ] } },
{ "type": "Feature", "properties": { "cluster": 57 }, "geometry": { "type": "Polygon", "coordinates": [ [ [ 538402.042346585309133, 2547985.855271302163601 ], [ 538540.168346010963432, 2547659.636759221088141 ], [ 538390.394988162210211, 2547332.680073839146644 ], [ 537849.02358420053497, 2547488.502093049697578 ], [ 537621.595702059916221, 2547477.966796820517629 ], [ 537324.893837366020307, 2547307.85092135053128 ], [ 537140.031967589864507, 2547484.516026609111577 ], [ 537568.337829829659313, 2547470.084156996570528 ], [ 537824.383930774405599, 2547914.644737341441214 ], [ 537889.003185678622685, 2548291.196678763721138 ], [ 538281.097057109815069, 2548005.472565099131316 ], [ 538402.042346585309133, 2547985.855271302163601 ] ] ] } },
{ "type": "Feature", "properties": { "cluster": 58 }, "geometry": { "type": "Polygon", "coordinates": [ [ [ 286330.015974479669239, 2757512.951869737822562 ], [ 286291.373804053058848, 2757691.946657428983599 ], [ 286154.965888154692948, 2757945.040757003705949 ], [ 285894.846323090139776, 2758311.977886873763055 ], [ 285427.600489880656824, 2758671.632449369877577 ], [ 285202.370914089086, 2758741.638972320128232 ], [ 285036.244456261396408, 2758972.497628207318485 ], [ 284957.866313130827621, 2759128.852123954333365 ], [ 284968.580730905756354, 2759425.640124247409403 ], [ 285277.478828591760248, 2759344.346281463745981 ], [ 285927.459209842490964, 2759107.039626843295991 ], [ 286306.145419500651769, 2758835.207364428322762 ], [ 287044.84949979709927, 2758583.279573752079159 ], [ 287539.266517621115781, 2758605.531971197575331 ], [ 287997.33276643930003, 2758694.84493560064584 ], [ 288256.337867126334459, 2758521.318370770197362 ], [ 288312.719033085391857, 2758442.887080832850188 ], [ 288428.026306730462238, 2758057.734337202273309 ], [ 288456.831521468469873, 2757894.411667066626251 ], [ 288465.039649237238336, 2757555.010171045549214 ], [ 288495.035237808828242, 2757495.047461019828916 ], [ 288494.976797177572735, 2757465.021099606994539 ], [ 288540.194726262358017, 2757271.529620149638504 ], [ 288215.685011174646206, 2756934.154005832504481 ], [ 287690.785411247983575, 2757166.080527007579803 ], [ 287454.241330971824937, 2757355.888433380052447 ], [ 286885.28904350544326, 2757221.773153875023127 ], [ 286698.337485419819131, 2757350.991755602415651 ], [ 286330.015974479669239, 2757512.951869737822562 ] ] ] } },
{ "type": "Feature", "properties": { "cluster": 59 }, "geometry": { "type": "Polygon", "coordinates": [ [ [ 547364.053769167629071, 2661397.424669628962874 ], [ 547246.084504198865034, 2661409.213035105261952 ], [ 547118.688240219373256, 2661505.117324132937938 ], [ 547294.278844369808212, 2661898.748474861495197 ], [ 547347.55282837303821, 2661468.229819644242525 ], [ 547364.053769167629071, 2661397.424669628962874 ] ] ] } },
{ "type": "Feature", "properties": { "cluster": 60 }, "geometry": { "type": "Polygon", "coordinates": [ [ [ 733715.29604733036831, 2706771.890051708556712 ], [ 733604.345586493378505, 2706612.689990408252925 ], [ 733335.020321343326941, 2706675.024194029625505 ], [ 733364.95825630822219, 2706735.027626603841782 ], [ 733394.982782211154699, 2706734.973337570205331 ], [ 733425.005470311851241, 2706735.029892507940531 ], [ 733455.0300089729717, 2706734.975731931161135 ], [ 733715.29604733036831, 2706771.890051708556712 ] ] ] } },
{ "type": "Feature", "properties": { "cluster": 61 }, "geometry": { "type": "Polygon", "coordinates": [ [ [ 678228.286338947014883, 2857843.518029724713415 ], [ 677885.077021342236549, 2857864.363246682099998 ], [ 678045.014372712816112, 2858235.025953420437872 ], [ 678045.009699090733193, 2858265.051223089918494 ], [ 678074.995123064843938, 2858234.987951619550586 ], [ 678074.999859137577005, 2858204.96267912350595 ], [ 678228.286338947014883, 2857843.518029724713415 ] ] ] } },
{ "type": "Feature", "properties": { "cluster": 62 }, "geometry": { "type": "Polygon", "coordinates": [ [ [ 288634.267769664060324, 2801562.082282398827374 ], [ 288167.236951488885097, 2801901.837380076292902 ], [ 287581.184800893766806, 2801781.413168532308191 ], [ 287342.661572965793312, 2801409.531328573357314 ], [ 286984.021537498745602, 2801213.519964708946645 ], [ 286678.474576422711834, 2801445.50954231293872 ], [ 286248.522401865571737, 2801644.019768386613578 ], [ 286145.09040632401593, 2801853.982526119798422 ], [ 286113.175131291849539, 2802000.757893315982074 ], [ 285917.246511510864366, 2802347.379293201491237 ], [ 285928.313068924064282, 2802790.443911540322006 ], [ 285507.121992208994925, 2803029.843458839226514 ], [ 284992.307756321039051, 2803081.264712238218635 ], [ 284656.604563786706422, 2803060.031131275463849 ], [ 284463.992727889097296, 2802981.110530938021839 ], [ 284063.060180747706909, 2802849.015361594036222 ], [ 283633.968782976153307, 2803096.359848365653306 ], [ 283013.969850558904, 2802932.354858461301774 ], [ 282404.953312401776202, 2803262.424350255634636 ], [ 282671.044865779520478, 2803463.132754555903375 ], [ 282915.6924950844259, 2803396.02528636995703 ], [ 283514.988585976534523, 2803839.603006831370294 ], [ 283973.961131411255337, 2803636.097678762394935 ], [ 284348.696981059387326, 2803517.065883149858564 ], [ 284381.797650084714405, 2803508.779260620009154 ], [ 284791.202166158182081, 2803605.287129216361791 ], [ 285364.108313353324775, 2803535.200969140511006 ], [ 285466.290785375691485, 2803501.438259261194617 ], [ 285831.547184544149786, 2803545.491215157322586 ], [ 285854.879726696934085, 2803556.201324187684804 ], [ 286076.460003398475237, 2804192.055596246384084 ], [ 286514.684497762355022, 2803567.890978827606887 ], [ 286857.295227400260046, 2803708.734487982466817 ], [ 287471.23723251640331, 2803495.145267143845558 ], [ 287742.768781001097523, 2803791.156606980599463 ], [ 288148.832915558014065, 2803870.086754995863885 ], [ 288341.026409516460262, 2803988.954714810010046 ], [ 288466.336196387477685, 2804081.173328675329685 ], [ 288853.395953845581971, 2804105.017967296764255 ], [ 289148.702982698916458, 2803992.90776415867731 ], [ 289401.741665975539945, 2804075.378999789711088 ], [ 289797.50856560660759, 2804141.221322766039521 ], [ 290042.027757658273913, 2803871.469428822398186 ], [ 290508.620174239564221, 2803894.122297324240208 ], [ 290595.451287878444418, 2803973.6611807201989 ], [ 290927.60515360836871, 2804223.356797548010945 ], [ 291105.504562470829114, 2804526.422735435888171 ], [ 291029.024297960859258, 2804918.757445095106959 ], [ 291113.990574816823937, 2805332.964494296815246 ], [ 291078.530134972825181, 2805708.042108089197427 ], [ 291345.707828172831796, 2805861.243095827754587 ], [ 291553.559183341101743, 2806019.799940058961511 ], [ 291674.873334059142508, 2806376.934758094139397 ], [ 291883.316627409891225, 2806118.854357054457068 ], [ 292164.086319616646506, 2805784.312618074938655 ], [ 292922.667549327015877, 2805943.260480083990842 ], [ 292932.697489311452955, 2806071.640743254218251 ], [ 292949.057429532520473, 2806153.385228975676 ], [ 293000.764026904769707, 2806373.093038853723556 ], [ 293028.584009702317417, 2806676.272680279798806 ], [ 293115.362760751624592, 2806885.468750173225999 ], [ 293167.664217160607222, 2807013.199091680347919 ], [ 293200.34261361148674, 2807305.223640090320259 ], [ 293466.995037268148735, 2807231.319071392528713 ], [ 293624.197468586207833, 2807175.719626129139215 ], [ 293775.22624141711276, 2807111.352353320457041 ], [ 293705.612791211577132, 2806510.747183177154511 ], [ 293724.008134989941027, 2806200.210630022920668 ], [ 293480.28845059487503, 2805801.725591784343123 ], [ 293611.439191180514172, 2805490.567366395145655 ], [ 293809.125124239246361, 2805118.557133696973324 ], [ 293636.642204804113135, 2804967.180967191234231 ], [ 293211.317502117657568, 2804677.85682656802237 ], [ 292865.292541891918518, 2804700.904291631653905 ], [ 292399.345513408072293, 2804129.673875496722758 ], [ 292256.931892246357165, 2803905.825910120736808 ], [ 292215.172538093582261, 2803679.318056037183851 ], [ 291890.322772212966811, 2803510.367385211400688 ], [ 291382.563164655119181, 2803040.645609525498003 ], [ 291557.161468527279794, 2802674.499177809804678 ], [ 291258.017429635860026, 2802346.710605945438147 ], [ 290992.765706775477156, 2802322.011726311873645 ], [ 290451.552050469443202, 2802231.7973244166933 ], [ 290272.314406386343762, 2801586.364574247039855 ], [ 290071.438329884433188, 2801363.444639838300645 ], [ 289973.403690173581708, 2801147.789554887451231 ], [ 290196.618740159203298, 2800540.417494563851506 ], [ 290003.352160547743551, 2799966.121345181018114 ], [ 289811.169543688360136, 2799526.99451936641708 ], [ 289363.557557490305044, 2799245.875813202466816 ], [ 289256.862720241071656, 2799444.778533989097923 ], [ 289102.232646734570153, 2799605.648990655783564 ], [ 289036.454746819566935, 2800230.523539631161839 ], [ 289104.658664538059384, 2800598.446139183826745 ], [ 288828.539880406344309, 2801233.262858345173299 ], [ 288634.267769664060324, 2801562.082282398827374 ] ] ] } },
{ "type": "Feature", "properties": { "cluster": 63 }, "geometry": { "type": "Polygon", "coordinates": [ [ [ 657865.86877287121024, 2831110.470346963498741 ], [ 657829.806622888077982, 2831186.480677348095924 ], [ 657825.004700435325503, 2831294.987478884868324 ], [ 658244.953429664368741, 2831444.980962794739753 ], [ 657983.726395338308066, 2831168.365229402668774 ], [ 657865.86877287121024, 2831110.470346963498741 ] ] ] } },
{ "type": "Feature", "properties": { "cluster": 64 }, "geometry": { "type": "Polygon", "coordinates": [ [ [ 556148.011803439003415, 2497604.774772173259407 ], [ 556156.434105118270963, 2497550.563102092593908 ], [ 556270.484838843578473, 2497285.303557632490993 ], [ 556263.869636087678373, 2497126.979760769754648 ], [ 556142.754019505809993, 2496794.439220152329654 ], [ 556205.136459439061582, 2496603.158553362824023 ], [ 556107.700726861483417, 2496259.635492918547243 ], [ 555866.613321736338548, 2496684.946261168457568 ], [ 555109.94425397424493, 2496408.783780461642891 ], [ 555153.4388782576425, 2496892.693397900555283 ], [ 555137.748223347822204, 2496967.912133294157684 ], [ 555288.056853607995436, 2497477.667618389241397 ], [ 555740.861208650632761, 2497907.711571763269603 ], [ 556073.209379293257371, 2497820.364129450637847 ], [ 556148.011803439003415, 2497604.774772173259407 ] ] ] } },
{ "type": "Feature", "properties": { "cluster": 65 }, "geometry": { "type": "Polygon", "coordinates": [ [ [ 373538.380611808155663, 2760603.683090574108064 ], [ 373691.944376630359329, 2760613.342598545365036 ], [ 373934.975062136887573, 2760525.049119643401355 ], [ 373867.578221715288237, 2760388.001472034491599 ], [ 373458.685030901688151, 2760283.230501968879253 ], [ 373210.593096501601394, 2760643.260248920880258 ], [ 373231.13807379710488, 2760790.373905261978507 ], [ 373538.380611808155663, 2760603.683090574108064 ] ] ] } },
{ "type": "Feature", "properties": { "cluster": 505 }, "geometry": { "type": "Polygon", "coordinates": [ [ [ 544640.41400553449057, 2647054.101439245045185 ], [ 544571.95713628467638, 2647142.461948088370264 ], [ 544760.661912920302711, 2647327.944632403086871 ], [ 544841.307928604539484, 2646920.760182642843574 ], [ 544640.41400553449057, 2647054.101439245045185 ] ] ] } },
{ "type": "Feature", "properties": { "cluster": 66 }, "geometry": { "type": "Polygon", "coordinates": [ [ [ 652004.994795218342915, 2889465.01065185200423 ], [ 652005.045490855583921, 2889434.98861009022221 ], [ 651974.990757482126355, 2889464.992510094307363 ], [ 651986.385812974767759, 2889499.801201454363763 ], [ 652414.404502327553928, 2890015.526454431470484 ], [ 652004.994795218342915, 2889465.01065185200423 ] ] ] } },
{ "type": "Feature", "properties": { "cluster": 67 }, "geometry": { "type": "Polygon", "coordinates": [ [ [ 341597.505123420327436, 2679633.731430213432759 ], [ 341548.149949461163487, 2679489.189467689488083 ], [ 341504.543037803668994, 2679041.105500084813684 ], [ 341376.483568382333033, 2679034.784235720988363 ], [ 341199.263063895283267, 2678992.464232581201941 ], [ 340991.315762052196078, 2679108.875645245425403 ], [ 341063.473320830904413, 2679474.677678606472909 ], [ 341151.611324660829268, 2679544.575455607846379 ], [ 341601.417092361836694, 2679802.040449913591146 ], [ 341597.505123420327436, 2679633.731430213432759 ] ] ] } },
{ "type": "Feature", "properties": { "cluster": 151 }, "geometry": { "type": "Polygon", "coordinates": [ [ [ 537254.035889386432245, 2651477.177941294852644 ], [ 536690.513144416036084, 2651844.409043481573462 ], [ 537021.060307072824799, 2651874.04457468772307 ], [ 537074.893938951543532, 2651906.291232848539948 ], [ 537459.268681618850678, 2651969.290923236403614 ], [ 537812.7624420307111, 2651396.710121708456427 ], [ 537254.035889386432245, 2651477.177941294852644 ] ] ] } },
{ "type": "Feature", "properties": { "cluster": 68 }, "geometry": { "type": "Polygon", "coordinates": [ [ [ 465503.117279109719675, 2638401.525421134661883 ], [ 465041.684210886480287, 2637913.281268558464944 ], [ 464978.961758455785457, 2637663.220249555073678 ], [ 464661.70812931394903, 2637849.992947105783969 ], [ 464470.431275421055034, 2637915.783878857735544 ], [ 464222.55272378725931, 2638151.10989796416834 ], [ 464370.778094575682189, 2638384.349398997612298 ], [ 464928.716075325966813, 2638357.517881550360471 ], [ 465503.117279109719675, 2638401.525421134661883 ] ] ] } },
{ "type": "Feature", "properties": { "cluster": 69 }, "geometry": { "type": "Polygon", "coordinates": [ [ [ 552064.178899386199191, 2643980.103633387945592 ], [ 551715.026916518225335, 2644154.995328617282212 ], [ 551654.966574723017402, 2644185.005329113453627 ], [ 551365.070017982739955, 2644215.632607122417539 ], [ 551125.776168636279181, 2644242.45960149448365 ], [ 551389.112510725622997, 2644608.763606901280582 ], [ 551103.569872424704954, 2645049.507119530811906 ], [ 551531.948491542367265, 2645366.579107538796961 ], [ 551472.775981988175772, 2644837.139715077821165 ], [ 551678.84710038441699, 2644422.689713907893747 ], [ 551774.961032370105386, 2644245.002326664980501 ], [ 552095.576582019217312, 2644023.396897085942328 ], [ 552310.781627148739062, 2643624.489135242532939 ], [ 552064.178899386199191, 2643980.103633387945592 ] ] ] } },
{ "type": "Feature", "properties": { "cluster": 70 }, "geometry": { "type": "Polygon", "coordinates": [ [ [ 495582.217988048039842, 2526688.67826669709757 ], [ 495173.905769732315093, 2526750.793598766904324 ], [ 494926.696847850456834, 2526889.246488776989281 ], [ 494663.142243802722078, 2527211.467371758073568 ], [ 494170.73262050410267, 2527300.207181406207383 ], [ 494582.245594686537515, 2527634.361449196469039 ], [ 494758.770212249422912, 2527837.983174498192966 ], [ 494894.187372684187721, 2527840.150830230675638 ], [ 495165.007066790072713, 2527799.103695034980774 ], [ 495389.682180460076779, 2527820.06614903640002 ], [ 495537.416522845684085, 2527844.375367248430848 ], [ 495673.861596320115495, 2527854.298540949355811 ], [ 495610.146847355994396, 2527474.623621656559408 ], [ 495794.712507864052895, 2527123.659508154261857 ], [ 495582.217988048039842, 2526688.67826669709757 ] ] ] } },
{ "type": "Feature", "properties": { "cluster": 71 }, "geometry": { "type": "Polygon", "coordinates": [ [ [ 304283.517412705346942, 2818732.295431538950652 ], [ 304225.600576985627413, 2818692.146270632278174 ], [ 303795.361174643039703, 2818708.416668091434985 ], [ 303468.760927591938525, 2818727.611159958876669 ], [ 303463.638185740215704, 2818789.734610924497247 ], [ 303407.992543963249773, 2819178.353437544777989 ], [ 303358.548998336365912, 2819304.284370412584394 ], [ 303152.123998248542193, 2819561.052374633029103 ], [ 302546.894161313539371, 2819644.20485983742401 ], [ 303264.139247302082367, 2819792.086759712081403 ], [ 303601.713954807491973, 2819905.684718050993979 ], [ 304008.123695473710541, 2819844.325912199914455 ], [ 304160.405858629615977, 2819941.816555915866047 ], [ 304318.118098094477318, 2820066.929372864309698 ], [ 304511.350245168316178, 2819938.900933266151696 ], [ 304819.155521260167006, 2819943.271660764236003 ], [ 305251.539705152157694, 2819593.493580524809659 ], [ 304820.074482886120677, 2819454.631610870361328 ], [ 304675.849637619918212, 2819426.81972923129797 ], [ 304333.219104622490704, 2819104.96458483999595 ], [ 304283.517412705346942, 2818732.295431538950652 ] ] ] } },
{ "type": "Feature", "properties": { "cluster": 72 }, "geometry": { "type": "Polygon", "coordinates": [ [ [ 321619.202941857744008, 2840281.495888251811266 ], [ 322004.739581143308897, 2840205.412469292525202 ], [ 322436.596562707563862, 2840514.275844467338175 ], [ 322489.4522357370588, 2840637.655381314456463 ], [ 322706.487088516936637, 2840199.342920036055148 ], [ 323444.955904263362754, 2839965.03547869483009 ], [ 323156.560299949429464, 2839616.115786063019186 ], [ 322443.27398804546101, 2839437.291763787623495 ], [ 322268.284178603498731, 2839491.705465823411942 ], [ 321715.949076330987737, 2839635.385980388149619 ], [ 321576.858200269285589, 2839596.261717104818672 ], [ 321153.630135325249285, 2839782.548614976927638 ], [ 320798.0105519304052, 2839695.387088503688574 ], [ 320752.099835308792535, 2839715.949638735502958 ], [ 320437.785978877102025, 2839936.243758151773363 ], [ 320385.541143633425236, 2840304.783062727656215 ], [ 320750.6809783159988, 2840205.672310499008745 ], [ 320995.112489653169177, 2840313.165700952056795 ], [ 321149.875466065132059, 2840249.035284849349409 ], [ 321619.202941857744008, 2840281.495888251811266 ] ] ] } },
{ "type": "Feature", "properties": { "cluster": 73 }, "geometry": { "type": "Polygon", "coordinates": [ [ [ 416754.720299985259771, 2588091.187228919938207 ], [ 417103.12961932097096, 2588082.580672323238105 ], [ 417734.819008791178931, 2587930.681743597611785 ], [ 416989.854574055294506, 2587928.215040541253984 ], [ 416749.001010109612253, 2587802.249274441972375 ], [ 416542.366265157354064, 2587764.666839866898954 ], [ 416149.681787129491568, 2587715.96546170162037 ], [ 415899.468715966213495, 2587563.494431945495307 ], [ 415789.385620126617141, 2587255.223023443948478 ], [ 415617.033299439295661, 2587317.102579757105559 ], [ 415783.683115929714404, 2587688.158175554126501 ], [ 415830.137162688013632, 2587949.184541150461882 ], [ 415800.246891166374553, 2588083.322620277758688 ], [ 416140.461634618521202, 2588250.77977278875187 ], [ 416407.6091983486549, 2588148.510013393592089 ], [ 416754.720299985259771, 2588091.187228919938207 ] ] ] } },
{ "type": "Feature", "properties": { "cluster": 74 }, "geometry": { "type": "MultiPolygon", "coordinates": [ [ [ [ 516014.975303947576322, 2503634.979261441621929 ], [ 516104.053220239642542, 2503837.755592276342213 ], [ 516087.292892456287518, 2504142.149662053678185 ], [ 516321.764903134957422, 2503949.78852281300351 ], [ 516797.809882043569814, 2503664.710465441457927 ], [ 516486.699065201159101, 2503454.051171326544136 ], [ 516550.986831823189277, 2502917.249409072566777 ], [ 516639.698266262421384, 2502604.078665847890079 ], [ 516822.771981142403092, 2502455.947518357075751 ], [ 517207.165798128233291, 2502392.171820942312479 ], [ 517146.946546103281435, 2502026.810719608329237 ], [ 517471.13923729583621, 2501597.680877199396491 ], [ 517241.067779594042804, 2501487.832048529759049 ], [ 517113.886285199958365, 2501265.192600621841848 ], [ 516772.193358145537786, 2500786.612784325610846 ], [ 516429.697559719497804, 2501036.411744139157236 ], [ 516257.661429721512832, 2501423.660026007331908 ], [ 516236.739416599681135, 2501771.219734991900623 ], [ 515995.803436848626006, 2502218.173508918378502 ], [ 515612.438135799777228, 2502281.980665965005755 ], [ 515268.246556332625914, 2502224.072039131540805 ], [ 515240.378644429089036, 2502346.915613813325763 ], [ 515199.000684847123921, 2502622.504849221091717 ], [ 515283.864579953020439, 2503048.765067478641868 ], [ 515282.490870326757431, 2503395.239142543636262 ], [ 515170.232733896467835, 2503654.153841958846897 ], [ 515371.78176805563271, 2503499.381976490374655 ], [ 515718.081195807782933, 2503477.594916638918221 ], [ 516014.975303947576322, 2503634.979261441621929 ] ] ], [ [ [ 515967.668875776056666, 2504559.345201045274734 ], [ 516087.292892456287518, 2504142.149662053678185 ], [ 515913.410722850705497, 2504369.999804339371622 ], [ 515967.668875776056666, 2504559.345201045274734 ] ] ], [ [ [ 516938.601638842432294, 2504572.56662226608023 ], [ 516935.477578549005557, 2504610.199558812193573 ], [ 516875.518682876427192, 2504942.219174951780587 ], [ 516319.361897992203012, 2505238.278722818940878 ], [ 516027.732825454731937, 2505089.638389257248491 ], [ 515967.668875776056666, 2504559.345201045274734 ], [ 515805.706963458389509, 2505189.03294269181788 ], [ 515611.375374013616238, 2505336.057959307450801 ], [ 515984.931217712059151, 2505737.161302351858467 ], [ 516346.435313121997751, 2505861.52261893870309 ], [ 516542.361921668285504, 2506139.579048531129956 ], [ 516592.354602737585083, 2506459.543205931317061 ], [ 516393.627487606427167, 2506881.078554922714829 ], [ 516353.313845915079582, 2507113.496002484578639 ], [ 516241.130254307878204, 2507310.414404266513884 ], [ 515717.03049946873216, 2507495.834504592232406 ], [ 514943.51243457919918, 2507487.309142133686692 ], [ 514860.080760750395712, 2506661.439346191007644 ], [ 514150.042479730618652, 2506837.877704883925617 ], [ 513766.277398200007156, 2506342.718612405937165 ], [ 513808.799971690343227, 2507034.603210743982345 ], [ 513560.062374252185691, 2507184.926110601518303 ], [ 513760.878236586460844, 2507774.005773844663054 ], [ 513701.046998556877952, 2508054.011683329474181 ], [ 513680.424214727419894, 2508141.44268289161846 ], [ 513601.883349762065336, 2508671.604416151065379 ], [ 513604.881984965468291, 2508764.591426331084222 ], [ 513566.604956121300347, 2509070.077376283705235 ], [ 514026.709999478422105, 2509134.696942401584238 ], [ 514235.709465692343656, 2508611.299922596197575 ], [ 514576.799792159814388, 2508542.990608309395611 ], [ 515265.295754242222756, 2508263.603709701448679 ], [ 515611.335379346797708, 2508390.146809294819832 ], [ 516223.342109313060064, 2508582.288720656186342 ], [ 516593.283047579461709, 2508440.995912665035576 ], [ 516712.985571727273054, 2507940.781855020672083 ], [ 517215.04477934492752, 2507894.958289505448192 ], [ 517616.961368947464507, 2507929.621815493330359 ], [ 517214.975885780237149, 2507864.959673615172505 ], [ 517278.902431037742645, 2507110.087445873767138 ], [ 517468.138172425911762, 2506922.120188994333148 ], [ 517878.12209231837187, 2506844.000742406118661 ], [ 518163.094535880140029, 2506500.073629497084767 ], [ 518586.306009696738329, 2506539.326198671944439 ], [ 519175.456488222640473, 2506965.125888162758201 ], [ 519788.037793851748575, 2507517.172362497542053 ], [ 520349.232891527703032, 2508054.78508392162621 ], [ 520432.223105664772447, 2508215.405057729687542 ], [ 520466.990978766290937, 2508332.789355768356472 ], [ 520217.71382354979869, 2508856.049103162251413 ], [ 520347.21094196481863, 2508800.8732247534208 ], [ 520702.959706908790395, 2508545.643926631193608 ], [ 521040.767971842142288, 2508645.732369665056467 ], [ 521443.581126626464538, 2508534.490059905685484 ], [ 521529.253378917346708, 2508240.159203562419862 ], [ 521798.032091628352646, 2507766.761754289735109 ], [ 522050.36057951109251, 2507314.377594530582428 ], [ 521998.154600874404423, 2507185.895008753053844 ], [ 521969.710790760116652, 2506963.355278502684087 ], [ 521686.930477192392573, 2507155.561936100944877 ], [ 521194.371727908262983, 2506767.434896453749388 ], [ 521165.514998703205492, 2506833.812371541745961 ], [ 520761.484416859340854, 2507053.542451192624867 ], [ 520177.57907376420917, 2506581.195845859125257 ], [ 519924.409473099163733, 2506136.973807235248387 ], [ 519115.904411214985885, 2506119.336413481272757 ], [ 518660.008610995137133, 2505915.092934281565249 ], [ 518547.393364934017882, 2505589.510971867013723 ], [ 518613.402377318940125, 2505379.269795062486082 ], [ 519193.428629412897862, 2504925.028802396729589 ], [ 519588.912359640642535, 2504986.413034583441913 ], [ 519975.971049337240402, 2505202.7702645980753 ], [ 520051.734676426043734, 2504621.718041013460606 ], [ 519602.325864852988161, 2504140.717071808874607 ], [ 519306.682458448514808, 2503924.484979833010584 ], [ 519169.366492216824554, 2503629.86269504064694 ], [ 519156.772799169761129, 2503840.168002045247704 ], [ 518815.101472303736955, 2504278.097317285370082 ], [ 518177.358506461314391, 2504008.336250221822411 ], [ 518168.433261591999326, 2503737.12223959621042 ], [ 518120.077224540524185, 2503790.198589794803411 ], [ 517591.587559395004064, 2504093.993454486131668 ], [ 517241.756018247397151, 2504524.199586835689843 ], [ 516938.601638842432294, 2504572.56662226608023 ] ] ] ] } },
{ "type": "Feature", "properties": { "cluster": 75 }, "geometry": { "type": "Polygon", "coordinates": [ [ [ 561728.47450996004045, 2656658.066713927313685 ], [ 561340.251681409426965, 2656594.394308354705572 ], [ 561282.738589185522869, 2656962.846836962271482 ], [ 560837.026522106491029, 2657266.533356735017151 ], [ 561162.645354983746074, 2657697.516768633387983 ], [ 561609.373149142018519, 2657392.737570775207132 ], [ 561726.941404725192115, 2657249.307553056627512 ], [ 561780.028030438465066, 2657201.926812598947436 ], [ 561728.47450996004045, 2656658.066713927313685 ] ] ] } },
{ "type": "Feature", "properties": { "cluster": 76 }, "geometry": { "type": "Polygon", "coordinates": [ [ [ 355448.155308499233797, 2779037.52987117646262 ], [ 355442.39963209402049, 2779065.282332994043827 ], [ 355519.90520868927706, 2779241.683271591551602 ], [ 355884.019548416836187, 2779344.155242561828345 ], [ 356042.721138749504462, 2778999.103423477616161 ], [ 355660.05203562148381, 2778954.421469492372125 ], [ 355469.248767023847904, 2778744.885689536575228 ], [ 355448.155308499233797, 2779037.52987117646262 ] ] ] } },
{ "type": "Feature", "properties": { "cluster": 77 }, "geometry": { "type": "Polygon", "coordinates": [ [ [ 346620.274642088683322, 2882178.873798863496631 ], [ 346518.850042021891568, 2882489.154722681734711 ], [ 346800.432699916535057, 2882522.40418400708586 ], [ 346898.563576462562196, 2882442.595528326928616 ], [ 346930.087322503328323, 2882400.127682405523956 ], [ 347003.21943874011049, 2882236.417300493456423 ], [ 347056.968054102093447, 2881870.19986630231142 ], [ 346805.91172590298811, 2882051.506981279235333 ], [ 346620.274642088683322, 2882178.873798863496631 ] ] ] } },
{ "type": "Feature", "properties": { "cluster": 78 }, "geometry": { "type": "Polygon", "coordinates": [ [ [ 324421.949366452405229, 2840241.903127878438681 ], [ 324350.838981269276701, 2840558.597246925346553 ], [ 324317.627935701981187, 2840855.955810568295419 ], [ 324628.095950511749834, 2841025.789503122214228 ], [ 325024.188227792852558, 2841294.211544895544648 ], [ 325509.973093796637841, 2840674.036287640221417 ], [ 324868.459706481546164, 2840448.720526789315045 ], [ 324872.806714495352935, 2840169.471727228723466 ], [ 324796.362084762658924, 2840082.956385981757194 ], [ 324421.949366452405229, 2840241.903127878438681 ] ] ] } },
{ "type": "Feature", "properties": { "cluster": 507 }, "geometry": { "type": "Polygon", "coordinates": [ [ [ 340731.71899720269721, 2688982.668320626486093 ], [ 340838.999271815584507, 2688774.337580602616072 ], [ 340581.006580015993677, 2688490.378610440529883 ], [ 340407.06117280269973, 2688997.409542124252766 ], [ 340209.109023140277714, 2689086.04107500705868 ], [ 339581.522479413542897, 2689330.184380002319813 ], [ 340386.896018386236392, 2689368.68446537759155 ], [ 340498.146242403949145, 2689512.523284911643714 ], [ 340731.71899720269721, 2688982.668320626486093 ] ] ] } },
{ "type": "Feature", "properties": { "cluster": 79 }, "geometry": { "type": "Polygon", "coordinates": [ [ [ 651083.871436503832228, 2793938.32191207120195 ], [ 651058.388663037796505, 2793874.898022765293717 ], [ 651005.179769946145825, 2793678.240017224568874 ], [ 650987.358397294650786, 2793650.348421127535403 ], [ 650641.261656022863463, 2793791.597730167210102 ], [ 650785.817284247255884, 2793927.24098629783839 ], [ 650858.795442026574165, 2794067.625703942030668 ], [ 651083.871436503832228, 2793938.32191207120195 ] ] ] } },
{ "type": "Feature", "properties": { "cluster": 80 }, "geometry": { "type": "MultiPolygon", "coordinates": [ [ [ [ 564465.04189452319406, 2695484.946640444453806 ], [ 564435.020190199953504, 2695485.030683165881783 ], [ 564465.005944436648861, 2695514.953263774514198 ], [ 564495.027079739142209, 2695514.98001023940742 ], [ 564465.04189452319406, 2695484.946640444453806 ] ] ], [ [ [ 566042.424763697083108, 2695778.373673724010587 ], [ 565695.024650354171172, 2695785.052907305769622 ], [ 565531.678278301493265, 2695688.513332240749151 ], [ 564996.987782168551348, 2695950.670802349224687 ], [ 565616.017159965937026, 2696089.735873513389379 ], [ 566042.424763697083108, 2695778.373673724010587 ] ] ] ] } },
{ "type": "Feature", "properties": { "cluster": 81 }, "geometry": { "type": "Polygon", "coordinates": [ [ [ 536054.189859617734328, 2650022.630720452871174 ], [ 535669.837013310519978, 2649927.562294946517795 ], [ 535547.950990108889528, 2650254.977625853382051 ], [ 535543.483764950069599, 2650415.503994501195848 ], [ 535587.776983371237293, 2650606.044422541745007 ], [ 535892.961608270998113, 2650618.983236498665065 ], [ 536461.037316614063457, 2650872.84704057360068 ], [ 536529.730681250570342, 2650265.193025497253984 ], [ 536054.189859617734328, 2650022.630720452871174 ] ] ] } },
{ "type": "Feature", "properties": { "cluster": 82 }, "geometry": { "type": "Polygon", "coordinates": [ [ [ 630464.972308844793588, 2625195.006527906283736 ], [ 630414.261426659068093, 2625086.470491795334965 ], [ 629747.061811886029318, 2624911.060147296637297 ], [ 630202.982452466385439, 2625341.484412650577724 ], [ 630524.71314701193478, 2625387.563351524062455 ], [ 630464.972308844793588, 2625195.006527906283736 ] ] ] } },
{ "type": "Feature", "properties": { "cluster": 83 }, "geometry": { "type": "Polygon", "coordinates": [ [ [ 405591.457455975527409, 2624744.394975135568529 ], [ 405032.851568677346222, 2624899.733268215786666 ], [ 404999.881808388105128, 2625001.815920141991228 ], [ 405492.020191602408886, 2625284.271362929139286 ], [ 405765.023263408569619, 2625195.022906479425728 ], [ 405944.14394643396372, 2625214.89813188277185 ], [ 406265.661082235979848, 2624808.673006224445999 ], [ 406004.975378894596361, 2624534.987747762817889 ], [ 405591.457455975527409, 2624744.394975135568529 ] ] ] } },
{ "type": "Feature", "properties": { "cluster": 84 }, "geometry": { "type": "Polygon", "coordinates": [ [ [ 549677.462025927030481, 2672610.1085344417952 ], [ 549376.941015487653203, 2672561.451896505430341 ], [ 549287.674154715263285, 2672524.6044583581388 ], [ 549425.234927134239115, 2672987.893013411201537 ], [ 549509.920809445320629, 2672880.788956214673817 ], [ 549677.462025927030481, 2672610.1085344417952 ] ] ] } },
{ "type": "Feature", "properties": { "cluster": 85 }, "geometry": { "type": "Polygon", "coordinates": [ [ [ 670416.258968724636361, 2861257.767323142383248 ], [ 670395.001718873623759, 2860995.029308506287634 ], [ 670263.508106352877803, 2860900.152722863480449 ], [ 670334.968849482946098, 2861025.051926143933088 ], [ 670416.258968724636361, 2861257.767323142383248 ] ] ] } },
{ "type": "Feature", "properties": { "cluster": 554 }, "geometry": { "type": "Polygon", "coordinates": [ [ [ 334829.746270806062967, 2766962.926145557779819 ], [ 334825.067604680021759, 2767494.698622477706522 ], [ 335044.724642567278352, 2766960.330773247871548 ], [ 334829.746270806062967, 2766962.926145557779819 ] ] ] } },
{ "type": "Feature", "properties": { "cluster": 86 }, "geometry": { "type": "Polygon", "coordinates": [ [ [ 348095.347160675446503, 2764517.339393297675997 ], [ 347845.74090576620074, 2765130.438159536570311 ], [ 347192.312851886381395, 2765014.768531671259552 ], [ 347488.660489583795425, 2765608.497469130903482 ], [ 347383.408549319196027, 2765946.404000721871853 ], [ 347836.896171590837184, 2765787.385171180125326 ], [ 348132.979338094359264, 2766361.190717224497348 ], [ 348151.846570815425366, 2766514.947385037317872 ], [ 348426.721156927291304, 2767090.101262556854635 ], [ 348363.619244464323856, 2767770.91082011256367 ], [ 348316.491759081138298, 2768071.61277497978881 ], [ 348643.005980513466056, 2768300.603270072024316 ], [ 348754.697337756399065, 2768361.396067495923489 ], [ 349165.759683625306934, 2768845.333977572154254 ], [ 349344.090085564530455, 2769092.591479501221329 ], [ 349704.865733252547216, 2769595.928550167474896 ], [ 349772.719149904325604, 2769801.208020684774965 ], [ 350093.344455568236299, 2769959.403778933919966 ], [ 350192.528997162706219, 2770445.688058268278837 ], [ 350232.935009560140315, 2770725.484173810109496 ], [ 350270.714451817446388, 2770949.925913834944367 ], [ 350274.227213346050121, 2770994.19402389228344 ], [ 350299.680567390518263, 2771106.896774364169687 ], [ 350301.394054435018916, 2771171.122618998866528 ], [ 350137.599579476634972, 2771600.479751168284565 ], [ 349714.325808850233443, 2771829.991823297925293 ], [ 349509.381483134289738, 2772093.661109465174377 ], [ 349167.868505899445154, 2772415.334722825791687 ], [ 349928.103322402457707, 2772552.054741445463151 ], [ 350217.113891595974565, 2772960.930947525892407 ], [ 350668.804397837026045, 2773025.760716420598328 ], [ 350802.205436139251105, 2773046.453985034953803 ], [ 351250.416130233148579, 2772885.37726031197235 ], [ 351499.228725443303119, 2772942.479640299919993 ], [ 351791.495512172172312, 2773284.890826646238565 ], [ 351772.694277902017348, 2773875.479198785033077 ], [ 351239.745706606772728, 2774219.122190415393561 ], [ 351632.442551313783042, 2774614.709012576378882 ], [ 351669.059395751799457, 2775013.069682392291725 ], [ 351161.786172349762637, 2775394.100280056707561 ], [ 351122.894428153464105, 2775527.445377551950514 ], [ 351321.144261238630861, 2776039.23818705836311 ], [ 351492.36830862541683, 2776201.305032220203429 ], [ 351574.769673874368891, 2776635.720046896953136 ], [ 351988.134552788804285, 2776527.100304148159921 ], [ 352159.365505302790552, 2776505.302368538454175 ], [ 352630.051633145485539, 2776007.291215627919883 ], [ 352995.337917630560696, 2776021.066552845295519 ], [ 353302.172834821976721, 2776414.300246114842594 ], [ 353290.595019732601941, 2776650.356333784293383 ], [ 353664.587536871316843, 2776443.630956982262433 ], [ 353596.146310033975169, 2775988.01182767841965 ], [ 353418.822334597876761, 2775537.994720557704568 ], [ 353462.838621333707124, 2775410.140688624698669 ], [ 353945.38224841945339, 2775069.340079808142036 ], [ 354068.516283877019305, 2775075.774386608041823 ], [ 354366.966350499424152, 2775252.020985222887248 ], [ 354714.545725864009, 2775401.166091595310718 ], [ 354935.798166154883802, 2775338.995472251903266 ], [ 355219.094558653770946, 2775324.905653978697956 ], [ 355439.016446598223411, 2775422.258713611401618 ], [ 355791.339115637470968, 2775735.311575528699905 ], [ 356056.737041247892193, 2775460.024137916509062 ], [ 356063.724808369588573, 2775071.167320086155087 ], [ 356420.163214925676584, 2774818.187478308100253 ], [ 356595.736200804589316, 2774439.741040932014585 ], [ 356998.486962363938801, 2773790.864290487486869 ], [ 357126.371143868134823, 2773768.478403612971306 ], [ 356639.787317540263757, 2773352.683589500840753 ], [ 356860.061419346777257, 2772905.099415546748787 ], [ 356930.928540397551842, 2772832.359454916790128 ], [ 356294.298730642418377, 2772446.948279909323901 ], [ 356320.631844818708487, 2772073.396739448420703 ], [ 355862.198590267682448, 2771751.478537761140615 ], [ 355650.737646053894423, 2771791.373751716222614 ], [ 354992.635078220162541, 2771387.415978700388223 ], [ 354973.204079172108322, 2771267.996953585185111 ], [ 354951.507833738345653, 2771125.341516206972301 ], [ 354971.111710721277632, 2770406.273008015472442 ], [ 355161.252156153786927, 2770352.195329393260181 ], [ 355564.964624528191052, 2770360.102416310925037 ], [ 356193.258922634180635, 2770422.143419025931507 ], [ 356267.164244522689842, 2770157.747781683225185 ], [ 355868.234257575357333, 2769838.523022995796055 ], [ 355798.919113394571468, 2769485.918513390701264 ], [ 355366.037004598067142, 2769489.388271684292704 ], [ 355260.84226081444649, 2769847.162739412859082 ], [ 355031.322283036774024, 2769994.698444325476885 ], [ 354768.330120553611778, 2770030.722390965558589 ], [ 354413.424846940790303, 2769680.055693900678307 ], [ 353984.218103691935539, 2769555.043481979053468 ], [ 353525.361298401257955, 2769489.06758980685845 ], [ 353175.966174589644652, 2769561.493542249314487 ], [ 352923.034725235542282, 2769595.229306076653302 ], [ 353241.793451736681163, 2769677.089217424858361 ], [ 353554.866158121149056, 2770358.255246289540082 ], [ 353948.179037992202211, 2770619.877418240066618 ], [ 353742.353089297015686, 2771281.132226434536278 ], [ 353502.877749666105956, 2771343.513875933364034 ], [ 353065.97943073650822, 2771343.780199066270143 ], [ 352833.784799806133378, 2771426.033219092525542 ], [ 352394.957458433695138, 2771565.020539819728583 ], [ 352936.290059978084173, 2772042.999135003425181 ], [ 352754.770603293436579, 2772519.033612710423768 ], [ 352022.84376345842611, 2772570.152859563473612 ], [ 351962.074105273350142, 2772455.615625484846532 ], [ 351899.382022544159554, 2772349.96076707309112 ], [ 351743.844851212459616, 2772428.078847662080079 ], [ 351168.491341063170694, 2772219.457376338075846 ], [ 351160.058090443257242, 2771816.359994108788669 ], [ 351256.14503328234423, 2771467.506267129443586 ], [ 351415.831209102470893, 2771306.263477627187967 ], [ 351560.812538673169911, 2770905.928225083276629 ], [ 351989.776752435078379, 2770730.690777196548879 ], [ 352341.795245233224705, 2770530.823471807409078 ], [ 351897.132512689393479, 2770190.051168929319829 ], [ 351731.114427308668382, 2769862.878701952751726 ], [ 351226.507640843628906, 2769488.439723175484687 ], [ 351199.402605931973085, 2769130.961095554288477 ], [ 351234.534826213726774, 2768742.89796396298334 ], [ 351826.9451975885313, 2768184.847835443913937 ], [ 351846.566628419270273, 2767667.36064978921786 ], [ 351852.622455449542031, 2767574.252107219770551 ], [ 351958.832452798262239, 2767223.083069823682308 ], [ 351521.870374239631929, 2767136.99440860375762 ], [ 351437.723054156464059, 2766545.313408310059458 ], [ 351288.165418749558739, 2766251.19529580976814 ], [ 351503.413895940524526, 2765809.118086949456483 ], [ 351512.365419788926374, 2765796.836728823371232 ], [ 351701.325362695381045, 2765442.553560266736895 ], [ 351603.409325717366301, 2764977.294089550618082 ], [ 351392.367891719157342, 2765064.873759041074663 ], [ 350916.035463489301037, 2764614.809653251431882 ], [ 350870.258158914744854, 2764490.143507324624807 ], [ 350906.576975456322543, 2764024.533306906465441 ], [ 350886.94771372154355, 2763612.700193229131401 ], [ 350998.083552636264358, 2763156.245275848079473 ], [ 351067.228995630983263, 2762922.886327106971294 ], [ 351057.654868091456592, 2762599.556443287059665 ], [ 351047.882413800107315, 2762536.526640050113201 ], [ 351116.787305943318643, 2762001.890298167709261 ], [ 350976.396347946836613, 2762090.92109064059332 ], [ 350885.823044202115852, 2762118.49028449319303 ], [ 350465.09884152491577, 2762055.509506111033261 ], [ 350350.136391499196179, 2762530.840575897600502 ], [ 350164.370494425296783, 2762716.742221774999052 ], [ 350047.857841424876824, 2762772.292532126419246 ], [ 349951.658116494538262, 2762838.697887226939201 ], [ 349490.629708795226179, 2762873.663640816230327 ], [ 349273.947550787590444, 2762450.705509868916124 ], [ 348884.519664694787934, 2762387.429027894046158 ], [ 348786.893799890181981, 2762781.72633691271767 ], [ 348836.291216709942091, 2763049.235222414601594 ], [ 348843.632024046906736, 2763165.458723901771009 ], [ 348925.045436895568855, 2763315.202294876798987 ], [ 348955.886694013257511, 2763731.343044141773134 ], [ 348666.286556305596605, 2764019.21099829627201 ], [ 348095.347160675446503, 2764517.339393297675997 ] ] ] } },
{ "type": "Feature", "properties": { "cluster": 87 }, "geometry": { "type": "Polygon", "coordinates": [ [ [ 305459.534989442734513, 2757857.828064843080938 ], [ 305225.904851797735319, 2758124.823019865434617 ], [ 305255.676215870655142, 2758300.557446220889688 ], [ 305544.296086970949546, 2758563.469258996658027 ], [ 305748.185725054587238, 2758693.529520596377552 ], [ 306183.291935626766644, 2759172.636456087231636 ], [ 306514.668170828255825, 2759246.61916194902733 ], [ 306810.316612295340747, 2759294.523217765148729 ], [ 306974.93682128097862, 2759148.179215838201344 ], [ 307183.054760147409979, 2759077.670734101906419 ], [ 307387.772282482765149, 2759052.636925502680242 ], [ 307398.274074412533082, 2758865.25563218863681 ], [ 307789.014031042810529, 2758489.740469853393734 ], [ 308026.160377329040784, 2758326.884657872375101 ], [ 308180.015870668867137, 2758275.986052824184299 ], [ 308138.393960545072332, 2758117.032239084132016 ], [ 308532.789124017115682, 2757638.45759641751647 ], [ 308716.035804908722639, 2757303.538048904854804 ], [ 308026.873419877840206, 2756933.153264459222555 ], [ 308181.321967710740864, 2756344.923855883534998 ], [ 307870.1892679722514, 2756205.247953925747424 ], [ 307654.938693598960526, 2756202.721398507244885 ], [ 307528.21195245574927, 2756244.380739121697843 ], [ 307075.622883792151697, 2756033.584384684916586 ], [ 306740.800116572645493, 2756294.214641330298036 ], [ 306208.813215859583579, 2756114.476571112405509 ], [ 306256.451500865747221, 2756554.747153020463884 ], [ 305514.702871810179204, 2756617.303663324099034 ], [ 305854.147886641439982, 2757114.378743399400264 ], [ 305751.499457787838764, 2757357.353046950884163 ], [ 305459.534989442734513, 2757857.828064843080938 ] ] ] } },
{ "type": "Feature", "properties": { "cluster": 88 }, "geometry": { "type": "Polygon", "coordinates": [ [ [ 368689.217755440273322, 2854416.913601394742727 ], [ 368621.639002289390191, 2854779.803522305097431 ], [ 368976.21116476051975, 2854842.738961410243064 ], [ 369018.154498126823455, 2854825.706992391962558 ], [ 369031.29994876118144, 2854735.853080313652754 ], [ 369036.769905048247892, 2854478.813305438030511 ], [ 369068.811742010235321, 2854373.264209590852261 ], [ 369222.014120373059995, 2854048.297994184307754 ], [ 368747.43535970360972, 2854221.3796850531362 ], [ 368673.285628254758194, 2854327.348692549858242 ], [ 368689.217755440273322, 2854416.913601394742727 ] ] ] } },
{ "type": "Feature", "properties": { "cluster": 89 }, "geometry": { "type": "MultiPolygon", "coordinates": [ [ [ [ 506135.919616269005928, 2491794.743937999475747 ], [ 506309.481259158696048, 2492337.211515804287046 ], [ 505588.53354167053476, 2492690.044355240184814 ], [ 505061.005962095689029, 2492798.341109303757548 ], [ 504991.003539543889929, 2493050.69920322438702 ], [ 505038.195542516361456, 2493375.046419246587902 ], [ 505407.317435734672472, 2493384.027375373523682 ], [ 505548.171626506431494, 2493410.644030795432627 ], [ 505950.157942168880254, 2493514.846345297992229 ], [ 506482.583135321678128, 2493940.124986772891134 ], [ 506844.701180920761544, 2493483.117727997712791 ], [ 507172.71392496075714, 2493444.52463384764269 ], [ 507179.911835495033301, 2493443.421060778666288 ], [ 506822.191451161343139, 2493234.047331225126982 ], [ 506794.59562441543676, 2492858.784257209859788 ], [ 506654.873149505758192, 2492586.417298081796616 ], [ 506645.812671757536009, 2492138.105202008038759 ], [ 506294.986229499685578, 2491574.971378237009048 ], [ 506264.97139239666285, 2491544.961243614554405 ], [ 506080.547627188556362, 2491398.44003234943375 ], [ 506135.919616269005928, 2491794.743937999475747 ] ] ], [ [ [ 508521.931601366784889, 2493047.824004493653774 ], [ 508393.465043362346478, 2492934.845928469672799 ], [ 508010.830663090222515, 2493187.022866180166602 ], [ 507963.448370442492887, 2493349.717710414901376 ], [ 507758.478784443053883, 2494055.83780824393034 ], [ 507290.50286246126052, 2494400.972651233430952 ], [ 506543.08033343963325, 2494326.471283303108066 ], [ 506908.968158798408695, 2494615.541941361967474 ], [ 507144.217206433531828, 2495025.216254896949977 ], [ 507237.564932227483951, 2495468.03497029049322 ], [ 507684.649010192486458, 2495715.099465528968722 ], [ 507833.401106207747944, 2496331.739461790304631 ], [ 508407.950234246323816, 2496525.757909555919468 ], [ 508288.420162262569647, 2497049.275329641997814 ], [ 508745.664486215624493, 2497394.894600094761699 ], [ 509019.054782016901299, 2497463.6832589013502 ], [ 509138.371859791979659, 2497334.241835877299309 ], [ 508948.478262527438346, 2496862.573327616788447 ], [ 509295.120286453282461, 2496506.344832884613425 ], [ 509794.647874893329572, 2496628.418978150933981 ], [ 510296.210906072636135, 2496769.328789 ], [ 510708.474545265780762, 2496705.408486481755972 ], [ 510870.930916684272233, 2496655.710430063772947 ], [ 510274.917691844806541, 2496329.859350814018399 ], [ 510255.506899262138177, 2496148.308276667259634 ], [ 510321.550243886304088, 2495776.420973161235452 ], [ 510545.802178611978889, 2495575.110535353422165 ], [ 510165.526615773385856, 2495415.454810502007604 ], [ 510013.597872112179175, 2495069.990215770900249 ], [ 510034.232035647204611, 2494959.309891609009355 ], [ 510013.717720047105104, 2494886.238600094802678 ], [ 509891.442620203597471, 2494778.786382145248353 ], [ 509154.156249629741069, 2494998.609686501324177 ], [ 509004.311380370578263, 2494560.173877790104598 ], [ 508922.166233054595068, 2494379.695206274278462 ], [ 509089.036198841466103, 2493852.891258008778095 ], [ 509180.792910748335999, 2493435.630952797364444 ], [ 509558.233241036883555, 2493289.745615357998759 ], [ 509642.840283311612438, 2492821.564804234076291 ], [ 509625.399007204337977, 2492759.565506063401699 ], [ 509044.19608101202175, 2493174.313146496657282 ], [ 508983.548722696199547, 2493144.390314280055463 ], [ 508521.931601366784889, 2493047.824004493653774 ] ] ] ] } },
{ "type": "Feature", "properties": { "cluster": 90 }, "geometry": { "type": "Polygon", "coordinates": [ [ [ 641381.851104401983321, 2842536.402638144325465 ], [ 641257.164241733960807, 2842746.649216064717621 ], [ 641258.12134305073414, 2843033.560559540521353 ], [ 641196.259491835022345, 2843282.139906688593328 ], [ 641557.805848497664556, 2842976.94037977186963 ], [ 641381.851104401983321, 2842536.402638144325465 ] ] ] } },
{ "type": "Feature", "properties": { "cluster": 91 }, "geometry": { "type": "Polygon", "coordinates": [ [ [ 438355.058083979063667, 2719239.236431413330138 ], [ 438664.753335572662763, 2719209.08111372590065 ], [ 438480.393086530966684, 2718960.753822213970125 ], [ 438458.402248193859123, 2718795.865152915939689 ], [ 438334.424080351076555, 2718694.542470482643694 ], [ 437902.425669203395955, 2718548.082914251368493 ], [ 437902.849677742167842, 2718643.307742119301111 ], [ 437843.153163453214802, 2719107.527311227750033 ], [ 437889.495037986722309, 2719282.272338625974953 ], [ 438001.087249462609179, 2719558.597723870072514 ], [ 438355.058083979063667, 2719239.236431413330138 ] ] ] } },
{ "type": "Feature", "properties": { "cluster": 92 }, "geometry": { "type": "Polygon", "coordinates": [ [ [ 643959.805215973174199, 2830900.849705202039331 ], [ 643792.303581661079079, 2830783.837415987625718 ], [ 643760.436317592626438, 2830758.015870859380811 ], [ 643637.006429609959014, 2830559.510133661795408 ], [ 643546.340520674479194, 2830489.854252751916647 ], [ 642981.87273474864196, 2830947.917691180948168 ], [ 643549.451809579273686, 2831226.52176471427083 ], [ 643573.415770573541522, 2831333.121294137556106 ], [ 643598.088381005800329, 2831746.567416511010379 ], [ 643542.419552989071235, 2831878.893777024466544 ], [ 643872.675574376480654, 2831806.025353715289384 ], [ 644196.327945182449184, 2831601.274176532868296 ], [ 644386.648823586059734, 2831557.919698130339384 ], [ 644273.770382306305692, 2831036.065808691550046 ], [ 643959.805215973174199, 2830900.849705202039331 ] ] ] } },
{ "type": "Feature", "properties": { "cluster": 93 }, "geometry": { "type": "Polygon", "coordinates": [ [ [ 647177.091718554263934, 2679122.909843253903091 ], [ 646749.617305610096082, 2679011.049674612469971 ], [ 646657.051226208219305, 2678925.920249994378537 ], [ 646574.973820730810985, 2679015.002607651054859 ], [ 646647.559862637659535, 2679156.187101944349706 ], [ 647043.013665704405867, 2679221.196241692639887 ], [ 647177.091718554263934, 2679122.909843253903091 ] ] ] } },
{ "type": "Feature", "properties": { "cluster": 94 }, "geometry": { "type": "Polygon", "coordinates": [ [ [ 556523.792885631555691, 2710204.345555275678635 ], [ 556118.711863251286559, 2710411.988352914340794 ], [ 555750.723673170781694, 2710466.9879111032933 ], [ 555425.74095251748804, 2710152.341363231185824 ], [ 555365.533198201563209, 2710517.499952564015985 ], [ 555749.256179632153362, 2710581.030287821777165 ], [ 556133.993460759753361, 2710643.468034204095602 ], [ 556523.792885631555691, 2710204.345555275678635 ] ] ] } },
{ "type": "Feature", "properties": { "cluster": 95 }, "geometry": { "type": "MultiPolygon", "coordinates": [ [ [ [ 348303.025266097974963, 2708170.015195207670331 ], [ 348708.178164668323006, 2708235.411774867679924 ], [ 348843.096403400355484, 2708714.647812088485807 ], [ 349194.014642406953499, 2708357.545378497801721 ], [ 349695.001054175663739, 2708654.973763366695493 ], [ 349674.595864714123309, 2708463.13796646380797 ], [ 349784.961781278776471, 2708055.028524989727885 ], [ 350046.350891558628064, 2707872.135791485663503 ], [ 349335.834725845023058, 2707500.96503647742793 ], [ 349316.456259755184874, 2706829.978554631583393 ], [ 348722.958737877081148, 2707257.253705796319991 ], [ 348466.454401586612221, 2707160.342108773067594 ], [ 348306.088953619007953, 2707142.140389608219266 ], [ 348102.74329343799036, 2707086.748238990548998 ], [ 348140.613326855702326, 2707213.710485505405813 ], [ 348248.18044603720773, 2707504.948505459818989 ], [ 348278.821381022571586, 2707619.805861373431981 ], [ 348004.58150256308727, 2708317.236843571998179 ], [ 348303.025266097974963, 2708170.015195207670331 ] ] ], [ [ [ 340595.775499095150735, 2705023.542102035600692 ], [ 340644.899828817695379, 2704795.921165643725544 ], [ 340880.594531819573604, 2704568.398651311174035 ], [ 340464.996856970305089, 2704311.718981122132391 ], [ 340672.35424005636014, 2703731.184266353026032 ], [ 341069.269661376310978, 2703680.16406868910417 ], [ 341142.236578267300501, 2703138.820089142769575 ], [ 340882.846496429061517, 2702709.786118086893111 ], [ 340427.682005281792954, 2702545.485440094023943 ], [ 340056.049806522962172, 2702771.238191811367869 ], [ 339572.783363352878951, 2702899.698069182690233 ], [ 339027.981043790350668, 2702524.909422278404236 ], [ 338899.718888335628435, 2701775.408020648639649 ], [ 338341.961132983793505, 2701954.606447114609182 ], [ 338178.753272665489931, 2701256.462504390627146 ], [ 338329.109925556229427, 2700749.652174205519259 ], [ 338318.950878778938204, 2700660.051035495940596 ], [ 338127.952871747605968, 2700456.230433410033584 ], [ 337766.820035647484474, 2700187.916867614258081 ], [ 337570.954364057746716, 2700002.988906871061772 ], [ 337355.916643425473012, 2699827.146228978410363 ], [ 337059.866445404361002, 2699663.321522795595229 ], [ 336868.958397439215332, 2699994.503366112709045 ], [ 336496.12468476354843, 2700205.963401421904564 ], [ 336521.439114994485863, 2700812.655232900287956 ], [ 336680.661807137425058, 2701422.220649098046124 ], [ 337071.388212811318226, 2701794.280694389250129 ], [ 337439.461491037509404, 2702401.431530624628067 ], [ 337420.592053214320913, 2702523.490050021559 ], [ 337421.746075137052685, 2702623.164038277231157 ], [ 337193.745227455976419, 2703075.507081016898155 ], [ 337014.651586352498271, 2703197.210237631108612 ], [ 336635.670852418872528, 2703482.956487276591361 ], [ 336470.319058666471392, 2703999.936304746661335 ], [ 336391.667680443380959, 2704646.610146565362811 ], [ 335996.517847185372375, 2704672.269001335371286 ], [ 335652.501514389761724, 2704735.000076456926763 ], [ 335091.445777492364869, 2705224.52050681784749 ], [ 334981.496719288174063, 2705531.526160771027207 ], [ 335120.337557052145712, 2705784.653615267947316 ], [ 334988.709550642990507, 2706316.768662170041353 ], [ 335028.195260900247376, 2706398.270485829096287 ], [ 335050.57782010093797, 2706491.05017496785149 ], [ 335027.71744608465815, 2706874.568074813112617 ], [ 335022.805298928986304, 2707576.880160600412637 ], [ 335270.887618585373275, 2707724.602807215414941 ], [ 335662.756037245970219, 2707426.473161376547068 ], [ 336004.233045821427368, 2707065.809143031947315 ], [ 336154.414093586674426, 2706990.947801559697837 ], [ 336206.503515138931107, 2706937.171797783579677 ], [ 336545.010651771677658, 2706667.384723798837513 ], [ 337130.718757176189683, 2706730.349054124206305 ], [ 337330.826797960326076, 2707462.393409666139632 ], [ 337850.763484139984939, 2707626.944425461348146 ], [ 337913.441383559489623, 2708400.46110834274441 ], [ 338166.960600642370991, 2708759.728703005705029 ], [ 338003.288081808539573, 2709157.049378511030227 ], [ 338161.805568656534888, 2709629.287573849316686 ], [ 338450.856905647669919, 2709732.282927630003542 ], [ 338608.329109751386568, 2709939.810859721619636 ], [ 338625.810154896986205, 2710488.999453680124134 ], [ 338270.817597315472085, 2710730.13289341237396 ], [ 338265.123578754253685, 2711202.055183961987495 ], [ 337896.122941734385677, 2711456.653681380208582 ], [ 337562.241504807549063, 2711679.840858186595142 ], [ 337388.275860570603982, 2711797.057638058904558 ], [ 337864.315313832834363, 2711860.20593805750832 ], [ 338092.002199890383054, 2711743.481027682777494 ], [ 338402.421653418568894, 2711769.797944652382284 ], [ 338470.147234645672143, 2711754.616339373402297 ], [ 338912.417095156852156, 2711878.002708453685045 ], [ 339030.343449922511354, 2711381.529500804375857 ], [ 339111.621355846407823, 2711310.813238002825528 ], [ 339870.387342146772426, 2711548.003671695012599 ], [ 340186.666613893641625, 2711821.295764463953674 ], [ 340220.037596189475153, 2712169.819689744152129 ], [ 340277.528650328749791, 2712145.902664126362652 ], [ 340964.656251722946763, 2712327.47746002767235 ], [ 341061.022955584689043, 2712424.961120517924428 ], [ 341148.801582290790975, 2713193.76775144552812 ], [ 341056.040759036201052, 2713234.696867789141834 ], [ 341017.843153113150038, 2713440.04333561193198 ], [ 341060.750445756537374, 2713648.898062429856509 ], [ 341263.760558259207755, 2713679.820007046684623 ], [ 341374.986962950264569, 2713748.338053885381669 ], [ 341582.398749932413921, 2713810.22818935289979 ], [ 342331.865710890153423, 2713868.210849017836154 ], [ 342349.53888686443679, 2713907.8860491248779 ], [ 342558.043568304274231, 2713977.531273505184799 ], [ 342830.867122073890641, 2714180.478548021987081 ], [ 342885.092671086429618, 2714587.474694363307208 ], [ 343090.694295967230573, 2714670.451216008048505 ], [ 343435.146663961349986, 2714757.411974915768951 ], [ 343811.940341657842509, 2714928.198503737337887 ], [ 343864.68334655527724, 2715023.9718974721618 ], [ 343922.881572908372618, 2715517.320347747765481 ], [ 343485.987155067618005, 2715768.102037588134408 ], [ 343969.865521578583866, 2715641.956522529479116 ], [ 344244.859738530940376, 2716044.275691880844533 ], [ 344271.160109472519252, 2716040.659482590388507 ], [ 344527.132560207683127, 2715554.885424258653075 ], [ 344802.683378217101563, 2715005.765858219005167 ], [ 345307.094475432066247, 2714717.729632864240557 ], [ 345227.824407399748452, 2714604.523427476640791 ], [ 344796.589100245968439, 2714548.388357904274017 ], [ 344715.834013728192076, 2714666.692909551784396 ], [ 343958.964065462118015, 2714484.615206344984472 ], [ 343669.490111624472775, 2714059.201865705661476 ], [ 343647.720036644721404, 2713652.948826165869832 ], [ 344412.305027706490364, 2713613.403584869578481 ], [ 344849.635745418723673, 2713485.597184538841248 ], [ 345305.112779285933357, 2713623.430835641920567 ], [ 345956.738543709507212, 2713355.946204884443432 ], [ 346388.398863095440902, 2713263.695214049890637 ], [ 346598.173871841630898, 2713265.822080562356859 ], [ 347081.502879423205741, 2713727.934703037142754 ], [ 347327.740249687922187, 2714007.681125413160771 ], [ 347474.764629618322942, 2714574.275143208447844 ], [ 347300.022284837788902, 2715179.827484475448728 ], [ 347275.786390011548065, 2715279.776775983162224 ], [ 347261.842823407903779, 2715487.051166250836104 ], [ 347164.020651906903367, 2715806.00386606156826 ], [ 347005.978289879509248, 2716268.498599315527827 ], [ 346908.700704345130362, 2716451.212461626157165 ], [ 347008.140797886415385, 2716835.569555170368403 ], [ 346963.424030364723876, 2717099.670342280063778 ], [ 347033.292060935869813, 2717466.630149468313903 ], [ 347111.24767996231094, 2717832.394008890260011 ], [ 346908.898513840453234, 2718408.354435503017157 ], [ 346719.07426098966971, 2718555.536041766405106 ], [ 346785.869596494303551, 2718919.206161172594875 ], [ 346927.408934812934604, 2718987.431389431934804 ], [ 347226.657179022149649, 2719213.425102048087865 ], [ 347750.713233685004525, 2719621.938536664936692 ], [ 347711.320151365478523, 2720095.317285893950611 ], [ 348252.809793666936457, 2720528.023881216067821 ], [ 348227.878383920411579, 2720191.583172797691077 ], [ 348258.764525041449815, 2720051.688626744318753 ], [ 348270.90501917002257, 2719771.332399992272258 ], [ 348792.41202646959573, 2719296.043172645848244 ], [ 349135.917137958691455, 2719310.044079093728215 ], [ 349309.090998028288595, 2719026.841428048443049 ], [ 349281.028827187546995, 2718960.688760883174837 ], [ 349224.32420039747376, 2718681.079209351912141 ], [ 349234.626682688307483, 2718603.435947863850743 ], [ 349366.335617264616303, 2718325.11352510843426 ], [ 349333.484118580876384, 2718003.157481412868947 ], [ 349483.023797985923011, 2717592.840408376418054 ], [ 349926.42507247714093, 2717284.584025732241571 ], [ 350050.277697166195139, 2716743.855318413116038 ], [ 350407.433586275903508, 2716608.220017248298973 ], [ 350709.881631412368733, 2716187.421522834803909 ], [ 350255.439981595380232, 2715848.935221373103559 ], [ 350104.22346191998804, 2715352.142130548134446 ], [ 349874.724616719642654, 2715302.550275784917176 ], [ 349420.404423244181089, 2715167.884175636805594 ], [ 349362.291818379773758, 2714570.41073851659894 ], [ 349660.993211275781505, 2713893.778508584946394 ], [ 350146.442487840307876, 2714471.155977164395154 ], [ 350444.484813943272457, 2714107.996975230053067 ], [ 350117.541540514677763, 2713476.852244495879859 ], [ 350449.853126653353684, 2712905.101787886116654 ], [ 350569.585030321846716, 2712161.740665897727013 ], [ 350901.062133818399161, 2711982.097465691156685 ], [ 350871.30011323268991, 2711946.972167231608182 ], [ 350482.926752601575572, 2711638.780081624165177 ], [ 350443.796846468583681, 2710917.0546835642308 ], [ 350629.843523233139422, 2710782.157733970787376 ], [ 350419.633270483871456, 2710742.315034206025302 ], [ 350109.787044965545647, 2710578.385370435658842 ], [ 349997.233760288218036, 2710572.945817676372826 ], [ 349510.928338640136644, 2709928.013999181333929 ], [ 349541.721849466441199, 2709398.257562657818198 ], [ 349190.321676867897622, 2709614.694558765739202 ], [ 348893.579268049215898, 2709635.615555781405419 ], [ 348381.877564494439866, 2709367.572981221135706 ], [ 348096.779000669368543, 2709247.720412297174335 ], [ 347715.193135083653033, 2709017.055429487023503 ], [ 348004.58150256308727, 2708317.236843571998179 ], [ 347466.411183166899718, 2708510.269895309116691 ], [ 347054.995571325067431, 2708428.363758279476315 ], [ 346783.938699421938509, 2707834.331626692786813 ], [ 346594.540384039515629, 2707478.650379602331668 ], [ 346799.958728592144325, 2707074.346113508101553 ], [ 346564.135119011742063, 2706831.039598933421075 ], [ 346403.951341587759089, 2706552.572141111828387 ], [ 346829.661639902624302, 2706081.617346140090376 ], [ 346584.554582739248872, 2705547.113966753706336 ], [ 346375.761031772126444, 2705089.747871962375939 ], [ 346509.306930791819468, 2704692.875144591089338 ], [ 346307.193157082074322, 2704568.822169736027718 ], [ 345914.024888366693631, 2704497.818148815538734 ], [ 345670.31743007467594, 2704188.154454172123224 ], [ 345608.464055704534985, 2704095.796740545425564 ], [ 345509.942756421049125, 2703896.405973664019257 ], [ 345656.87567855801899, 2703242.415419077500701 ], [ 345818.576507907826453, 2703193.011929127387702 ], [ 346202.510805450147018, 2703250.825594599824399 ], [ 346259.34245487320004, 2702884.697727887425572 ], [ 346120.283708777627908, 2702779.89228076254949 ], [ 345597.527439561206847, 2702640.536325273104012 ], [ 345215.881773167289793, 2702608.187489035539329 ], [ 344884.298422412830405, 2701875.294009615201503 ], [ 344344.932420672557782, 2702071.768070265650749 ], [ 344083.266915410349611, 2701612.800734509713948 ], [ 343875.013451392180286, 2701763.532429913058877 ], [ 344142.478626711992547, 2702287.780364580918103 ], [ 344112.52711085381452, 2702512.955997717101127 ], [ 344061.099553515261505, 2702721.756278144661337 ], [ 344248.427634868887253, 2702605.594099760055542 ], [ 344655.459769870736636, 2702549.027983516920358 ], [ 344900.900304357870482, 2702735.714150840882212 ], [ 345180.331735947984271, 2702786.902511104941368 ], [ 345594.019716572482139, 2703059.245807806495577 ], [ 345256.883589203935117, 2703659.952826091554016 ], [ 345214.325158646330237, 2704030.359937992412597 ], [ 345270.024210231262259, 2704759.653285831678659 ], [ 344781.082412928109989, 2704738.472058080602437 ], [ 344570.372568696853705, 2704755.203782484401017 ], [ 344358.550718615937512, 2704945.844876657705754 ], [ 344344.59143145638518, 2705149.798973228316754 ], [ 344225.308145925868303, 2705455.714649401139468 ], [ 343966.866964342130814, 2705737.704520630184561 ], [ 343584.208893012604676, 2705880.418638614472002 ], [ 343162.79973738908302, 2705911.7083252617158 ], [ 343458.880671000690199, 2706550.813970120158046 ], [ 343025.004204401513562, 2707187.005471085198224 ], [ 342520.304959968372714, 2707831.762632998172194 ], [ 342323.192767806991469, 2707881.607096007093787 ], [ 341791.462979868520051, 2708192.197219136636704 ], [ 341504.888118327420671, 2708128.979138126596808 ], [ 341153.763759609195404, 2707647.816307070665061 ], [ 340963.290637431317009, 2707568.012574635446072 ], [ 340309.287541759433225, 2707555.513119333423674 ], [ 340053.346998511988204, 2707247.188164423685521 ], [ 340343.562288056884427, 2706737.693062202073634 ], [ 340414.342494229553267, 2706721.380293421447277 ], [ 340518.586530125583522, 2706705.794758064672351 ], [ 340595.933803554682527, 2706642.887923242058605 ], [ 340734.758353456156328, 2706458.551842617802322 ], [ 340714.807886764872819, 2706219.531507273670286 ], [ 340866.938198082207236, 2705956.404783106409013 ], [ 340474.822318982915021, 2705888.86460960097611 ], [ 340497.588869041297585, 2705216.277229241561145 ], [ 340595.775499095150735, 2705023.542102035600692 ] ] ] ] } },
{ "type": "Feature", "properties": { "cluster": 96 }, "geometry": { "type": "Polygon", "coordinates": [ [ [ 487962.987262895563617, 2783799.303717638365924 ], [ 488200.705302285554353, 2783683.93442380335182 ], [ 488693.254428693151567, 2783416.652845332399011 ], [ 488074.465017598238774, 2783369.567789842840284 ], [ 487666.46979036933044, 2783521.634180621244013 ], [ 486899.474784107762389, 2783401.655421408824623 ], [ 487381.581143429561052, 2783841.9096171236597 ], [ 487453.418585680832621, 2784156.320225615054369 ], [ 487755.539071950479411, 2783953.405857547186315 ], [ 487962.987262895563617, 2783799.303717638365924 ] ] ] } },
{ "type": "Feature", "properties": { "cluster": 97 }, "geometry": { "type": "Polygon", "coordinates": [ [ [ 381884.605921278009191, 2851515.336626095231622 ], [ 382385.343697692384012, 2851549.635799697600305 ], [ 382301.842097774671856, 2851407.494514088146389 ], [ 382194.054050559760071, 2851241.202254776842892 ], [ 382203.254872293327935, 2850698.378658183384687 ], [ 382074.553669473039918, 2850661.867023433558643 ], [ 381712.49290363927139, 2850661.780290184542537 ], [ 381499.222467090759892, 2850813.222358354832977 ], [ 381605.08581004536245, 2851211.023107589688152 ], [ 381570.563457469688728, 2851611.190204140264541 ], [ 381884.605921278009191, 2851515.336626095231622 ] ] ] } },
{ "type": "Feature", "properties": { "cluster": 98 }, "geometry": { "type": "Polygon", "coordinates": [ [ [ 525506.880083724390715, 2502549.873533639125526 ], [ 525555.397099553374574, 2502418.226709432434291 ], [ 525874.416983662638813, 2502145.344644654542208 ], [ 525991.42379467212595, 2501624.166768316179514 ], [ 525943.14822525321506, 2501609.694457019679248 ], [ 525727.414131719735451, 2501565.052155982237309 ], [ 525495.16058153193444, 2501565.770541089586914 ], [ 524843.254513235529885, 2501791.624378797132522 ], [ 524536.156737601617351, 2501685.968365310225636 ], [ 524610.883562486618757, 2501867.628859295975417 ], [ 525043.883527500322089, 2502274.583757523447275 ], [ 525506.880083724390715, 2502549.873533639125526 ] ] ] } },
{ "type": "Feature", "properties": { "cluster": 326 }, "geometry": { "type": "MultiPolygon", "coordinates": [ [ [ [ 445999.097420258040074, 2579290.911578302271664 ], [ 445432.230670365679543, 2579445.769903803709894 ], [ 445625.718049395014532, 2579514.804224545136094 ], [ 445762.149372366373427, 2579638.29754437180236 ], [ 446057.846268163470086, 2579420.226760184392333 ], [ 445999.097420258040074, 2579290.911578302271664 ] ] ], [ [ [ 443803.870744288724381, 2579262.552463699132204 ], [ 443697.917333438294008, 2579630.510455876588821 ], [ 443577.804328155820258, 2580037.271819749381393 ], [ 443999.464948756038211, 2580425.366568190511316 ], [ 444228.797833143325988, 2579970.591391352470964 ], [ 444284.943788519711234, 2579948.237926348578185 ], [ 444404.299974305031355, 2579606.804154775571078 ], [ 444758.378465601126663, 2579421.700442795176059 ], [ 444371.207664227404166, 2579234.945409527048469 ], [ 444094.826157007250004, 2578877.289063442498446 ], [ 443803.870744288724381, 2579262.552463699132204 ] ] ] ] } },
{ "type": "Feature", "properties": { "cluster": 99 }, "geometry": { "type": "Polygon", "coordinates": [ [ [ 549194.527414765791036, 2509523.054345942568034 ], [ 549027.3997790182475, 2509749.449871309101582 ], [ 548655.368887832853943, 2509813.571166690438986 ], [ 548731.522887290688232, 2510089.455546200741082 ], [ 548721.907543742796406, 2510205.659115205518901 ], [ 549134.029237297945656, 2510128.384800947271287 ], [ 549237.677892887033522, 2510156.393940214067698 ], [ 549535.288521875976585, 2509918.246935418341309 ], [ 549194.527414765791036, 2509523.054345942568034 ] ] ] } },
{ "type": "Feature", "properties": { "cluster": 100 }, "geometry": { "type": "Polygon", "coordinates": [ [ [ 559924.732728077447973, 2503925.652191115543246 ], [ 560241.844445806462318, 2504288.888984832912683 ], [ 560471.646257179207169, 2504121.531150179449469 ], [ 560332.640456994762644, 2503933.898074072785676 ], [ 560284.494391289888881, 2503896.070011373143643 ], [ 560141.221624010242522, 2503747.16719870781526 ], [ 560051.709664454218, 2503514.344455100595951 ], [ 559302.344301234697923, 2503315.481150680687279 ], [ 559526.677969446056522, 2504025.94196238508448 ], [ 559924.732728077447973, 2503925.652191115543246 ] ] ] } },
{ "type": "Feature", "properties": { "cluster": 101 }, "geometry": { "type": "Polygon", "coordinates": [ [ [ 569683.768295210669748, 2512202.206756106112152 ], [ 569955.160985571797937, 2512369.505804295651615 ], [ 569986.768820613622665, 2512419.467608848121017 ], [ 570033.613253438728862, 2512506.031733859796077 ], [ 570312.088470403919928, 2512694.403759127948433 ], [ 570615.936995177529752, 2512503.184597504325211 ], [ 571251.074517901404761, 2512626.80913199391216 ], [ 571369.596741398214363, 2512756.887618698179722 ], [ 571433.469109772588126, 2513152.400463205296546 ], [ 571493.219750873511657, 2513550.10858915746212 ], [ 572107.298470785841346, 2513339.344797047320753 ], [ 572265.025064108311199, 2512995.802146781701595 ], [ 572462.110190250561573, 2512799.68486499786377 ], [ 572405.430472283158451, 2512408.629416100680828 ], [ 571933.67058009642642, 2512484.994623196311295 ], [ 571712.628627317841165, 2512316.789441612083465 ], [ 571548.313669232418761, 2511877.629221410956234 ], [ 571943.271126016275957, 2511321.540556321851909 ], [ 571718.848381286952645, 2510995.0135378097184 ], [ 571207.870319593930617, 2510443.527807479258627 ], [ 571052.135876003536396, 2510800.374207079876214 ], [ 570660.33483973168768, 2510901.507686583325267 ], [ 570351.579861122765578, 2511258.759350625332445 ], [ 569981.440148452296853, 2511343.404281605966389 ], [ 569473.136326748644933, 2510870.589701714925468 ], [ 569469.061290974263102, 2511088.656746639404446 ], [ 569564.510059496504255, 2511329.318405161611736 ], [ 569542.13369957508985, 2511506.341786262113601 ], [ 569481.828156011062674, 2511667.693767336662859 ], [ 569331.059577143401839, 2512073.288770061451942 ], [ 569292.748152992222458, 2512141.750647056847811 ], [ 569353.064236562815495, 2512202.911975424736738 ], [ 569683.768295210669748, 2512202.206756106112152 ] ] ] } },
{ "type": "Feature", "properties": { "cluster": 102 }, "geometry": { "type": "Polygon", "coordinates": [ [ [ 404926.115841838356573, 2674877.563676331192255 ], [ 404701.758749318600167, 2674746.189365697558969 ], [ 404641.217010356369428, 2674958.092830460052937 ], [ 404230.779432073235512, 2675250.971249623224139 ], [ 404505.480029912956525, 2675316.667788410559297 ], [ 404803.576491478539538, 2675387.749267409555614 ], [ 405045.891586111567449, 2675016.284037556964904 ], [ 405300.023482503311243, 2674891.675607787910849 ], [ 404926.115841838356573, 2674877.563676331192255 ] ] ] } },
{ "type": "Feature", "properties": { "cluster": 103 }, "geometry": { "type": "Polygon", "coordinates": [ [ [ 677562.44169090478681, 2773645.504025612957776 ], [ 677180.736434762366116, 2773590.68689032504335 ], [ 677300.633058615145274, 2773837.073497868143022 ], [ 677740.054798862081952, 2773720.934360257349908 ], [ 677758.506609185016714, 2773543.923336485866457 ], [ 677562.44169090478681, 2773645.504025612957776 ] ] ] } },
{ "type": "Feature", "properties": { "cluster": 104 }, "geometry": { "type": "Polygon", "coordinates": [ [ [ 380336.363029713684227, 2735324.877070289570838 ], [ 380345.101069739554077, 2735633.789285290054977 ], [ 380586.013340314442758, 2735888.645760225132108 ], [ 380768.43053956143558, 2735694.372075068764389 ], [ 380853.154898332839366, 2735431.169900372624397 ], [ 381316.140051146096084, 2735161.399827290326357 ], [ 380896.455323984206188, 2734937.968762347009033 ], [ 380625.541827836539596, 2735076.520843482110649 ], [ 380336.363029713684227, 2735324.877070289570838 ] ] ] } },
{ "type": "Feature", "properties": { "cluster": 504 }, "geometry": { "type": "Polygon", "coordinates": [ [ [ 553500.41407778847497, 2661970.472850354854017 ], [ 553284.639579210430384, 2662038.312276662327349 ], [ 553395.013334311894141, 2662154.980116420891136 ], [ 553425.002945482032374, 2662154.981563433073461 ], [ 553854.368809581967071, 2662463.398700468242168 ], [ 553500.41407778847497, 2661970.472850354854017 ] ] ] } },
{ "type": "Feature", "properties": { "cluster": 105 }, "geometry": { "type": "Polygon", "coordinates": [ [ [ 579233.477884000865743, 2547758.49549437686801 ], [ 579056.674934624577872, 2548254.6520816674456 ], [ 579771.537509692367166, 2548312.685622632969171 ], [ 579997.175877280766144, 2548462.239779192022979 ], [ 580289.027056464343332, 2548491.477205487433821 ], [ 580415.642258209292777, 2547807.96348251728341 ], [ 580171.542847509961575, 2547660.518881586845964 ], [ 580032.056528511573561, 2547109.542830694466829 ], [ 580001.435038692085072, 2547087.237441051285714 ], [ 579862.889482549740933, 2546934.826127626001835 ], [ 579833.180146311991848, 2546933.560937523376197 ], [ 579420.956996830413118, 2546408.821094230748713 ], [ 579273.679301720927469, 2546937.237384787295014 ], [ 579287.622662203153595, 2547401.187174850609154 ], [ 579233.477884000865743, 2547758.49549437686801 ] ] ] } },
{ "type": "Feature", "properties": { "cluster": 106 }, "geometry": { "type": "Polygon", "coordinates": [ [ [ 317918.751428300980479, 2836069.502138856332749 ], [ 318046.04566393524874, 2835976.908368182834238 ], [ 318412.669356074358802, 2835610.708846366032958 ], [ 318172.489568364806473, 2835381.324720270000398 ], [ 318347.168292067421135, 2834786.192641211207956 ], [ 318391.801906096632592, 2834744.589599104598165 ], [ 317955.56495774933137, 2834576.607225891202688 ], [ 317765.35268639435526, 2834623.529276890214533 ], [ 317392.083400169503875, 2834726.147108432371169 ], [ 317076.048858472320717, 2834826.880602731835097 ], [ 317054.987259013112634, 2834894.976308683864772 ], [ 316741.117699329508469, 2835232.566864898893982 ], [ 316441.248907865374349, 2835411.758131054230034 ], [ 316906.867014118121006, 2835671.245182148180902 ], [ 316967.493876667809673, 2835916.373885061591864 ], [ 316924.577179503510706, 2836082.048466517589986 ], [ 317078.180015788588207, 2836295.982931888196617 ], [ 317553.055430373642594, 2836062.328720509074628 ], [ 317731.408350585028529, 2836031.075726406183094 ], [ 317918.751428300980479, 2836069.502138856332749 ] ] ] } },
{ "type": "Feature", "properties": { "cluster": 107 }, "geometry": { "type": "Polygon", "coordinates": [ [ [ 300609.770621313946322, 2747590.461263507604599 ], [ 300699.378610867424868, 2747843.986871435772628 ], [ 300704.184387643705122, 2748176.293478284496814 ], [ 300740.462017867481336, 2748168.013411471154541 ], [ 300994.649312769412063, 2747706.769939015153795 ], [ 301305.380845859064721, 2747519.48073559673503 ], [ 301675.994814084027894, 2747417.754807106684893 ], [ 301499.520119457971305, 2747098.999934384133667 ], [ 301200.263812063145451, 2746820.793586558662355 ], [ 301119.709480472141877, 2746844.11362443678081 ], [ 300718.885407057823613, 2746885.354584108106792 ], [ 300526.809049119532574, 2746957.93113599345088 ], [ 300520.978281053539831, 2747323.629199353512377 ], [ 300609.770621313946322, 2747590.461263507604599 ] ] ] } },
{ "type": "Feature", "properties": { "cluster": 108 }, "geometry": { "type": "Polygon", "coordinates": [ [ [ 554079.958966866484843, 2633018.840645702555776 ], [ 554100.087483752518892, 2633084.238349148072302 ], [ 554280.881925475783646, 2632953.164027670864016 ], [ 554222.431184884626418, 2632784.656494294293225 ], [ 554159.877964921644889, 2632895.137966897338629 ], [ 554079.958966866484843, 2633018.840645702555776 ] ] ] } },
{ "type": "Feature", "properties": { "cluster": 109 }, "geometry": { "type": "Polygon", "coordinates": [ [ [ 343459.402935375052039, 2877284.235950056929141 ], [ 343472.952764146844856, 2877412.584595642052591 ], [ 343526.394073307164945, 2877528.269361754879355 ], [ 343389.781559565279167, 2877990.772183830849826 ], [ 343172.968073802650906, 2878358.963945864699781 ], [ 342981.579736598418094, 2878592.80402219761163 ], [ 343377.834772002650425, 2878664.49071091786027 ], [ 343648.6747333627427, 2878544.922707975376397 ], [ 343821.770482007996179, 2878538.421446471009403 ], [ 344029.107011524378322, 2878549.239384575281292 ], [ 344618.677550300722942, 2878210.969445216469467 ], [ 344963.171191532863304, 2878476.084969400428236 ], [ 345258.279668694245629, 2878206.704602490644902 ], [ 345405.691681381198578, 2877890.332646125461906 ], [ 345898.405316346557811, 2877822.475560962222517 ], [ 346191.055580587883014, 2877681.656793201342225 ], [ 346813.376829652232118, 2877738.603868529200554 ], [ 346805.848911575158127, 2877096.147780242376029 ], [ 346761.560078241745941, 2877075.617891125380993 ], [ 346377.952755390491802, 2876633.66112172184512 ], [ 345993.035181629704311, 2876252.660749974660575 ], [ 345617.680006751732435, 2875920.302570386789739 ], [ 345317.88428785756696, 2876221.853214414324611 ], [ 345125.126926024095155, 2876345.996779793407768 ], [ 344637.419170070206746, 2876249.859176174271852 ], [ 344146.417053438839503, 2875877.924691895954311 ], [ 344057.42814903735416, 2875887.847958932165056 ], [ 343564.133787889149971, 2875578.000491322018206 ], [ 343615.09390092745889, 2876155.688676157500595 ], [ 343257.320004204753786, 2876377.109954977408051 ], [ 343076.089879313309211, 2876459.048499621450901 ], [ 343091.765373602625914, 2876597.342074334621429 ], [ 343200.613362776755821, 2876741.165312206372619 ], [ 343383.235722003155388, 2877110.107408421579748 ], [ 343459.402935375052039, 2877284.235950056929141 ] ] ] } },
{ "type": "Feature", "properties": { "cluster": 548 }, "geometry": { "type": "Polygon", "coordinates": [ [ [ 417717.162702133180574, 2589160.839396981522441 ], [ 417726.426567059999797, 2589172.966473590116948 ], [ 417779.471637973270845, 2589157.170044907834381 ], [ 417717.159764599462505, 2588794.367973246145993 ], [ 417717.162702133180574, 2589160.839396981522441 ] ] ] } },
{ "type": "Feature", "properties": { "cluster": 110 }, "geometry": { "type": "Polygon", "coordinates": [ [ [ 548297.271158722578548, 2657201.00093764718622 ], [ 548638.11169785016682, 2657152.332186481449753 ], [ 548759.505430776858702, 2656743.08812445262447 ], [ 548437.982810655841604, 2656489.559220834169537 ], [ 548080.688354337471537, 2656588.00082840025425 ], [ 548022.467423104681075, 2656966.460993271321058 ], [ 548075.063664207351394, 2657354.150839675217867 ], [ 548297.271158722578548, 2657201.00093764718622 ] ] ] } },
{ "type": "Feature", "properties": { "cluster": 111 }, "geometry": { "type": "Polygon", "coordinates": [ [ [ 370264.255907707905862, 2933548.735388240776956 ], [ 370649.14272299176082, 2933173.72201833454892 ], [ 370927.312359791016206, 2933184.204747900366783 ], [ 371125.049607622204348, 2932927.416489113587886 ], [ 370894.402296186250169, 2932491.054250319488347 ], [ 370700.883575402433053, 2932376.69005157565698 ], [ 370594.112332951102871, 2932364.476193042006344 ], [ 370524.708671964821406, 2932400.62815515184775 ], [ 370073.917189539643005, 2932373.072915323544294 ], [ 369810.179218310513534, 2932117.636271711904556 ], [ 369718.662543857470155, 2932037.698284729383886 ], [ 369427.300939461449161, 2932299.895283865276724 ], [ 369341.306511971692089, 2932565.539061088580638 ], [ 368703.296103128930554, 2932650.727076718118042 ], [ 368364.401287867862266, 2932358.425147867295891 ], [ 368235.622702758933883, 2931758.209929030388594 ], [ 367782.243161562015302, 2931965.61684653814882 ], [ 367296.775576859596185, 2932057.052910079713911 ], [ 366978.679627897974569, 2932140.119342706166208 ], [ 366848.808692987659015, 2932494.8641492347233 ], [ 366423.874813910573721, 2932940.207056117709726 ], [ 366374.59005767502822, 2932992.789491013158113 ], [ 365829.299840593128465, 2933267.699966441839933 ], [ 365501.952445580507629, 2933415.156232923734933 ], [ 365151.29378016712144, 2933241.597462048288435 ], [ 364550.796277820831165, 2933664.488174038939178 ], [ 364511.632083404459991, 2934012.761807472445071 ], [ 364602.314189319207799, 2934105.96652785455808 ], [ 364825.349334030237515, 2934463.650510818697512 ], [ 364779.74568784236908, 2934862.951731589157134 ], [ 365190.636701005394571, 2935270.72270895820111 ], [ 365320.919668627087958, 2935529.688453470356762 ], [ 365386.594580812263303, 2935615.40689839515835 ], [ 365716.595844903262332, 2935726.040030545089394 ], [ 365972.550449864938855, 2935902.819860598538071 ], [ 366404.964190246886574, 2935898.290008744690567 ], [ 367020.65639873559121, 2936174.360005336347967 ], [ 367034.939318465068936, 2936206.338140052277595 ], [ 367113.707406089641154, 2936402.71062239119783 ], [ 367122.743283194373362, 2936409.263534926343709 ], [ 367485.35485716315452, 2936497.444897348992527 ], [ 367707.624364171992056, 2936696.763560577761382 ], [ 367866.236235724412836, 2936425.921353897079825 ], [ 368142.831049429136328, 2936290.124472360592335 ], [ 368404.286033835727721, 2936328.416978632565588 ], [ 368473.149339110008441, 2935952.158166106790304 ], [ 368951.298556128400378, 2935647.026276829652488 ], [ 369125.218208287435118, 2935602.03864783141762 ], [ 369627.075937633810099, 2935664.483503746800125 ], [ 369766.856279714033008, 2935789.347946558147669 ], [ 370134.928365715313703, 2935729.102483977563679 ], [ 370372.456062225683127, 2935864.057941754348576 ], [ 370458.444112585508265, 2935893.096379464026541 ], [ 370838.706656499416567, 2935856.011458925902843 ], [ 371236.100938025687356, 2935739.003466602414846 ], [ 371203.88536062638741, 2935607.499727825634181 ], [ 371167.149822689243592, 2935324.272709833458066 ], [ 371132.368135750235524, 2935234.891495828982443 ], [ 371072.978077715262771, 2935175.66931532509625 ], [ 370995.524058800947387, 2934610.364066383801401 ], [ 370731.610923912201542, 2935316.486179927829653 ], [ 370251.11372121918248, 2934904.821755512617528 ], [ 369745.233747067977674, 2934841.284289844799787 ], [ 369787.614115517528262, 2934208.294448108877987 ], [ 370196.058788671740331, 2934095.575159208849072 ], [ 370264.255907707905862, 2933548.735388240776956 ] ] ] } },
{ "type": "Feature", "properties": { "cluster": 112 }, "geometry": { "type": "Polygon", "coordinates": [ [ [ 658973.309697314631194, 2688585.03944224352017 ], [ 659073.124459178303368, 2689005.943511004094034 ], [ 659389.321496123215184, 2688511.088174968957901 ], [ 659383.841108216438442, 2688367.03822595346719 ], [ 659021.140442890697159, 2688393.963237571064383 ], [ 658973.309697314631194, 2688585.03944224352017 ] ] ] } },
{ "type": "Feature", "properties": { "cluster": 113 }, "geometry": { "type": "Polygon", "coordinates": [ [ [ 493838.036142233351711, 2761782.302173860836774 ], [ 494089.318931883375626, 2761688.072471874766052 ], [ 494463.759994204447139, 2761630.337373523507267 ], [ 494194.192931486468296, 2761458.820292084012181 ], [ 494100.382069510465953, 2761596.163304819725454 ], [ 493838.036142233351711, 2761782.302173860836774 ] ] ] } },
{ "type": "Feature", "properties": { "cluster": 114 }, "geometry": { "type": "Polygon", "coordinates": [ [ [ 668681.576671538641676, 2838498.413422793615609 ], [ 668709.814442219445482, 2838725.884047748986632 ], [ 669093.294112489093095, 2838811.635917892213911 ], [ 669108.072986249928363, 2838439.581379674840719 ], [ 669018.054606876103207, 2838411.846676389686763 ], [ 668817.998036774923094, 2838430.351527047343552 ], [ 668681.576671538641676, 2838498.413422793615609 ] ] ] } },
{ "type": "Feature", "properties": { "cluster": 115 }, "geometry": { "type": "Polygon", "coordinates": [ [ [ 518129.480902534909546, 2546529.574086192529649 ], [ 517924.979834389698226, 2546176.19357234146446 ], [ 517876.559468522435054, 2546396.429971899837255 ], [ 517772.470787002705038, 2546904.422178768087178 ], [ 518063.457878581131808, 2546901.44862663699314 ], [ 518129.480902534909546, 2546529.574086192529649 ] ] ] } },
{ "type": "Feature", "properties": { "cluster": 116 }, "geometry": { "type": "MultiPolygon", "coordinates": [ [ [ [ 521933.545198761858046, 2540441.696996381506324 ], [ 521653.571529494016431, 2540538.70759142190218 ], [ 521985.211988330178428, 2540859.111871759407222 ], [ 522140.651992585568223, 2540407.683261537924409 ], [ 521933.545198761858046, 2540441.696996381506324 ] ] ], [ [ [ 523619.579281373822596, 2542493.312454549595714 ], [ 523328.596146627794951, 2541776.626460239291191 ], [ 523049.842753263423219, 2541756.270582252647728 ], [ 522897.175243938283529, 2541723.934276927262545 ], [ 522307.273664229142014, 2541408.658986053429544 ], [ 522395.914879001385998, 2541765.24558934615925 ], [ 522849.72673330490943, 2541922.015716589521617 ], [ 522922.86190292640822, 2542354.96551473531872 ], [ 522815.934495542023797, 2542577.31070977030322 ], [ 522220.192671772907488, 2542767.93008561944589 ], [ 522498.953895099228248, 2543455.794661952648312 ], [ 522254.991923107067123, 2544045.022463 ], [ 522255.049963317869697, 2544075.022405230440199 ], [ 522434.970560858957469, 2544164.957482115365565 ], [ 522725.926198304630816, 2543812.59197517670691 ], [ 522998.015435079869349, 2543475.36920069810003 ], [ 523637.361805269261822, 2543568.242729421705008 ], [ 523821.299241219647229, 2543902.849148529581726 ], [ 524056.374920831178315, 2544295.10421648947522 ], [ 524526.212878221762367, 2544621.324283098336309 ], [ 524927.258532072417438, 2544399.475805348251015 ], [ 525224.783739295322448, 2544195.175921254325658 ], [ 525113.993367425631732, 2543650.342483722604811 ], [ 525100.944443541695364, 2543486.4835986639373 ], [ 524816.479847499285825, 2543221.436524817254394 ], [ 524680.164771557901986, 2543227.854103267192841 ], [ 524445.229084707563743, 2543379.130035521928221 ], [ 524293.432206532452255, 2543454.160333215724677 ], [ 523761.40867239079671, 2543540.763205366674811 ], [ 523564.420100057963282, 2543029.016362809576094 ], [ 523626.530844934517518, 2542635.020003073383123 ], [ 523619.579281373822596, 2542493.312454549595714 ] ] ] ] } },
{ "type": "Feature", "properties": { "cluster": 117 }, "geometry": { "type": "Polygon", "coordinates": [ [ [ 295134.667289988021366, 2744391.206306132487953 ], [ 295224.71519000880653, 2744461.886855507735163 ], [ 295304.989770022279117, 2743934.973301426507533 ], [ 295274.951604963163845, 2743934.975566756911576 ], [ 295141.893348452576902, 2744128.514388074167073 ], [ 294972.482115227961913, 2744298.33063826430589 ], [ 295134.667289988021366, 2744391.206306132487953 ] ] ] } },
{ "type": "Feature", "properties": { "cluster": 118 }, "geometry": { "type": "Polygon", "coordinates": [ [ [ 603315.048995427205227, 2794935.043828765396029 ], [ 603586.99463043815922, 2794772.439485695213079 ], [ 603284.965755988727324, 2794905.02203335845843 ], [ 603255.028010348672979, 2794935.028130708727986 ], [ 603255.000118395197205, 2794965.041273058857769 ], [ 603285.010542917530984, 2794965.049091001041234 ], [ 603315.048995427205227, 2794935.043828765396029 ] ] ] } },
{ "type": "Feature", "properties": { "cluster": 119 }, "geometry": { "type": "Polygon", "coordinates": [ [ [ 368643.650987750967033, 2762116.135360406246036 ], [ 368770.461055469466373, 2762601.142245687078685 ], [ 368819.109048240119591, 2762515.393469667527825 ], [ 368945.494702780270018, 2762218.463132170494646 ], [ 368906.552986647584476, 2762052.700716736260802 ], [ 368766.33510391251184, 2762065.118944337125868 ], [ 368643.650987750967033, 2762116.135360406246036 ] ] ] } },
{ "type": "Feature", "properties": { "cluster": 120 }, "geometry": { "type": "Polygon", "coordinates": [ [ [ 501391.643431704258546, 2662253.403119288384914 ], [ 501314.387502301717177, 2662241.217152701690793 ], [ 501069.406013274390716, 2662175.874877728056163 ], [ 500871.181368549761828, 2662147.075520697049797 ], [ 500745.131996688200161, 2662098.353810126427561 ], [ 500365.95983397186501, 2662042.981588996946812 ], [ 500410.687143749964889, 2662081.733033872675151 ], [ 500577.398280113644432, 2662166.98931088577956 ], [ 500816.26513409265317, 2662543.431892502587289 ], [ 500903.670110987615772, 2662791.438799810130149 ], [ 501240.077963870367967, 2663415.897093922365457 ], [ 501603.965469182818197, 2663453.576491916086525 ], [ 502150.865646132035181, 2663138.110378561541438 ], [ 502402.984977186482865, 2662942.184911839198321 ], [ 502927.57887309952639, 2662530.422907350119203 ], [ 502439.679119048116263, 2662354.294353553559631 ], [ 502055.435224237618968, 2662315.483626977540553 ], [ 501682.370912292215507, 2662278.898856308776885 ], [ 501391.643431704258546, 2662253.403119288384914 ] ] ] } },
{ "type": "Feature", "properties": { "cluster": 121 }, "geometry": { "type": "Polygon", "coordinates": [ [ [ 408693.509397084126249, 2766171.614511531312019 ], [ 408938.806815453455783, 2766485.595037590712309 ], [ 408604.508569362806156, 2767048.183506206609309 ], [ 409297.962978155585006, 2766775.567869131453335 ], [ 409572.48543075757334, 2766629.78421685565263 ], [ 409326.842537392047234, 2766413.248519903514534 ], [ 409224.225892901769839, 2766308.724077831953764 ], [ 408988.103323655668646, 2766159.68384917685762 ], [ 408906.453852028818801, 2766173.51660853298381 ], [ 408693.509397084126249, 2766171.614511531312019 ] ] ] } },
{ "type": "Feature", "properties": { "cluster": 122 }, "geometry": { "type": "Polygon", "coordinates": [ [ [ 495705.033655018021818, 2749635.01883421652019 ], [ 495675.039432210149243, 2749665.035120816901326 ], [ 495049.949150713160634, 2749762.352890886832029 ], [ 495675.048858998925425, 2749695.042015575338155 ], [ 495734.964170701627154, 2749725.030221795197576 ], [ 495734.954874390561599, 2749695.023326098453254 ], [ 495735.046600342146121, 2749665.016400193795562 ], [ 495705.033655018021818, 2749635.01883421652019 ] ] ] } },
{ "type": "Feature", "properties": { "cluster": 123 }, "geometry": { "type": "Polygon", "coordinates": [ [ [ 500458.357030872080941, 2500786.290260179433972 ], [ 500721.469150746474043, 2500376.731377964839339 ], [ 500805.032411730033346, 2500215.011178895831108 ], [ 500790.356845169095322, 2499804.445411146618426 ], [ 500479.976081143366173, 2499598.541295260656625 ], [ 499933.194843781588133, 2499813.280708308331668 ], [ 499671.104380165226758, 2499408.143293092492968 ], [ 499226.052230722852983, 2499105.964240364730358 ], [ 499105.790421890385915, 2498986.421116242185235 ], [ 498617.577835646690801, 2499045.12527061579749 ], [ 498450.07870760228252, 2499401.576500450260937 ], [ 498150.012774722883478, 2499827.782512256875634 ], [ 497965.090515255986247, 2500403.416199127212167 ], [ 498229.236475248704664, 2500566.104034439194947 ], [ 498539.631065581168514, 2500805.171075633261353 ], [ 498637.27891073608771, 2500983.380010815802962 ], [ 498948.673731749411672, 2501038.702655945438892 ], [ 499333.034346929809544, 2501148.268538223579526 ], [ 499503.629675894684624, 2501151.582889245357364 ], [ 499950.671550358994864, 2501237.91655840491876 ], [ 500313.441553117299918, 2501220.208581942133605 ], [ 500481.978945287351962, 2501273.346277484670281 ], [ 500458.357030872080941, 2500786.290260179433972 ] ] ] } },
{ "type": "Feature", "properties": { "cluster": 124 }, "geometry": { "type": "MultiPolygon", "coordinates": [ [ [ [ 335090.848319293465465, 2859416.111985859461129 ], [ 334941.805601685657166, 2859362.585635640658438 ], [ 334788.263928856933489, 2859350.10864693345502 ], [ 334438.871484225266613, 2859388.840704781468958 ], [ 334395.14440132281743, 2859499.070214542560279 ], [ 334263.091087181470357, 2859839.741870270576328 ], [ 333810.933673369872849, 2860154.539748071692884 ], [ 334333.204512150608934, 2860233.263656621798873 ], [ 334660.326706004794687, 2860498.364826687145978 ], [ 334532.887638260843232, 2861046.149482333566993 ], [ 334971.094018173404038, 2860739.305158946663141 ], [ 335157.898133081267588, 2860527.576202515978366 ], [ 335320.006976838340051, 2860424.730706509202719 ], [ 335517.035751544695813, 2860067.748659747187048 ], [ 335498.335745709831826, 2859935.037861875724047 ], [ 335376.797753447666764, 2859835.74072840763256 ], [ 335090.848319293465465, 2859416.111985859461129 ] ] ], [ [ [ 334481.734718723862898, 2861282.770695981569588 ], [ 334532.887638260843232, 2861046.149482333566993 ], [ 333898.520000074058771, 2861137.23199003143236 ], [ 334477.323837939766236, 2861410.232146717142314 ], [ 334481.734718723862898, 2861282.770695981569588 ] ] ] ] } },
{ "type": "Feature", "properties": { "cluster": 125 }, "geometry": { "type": "Polygon", "coordinates": [ [ [ 505763.727337521500885, 2540414.639005991630256 ], [ 506064.032243966532405, 2540484.497636965475976 ], [ 505789.510160769685172, 2540006.168309568427503 ], [ 505825.508766628685407, 2539691.796179399825633 ], [ 505428.71391442877939, 2539941.828247596509755 ], [ 505229.84737735503586, 2539956.148743247613311 ], [ 505375.298534817993641, 2540256.19516346976161 ], [ 505489.005886642553378, 2540453.281069423537701 ], [ 505763.727337521500885, 2540414.639005991630256 ] ] ] } },
{ "type": "Feature", "properties": { "cluster": 126 }, "geometry": { "type": "Polygon", "coordinates": [ [ [ 533537.31494873308111, 2517158.590580594260246 ], [ 533486.561856778105721, 2516896.124019752722234 ], [ 533610.776038727723062, 2516435.893798935227096 ], [ 533553.213292445754632, 2516001.830193759873509 ], [ 533181.097169914282858, 2515737.552654706407338 ], [ 533112.584617910091765, 2516081.674150140024722 ], [ 533264.956010576453991, 2516264.99050024850294 ], [ 533146.926328910514712, 2516812.356216737534851 ], [ 533130.614883493050002, 2517230.759639857336879 ], [ 533264.971385702956468, 2517524.956755900755525 ], [ 533295.050574732129462, 2517525.022611263208091 ], [ 533537.31494873308111, 2517158.590580594260246 ] ] ] } },
{ "type": "Feature", "properties": { "cluster": 127 }, "geometry": { "type": "Polygon", "coordinates": [ [ [ 368909.912595903268084, 2871713.803904018830508 ], [ 368500.524475410289597, 2872230.781867939513177 ], [ 368706.523238487541676, 2872402.628135520964861 ], [ 369165.98179295740556, 2872587.451342624146491 ], [ 369240.40241091651842, 2873020.934821191243827 ], [ 369640.847958604048472, 2873114.421959199011326 ], [ 369894.862329521449283, 2873083.095166765619069 ], [ 369970.526177397754509, 2872535.131086256820709 ], [ 369706.58274114941014, 2872173.314591553062201 ], [ 369637.667502563796006, 2871889.316622437443584 ], [ 369283.321512040332891, 2871803.121821417007595 ], [ 368909.912595903268084, 2871713.803904018830508 ] ] ] } },
{ "type": "Feature", "properties": { "cluster": 128 }, "geometry": { "type": "Polygon", "coordinates": [ [ [ 547027.627103452570736, 2520357.038428011350334 ], [ 547378.229229294345714, 2520167.72385544795543 ], [ 547675.340071048820391, 2520018.101334459148347 ], [ 547944.969882321660407, 2519796.442462645471096 ], [ 548144.337336540105753, 2519722.903938236646354 ], [ 547972.029935879167169, 2519353.726355894003063 ], [ 548000.114270568126813, 2518912.120726185385138 ], [ 547892.302286884863861, 2518920.636479245033115 ], [ 547154.173521454213187, 2518939.360413356218487 ], [ 546647.518450766801834, 2518459.57183063076809 ], [ 546378.371380861033686, 2518521.846927602309734 ], [ 545903.103819798212498, 2518513.761647334322333 ], [ 546048.83198136894498, 2518866.228580358438194 ], [ 546037.567045627045445, 2519196.080533147323877 ], [ 545965.971813444863074, 2519449.366836928762496 ], [ 546153.03673379716929, 2520044.393890322186053 ], [ 546506.008789675775915, 2520085.322981860022992 ], [ 546911.888370277825743, 2520276.976117005571723 ], [ 547027.627103452570736, 2520357.038428011350334 ] ] ] } },
{ "type": "Feature", "properties": { "cluster": 129 }, "geometry": { "type": "Polygon", "coordinates": [ [ [ 531319.240757440798916, 2506442.78867818787694 ], [ 531789.388851976254955, 2506129.381366720888764 ], [ 531341.733542062691413, 2505494.165185675024986 ], [ 531332.144882974447682, 2505159.842118713539094 ], [ 531167.345666216802783, 2504857.30389867676422 ], [ 530990.975182407768443, 2504684.258939174003899 ], [ 530758.137387583730742, 2504998.166389993391931 ], [ 530692.323726176749915, 2505026.815155039075762 ], [ 530436.483990092994645, 2505030.731416259426624 ], [ 530037.034470903687179, 2504917.030966310296208 ], [ 529663.643995246267878, 2505137.694372150115669 ], [ 529918.482513021095656, 2505644.073463484179229 ], [ 529858.184285501833074, 2506007.039744661655277 ], [ 529882.566113754990511, 2506147.671896507032216 ], [ 529965.397744354675524, 2506343.76689756847918 ], [ 530076.215812399168499, 2506412.616511945147067 ], [ 530266.012683763285168, 2506544.72025944525376 ], [ 530346.146710686851293, 2506543.772287704516202 ], [ 530479.034679085365497, 2506362.494538634549826 ], [ 531167.865078438073397, 2506617.379725533071905 ], [ 531319.240757440798916, 2506442.78867818787694 ] ] ] } },
{ "type": "Feature", "properties": { "cluster": 130 }, "geometry": { "type": "Polygon", "coordinates": [ [ [ 414120.293760431814007, 2594214.596940047107637 ], [ 414361.189093450084329, 2594536.488395032472908 ], [ 414333.756211099098437, 2594911.982649183366448 ], [ 414596.494655980379321, 2594425.508518944494426 ], [ 414731.198551324661821, 2594051.607066818512976 ], [ 414501.969231100520119, 2593627.781406698748469 ], [ 414451.338072234706488, 2593528.429742128122598 ], [ 414122.756556965759955, 2594111.614722231868654 ], [ 414120.293760431814007, 2594214.596940047107637 ] ] ] } },
{ "type": "Feature", "properties": { "cluster": 131 }, "geometry": { "type": "Polygon", "coordinates": [ [ [ 333322.899536847835407, 2776648.602241707034409 ], [ 333497.221716120024212, 2776798.233213060069829 ], [ 333593.22501702856971, 2776812.568362052086741 ], [ 333750.831582158687524, 2776832.798500357195735 ], [ 333858.494733614381403, 2776645.380753272213042 ], [ 333466.043647319893353, 2776723.286618852987885 ], [ 333322.899536847835407, 2776648.602241707034409 ] ] ] } },
{ "type": "Feature", "properties": { "cluster": 549 }, "geometry": { "type": "Polygon", "coordinates": [ [ [ 580339.760262162308209, 2533225.980449806433171 ], [ 580378.821327987359837, 2533402.215377280954272 ], [ 579664.210759543115273, 2533744.945246769115329 ], [ 580314.328466759994626, 2533764.99704911513254 ], [ 580666.809868428274058, 2533441.392622651997954 ], [ 580339.760262162308209, 2533225.980449806433171 ] ] ] } },
{ "type": "Feature", "properties": { "cluster": 132 }, "geometry": { "type": "Polygon", "coordinates": [ [ [ 566791.703024765243754, 2528530.265574804972857 ], [ 566920.570891828509048, 2528851.879716317169368 ], [ 567151.604181442642584, 2528573.926848589908332 ], [ 567195.542199502000585, 2528382.602192374877632 ], [ 567183.777060088235885, 2528259.667339073494077 ], [ 566832.363237509387545, 2528383.207522814162076 ], [ 566791.703024765243754, 2528530.265574804972857 ] ] ] } },
{ "type": "Feature", "properties": { "cluster": 133 }, "geometry": { "type": "Polygon", "coordinates": [ [ [ 491724.387791370972991, 2514990.732876241207123 ], [ 491857.767152543237898, 2514806.90519787138328 ], [ 492156.503480332379695, 2514706.014762501697987 ], [ 492518.926248232077342, 2514650.484209324233234 ], [ 492426.388784638431389, 2514393.714884835295379 ], [ 492146.984419025480747, 2514166.929389828816056 ], [ 492031.86327618046198, 2513940.062183974310756 ], [ 491939.175607647513971, 2513423.160342648625374 ], [ 491989.788028186652809, 2513986.576625804416835 ], [ 491814.356726069469005, 2514274.479869194328785 ], [ 491512.531312604027335, 2514370.950823991093785 ], [ 491184.869517918559723, 2514172.990923929028213 ], [ 491028.783161640283652, 2514153.156801610253751 ], [ 490992.959503640828189, 2514346.896242666058242 ], [ 490958.13330109679373, 2514489.714970225468278 ], [ 490916.157987415441312, 2514695.634912735316902 ], [ 490838.190661288215779, 2514807.484841751866043 ], [ 490954.234723464644048, 2514840.624295401852578 ], [ 491241.884071479958948, 2515111.661843868903816 ], [ 491724.387791370972991, 2514990.732876241207123 ] ] ] } },
{ "type": "Feature", "properties": { "cluster": 134 }, "geometry": { "type": "Polygon", "coordinates": [ [ [ 485195.62423195905285, 2563311.595089109614491 ], [ 485558.683314683206845, 2563032.26835430925712 ], [ 485219.616340154898353, 2562735.918098357971758 ], [ 485169.084634441533126, 2562354.044767220970243 ], [ 484983.806893309927545, 2562335.410863440483809 ], [ 484658.58627219585469, 2562590.357789514120668 ], [ 484631.017634022457059, 2562654.593650560360402 ], [ 484684.747553892200813, 2563148.271677694749087 ], [ 484714.645252959628124, 2563359.68291531316936 ], [ 485195.62423195905285, 2563311.595089109614491 ] ] ] } },
{ "type": "Feature", "properties": { "cluster": 135 }, "geometry": { "type": "Polygon", "coordinates": [ [ [ 304521.708279005077202, 2828684.237882675137371 ], [ 304503.935892623849213, 2828363.174997958354652 ], [ 304525.340544616803527, 2828177.823331854306161 ], [ 304304.953298018022906, 2828385.040524956770241 ], [ 304521.708279005077202, 2828684.237882675137371 ] ] ] } },
{ "type": "Feature", "properties": { "cluster": 136 }, "geometry": { "type": "Polygon", "coordinates": [ [ [ 498398.834219472424593, 2633832.26115391543135 ], [ 498104.978001693380065, 2633804.951013825833797 ], [ 498104.981935652147513, 2633834.953767112921923 ], [ 498047.463389914366417, 2634054.834035855717957 ], [ 498148.297055807721335, 2634042.642520905937999 ], [ 498695.280212975456379, 2634352.574465700890869 ], [ 498398.834219472424593, 2633832.26115391543135 ] ] ] } },
{ "type": "Feature", "properties": { "cluster": 137 }, "geometry": { "type": "Polygon", "coordinates": [ [ [ 533811.436494205612689, 2485040.688405993860215 ], [ 533891.242991702747531, 2485240.113229875452816 ], [ 534159.521631699404679, 2485343.650903956033289 ], [ 534397.266589286155067, 2485759.283250371459872 ], [ 534425.104013999225572, 2485731.671792748384178 ], [ 534715.915942403487861, 2485416.844913368113339 ], [ 535124.067565297707915, 2485081.258334157057106 ], [ 535327.734861542470753, 2484645.587756312917918 ], [ 535531.942577281966805, 2484426.882019507233053 ], [ 535685.011497722240165, 2484079.655160271562636 ], [ 536066.523364645894617, 2483720.785740532912314 ], [ 536491.533465822925791, 2483684.148921442683786 ], [ 536431.063546711113304, 2483149.352492318022996 ], [ 536616.970113693969324, 2482419.210319128353149 ], [ 536984.191918969736435, 2482467.684147711843252 ], [ 537302.805739328498021, 2482191.71496964013204 ], [ 537374.854692821973003, 2481757.967746214009821 ], [ 537522.361571526387706, 2481609.995156751945615 ], [ 537829.412221197853796, 2481444.702798475045711 ], [ 538568.908627877011895, 2481593.755093686748296 ], [ 538988.80629874765873, 2481977.812056272290647 ], [ 539437.82478989334777, 2481829.514699826948345 ], [ 539594.487268927972764, 2481730.290517113171518 ], [ 539747.885279081761837, 2481700.797033263370395 ], [ 539905.285515138646588, 2481715.593213834334165 ], [ 540120.467691013822332, 2481669.658996970858425 ], [ 540643.540981201687828, 2481933.372932492755353 ], [ 540832.822118921787478, 2481953.797302134335041 ], [ 541356.000613990821876, 2481401.715984703041613 ], [ 541441.219263618229888, 2480705.675067371223122 ], [ 541560.273956186603755, 2480441.434743310324848 ], [ 541475.229674801346846, 2479919.83496568351984 ], [ 541330.559163685655221, 2479371.509888504166156 ], [ 540938.129989005625248, 2479491.122651288285851 ], [ 540281.350540690938942, 2479163.956216910853982 ], [ 539797.625480676768348, 2479168.238285010214895 ], [ 539748.747870333376341, 2479365.148237228859216 ], [ 539424.818742786650546, 2479667.620899397879839 ], [ 539048.022962175193243, 2479718.690772663336247 ], [ 538785.050707835820504, 2479524.313998572994024 ], [ 538392.824933043099009, 2479572.040329674258828 ], [ 537964.595457286108285, 2479614.153408683370799 ], [ 537547.979389165644534, 2479536.757025153376162 ], [ 537245.432239036308601, 2479527.169631756842136 ], [ 537131.361989455181174, 2479458.2650027112104 ], [ 537079.991059902007692, 2479851.105137874837965 ], [ 536682.129544466035441, 2480111.393472492229193 ], [ 536727.076108468929306, 2480252.081530780531466 ], [ 536751.224222292541526, 2480483.489344417583197 ], [ 536750.750330368755385, 2480682.737419431563467 ], [ 536478.010173436370678, 2481133.722675341647118 ], [ 536076.51766525558196, 2481204.730938953813165 ], [ 535657.040981121128425, 2480598.261277406942099 ], [ 535628.329442723072134, 2481000.013899478130043 ], [ 535189.141712223296054, 2481356.548580059316009 ], [ 535623.202390195801854, 2481438.350117649417371 ], [ 535784.675878172856756, 2481474.145446799695492 ], [ 536064.312004154664464, 2482024.945344355423003 ], [ 535816.766040870337747, 2482722.849059497006238 ], [ 535821.348137531196699, 2482965.279932416975498 ], [ 535476.711089528747834, 2483390.656556613277644 ], [ 535043.384273792384192, 2483462.72464611986652 ], [ 534986.728074109880254, 2483492.483517334796488 ], [ 534512.194731402210891, 2483589.932726723141968 ], [ 534134.018018767586909, 2483386.521422215737402 ], [ 533882.829130858182907, 2483450.170421513263136 ], [ 533818.725598855991848, 2483592.825114868115634 ], [ 534168.969263002742082, 2484329.712628986686468 ], [ 534143.755636300309561, 2484565.435416630934924 ], [ 533811.436494205612689, 2485040.688405993860215 ] ] ] } },
{ "type": "Feature", "properties": { "cluster": 138 }, "geometry": { "type": "Polygon", "coordinates": [ [ [ 479145.309543350478634, 2634704.130065688863397 ], [ 479191.811227327620145, 2634461.603588208090514 ], [ 478790.410897349473089, 2634390.224390771705657 ], [ 478385.952586202183738, 2634319.968009107746184 ], [ 478493.392075288924389, 2634651.944004815071821 ], [ 478597.812275192874949, 2635011.603396932594478 ], [ 478856.472733145928942, 2634989.080051665194333 ], [ 479145.309543350478634, 2634704.130065688863397 ] ] ] } },
{ "type": "Feature", "properties": { "cluster": 139 }, "geometry": { "type": "Polygon", "coordinates": [ [ [ 563237.158876526053064, 2509240.484774524345994 ], [ 563375.43215182935819, 2509089.397018727380782 ], [ 563420.281450188835151, 2508678.879673905204982 ], [ 562996.16022595949471, 2508647.233522567432374 ], [ 562888.612231813021936, 2508820.591578995808959 ], [ 562911.996319804224186, 2508879.35986969107762 ], [ 563237.158876526053064, 2509240.484774524345994 ] ] ] } },
{ "type": "Feature", "properties": { "cluster": 140 }, "geometry": { "type": "Polygon", "coordinates": [ [ [ 403122.846492052078247, 2606841.065809279680252 ], [ 403111.216769867110997, 2606780.245214217808098 ], [ 403067.30377849994693, 2606468.29740813234821 ], [ 403023.881094396580011, 2606230.530899176839739 ], [ 402844.892294777324423, 2606174.142843663692474 ], [ 402390.283840613788925, 2606111.843099661171436 ], [ 402116.743491383967921, 2606111.45670366846025 ], [ 401983.339298835373484, 2606156.639408643823117 ], [ 401531.661247626063414, 2606227.214635665528476 ], [ 401251.228724562970456, 2606112.845694710034877 ], [ 401012.113203782064375, 2606674.723558278754354 ], [ 400602.531690139672719, 2606779.367845595348626 ], [ 400679.919481947843451, 2607053.436995571479201 ], [ 400606.0092266270658, 2607290.888322183396667 ], [ 400224.878650080005173, 2607523.790554117877036 ], [ 400176.982325674849562, 2607683.560192403849214 ], [ 399936.697337600693572, 2607915.509441777598113 ], [ 399881.942869749036618, 2608116.295227479655296 ], [ 399768.025566532625817, 2608320.808760202024132 ], [ 399733.742792863515206, 2608678.683477475773543 ], [ 399507.684701821301132, 2609343.476072253193706 ], [ 399447.657516289793421, 2609517.726699747145176 ], [ 399434.951686043525115, 2609895.384947198908776 ], [ 399654.496540363295935, 2609918.234019064344466 ], [ 400296.869212909368798, 2610295.832797646988183 ], [ 400493.966498169116676, 2610319.954737653490156 ], [ 400789.515501070476603, 2610267.010258045513183 ], [ 400891.77228462160565, 2610148.948155023623258 ], [ 401162.178144138306379, 2609998.744956041686237 ], [ 401459.402674128185026, 2609890.441118631046265 ], [ 401481.048320700007025, 2609620.128726205788553 ], [ 401888.747218197095208, 2609246.459579763468355 ], [ 402268.941330334171653, 2609181.905568234156817 ], [ 402569.921582384209614, 2608562.058047690428793 ], [ 402941.533261462114751, 2607970.53703219210729 ], [ 402786.971085135824978, 2607287.294859495945275 ], [ 403122.846492052078247, 2606841.065809279680252 ] ] ] } },
{ "type": "Feature", "properties": { "cluster": 141 }, "geometry": { "type": "Polygon", "coordinates": [ [ [ 400476.445309244736563, 2734958.434276997577399 ], [ 399893.312326507002581, 2734606.049864195287228 ], [ 399554.405694011540618, 2735156.67187437787652 ], [ 399771.582803955068812, 2735396.514457498211414 ], [ 399924.938213780580554, 2735343.357148290146142 ], [ 400333.756762126169633, 2735370.309283217880875 ], [ 400450.967378899571486, 2735213.321531431749463 ], [ 400476.445309244736563, 2734958.434276997577399 ] ] ] } },
{ "type": "Feature", "properties": { "cluster": 143 }, "geometry": { "type": "Polygon", "coordinates": [ [ [ 492104.549327510467265, 2556614.402331347577274 ], [ 492664.456329946347978, 2556252.123281070031226 ], [ 493053.406434121367056, 2555930.903423466719687 ], [ 493391.056320720643271, 2555344.033344261348248 ], [ 493426.859599746472668, 2555259.884594039060175 ], [ 493723.647845096013043, 2554841.306396045256406 ], [ 493729.790704928978812, 2554837.982782808598131 ], [ 493759.406162346131168, 2554642.029282992240041 ], [ 493805.406592690560501, 2554443.855069338809699 ], [ 493947.647846940148156, 2554185.863186550792307 ], [ 493866.688242108793929, 2554047.519774995744228 ], [ 493498.10495860275114, 2554258.00757702300325 ], [ 493089.35198888235027, 2553946.0136713902466 ], [ 492867.821098112210166, 2553265.306081626098603 ], [ 492789.892348859459162, 2553071.616652202792466 ], [ 492763.470753035042435, 2553498.935381426010281 ], [ 492197.208841934800148, 2553660.843550338875502 ], [ 491965.614336703321896, 2553395.28353504370898 ], [ 491796.394934124837164, 2552964.748306439723819 ], [ 491413.168286796775647, 2552639.502333254553378 ], [ 491441.691263567772694, 2552369.375642944127321 ], [ 491112.552619858586695, 2551751.856312242802233 ], [ 490713.422445417498238, 2552282.355958300642669 ], [ 490423.552507247368339, 2552257.077360657975078 ], [ 489830.78576455230359, 2552634.958717539906502 ], [ 489780.748409133346286, 2552851.966845648363233 ], [ 490026.91362703271443, 2553395.343115140218288 ], [ 490030.386624770006165, 2553996.448087564669549 ], [ 490000.731364611070603, 2554061.781589711084962 ], [ 489962.88288790237857, 2554126.013640048447996 ], [ 489907.750739822222386, 2554376.23552065808326 ], [ 490094.12353398319101, 2554362.826773225329816 ], [ 490233.383352614531759, 2554340.594941481947899 ], [ 490610.309721508296207, 2554445.519727326463908 ], [ 490726.131202142103575, 2554609.285298139322549 ], [ 491101.921155777177773, 2554542.636242487933487 ], [ 491258.563973612792324, 2554476.123129963409156 ], [ 491604.675178758159745, 2554433.85837952233851 ], [ 492055.925693623372354, 2553747.264760182239115 ], [ 492372.537095338862855, 2554059.277141247875988 ], [ 492734.130034340312704, 2554238.432979680597782 ], [ 492725.228844995494001, 2554887.146295473910868 ], [ 492223.534876345423982, 2555051.236647736281157 ], [ 492077.247292341140565, 2555331.387705635745078 ], [ 491896.173564689874183, 2555655.839661002159119 ], [ 491490.799003327905666, 2555874.146635009441525 ], [ 491335.289429255004507, 2556105.601921282242984 ], [ 491530.9647533983225, 2556281.505029295571148 ], [ 491589.547630586428568, 2556668.927067001350224 ], [ 491761.89048801199533, 2557257.763141638133675 ], [ 492104.549327510467265, 2556614.402331347577274 ] ] ] } },
{ "type": "Feature", "properties": { "cluster": 144 }, "geometry": { "type": "Polygon", "coordinates": [ [ [ 519029.436792257940397, 2508728.327557644806802 ], [ 518820.347251272527501, 2508359.450938085094094 ], [ 518234.941442140960135, 2508275.718409646768123 ], [ 518098.153552363044582, 2508418.353206259198487 ], [ 518489.443434734072071, 2508478.597996360622346 ], [ 518712.893848755920772, 2508868.519908946938813 ], [ 518688.794419657380786, 2509255.926181705668569 ], [ 519084.871131561405491, 2508754.963810309302062 ], [ 519029.436792257940397, 2508728.327557644806802 ] ] ] } },
{ "type": "Feature", "properties": { "cluster": 145 }, "geometry": { "type": "Polygon", "coordinates": [ [ [ 508928.079412534716539, 2507157.162403622642159 ], [ 508829.31914348754799, 2507401.741567532531917 ], [ 508716.143287347629666, 2507711.623436022084206 ], [ 508438.662530539615545, 2507938.392993065994233 ], [ 508395.403943495592102, 2508147.583392642438412 ], [ 508265.888840296771377, 2508306.914068107958883 ], [ 508240.95384653203655, 2508829.383027745876461 ], [ 507836.076253082137555, 2509167.897892869077623 ], [ 508278.889340356341563, 2508957.81031342362985 ], [ 508906.500983730657026, 2508927.169018092565238 ], [ 509289.720022961148061, 2508782.386418838985264 ], [ 509485.970051649026573, 2508685.095126019790769 ], [ 509618.551884434418753, 2508564.520045754499733 ], [ 509473.816415204142686, 2508407.241958164609969 ], [ 509595.361565167258959, 2507872.65902183111757 ], [ 509452.83206647640327, 2507459.676424553617835 ], [ 509240.194135982077569, 2507451.79758452065289 ], [ 508928.079412534716539, 2507157.162403622642159 ] ] ] } },
{ "type": "Feature", "properties": { "cluster": 146 }, "geometry": { "type": "Polygon", "coordinates": [ [ [ 488701.455916885053739, 2588067.4730483177118 ], [ 488450.110542251495644, 2588075.417254793923348 ], [ 487902.1563335917308, 2587717.170727932825685 ], [ 487585.297822594002355, 2587590.122766090091318 ], [ 487248.099399683007505, 2587580.447081400547177 ], [ 487114.661337492812891, 2586887.546467707492411 ], [ 486998.59078923612833, 2587362.575043905992061 ], [ 486450.088976943283342, 2587587.801284241955727 ], [ 486620.143866099242587, 2588070.322513770312071 ], [ 486452.881442838697694, 2588402.592369403224438 ], [ 486359.416101553768385, 2588979.455553763080388 ], [ 486361.73824221722316, 2589280.5732028814964 ], [ 486264.125540595967323, 2589782.161459445953369 ], [ 486141.799064349150285, 2590069.004384126514196 ], [ 486463.799352248373907, 2590276.8320517023094 ], [ 486557.927148987422697, 2590430.627104370854795 ], [ 486696.088962098525371, 2590703.945386325009167 ], [ 486317.538635445816908, 2591191.398918998427689 ], [ 486860.775407093984541, 2590942.922456400003284 ], [ 487272.496488222386688, 2590982.414891965221614 ], [ 487981.502374748990405, 2591041.600189401302487 ], [ 488496.269839577260427, 2590922.733528438489884 ], [ 489094.844118006702047, 2590844.783796164672822 ], [ 489286.704257275559939, 2590578.948774334043264 ], [ 489642.076056702237111, 2590382.745116959325969 ], [ 489560.15710916579701, 2590112.680753311607987 ], [ 489436.425353199942037, 2589950.031459447927773 ], [ 488874.668117174413055, 2590129.788546818774194 ], [ 488649.673139574413653, 2589817.769822642672807 ], [ 488604.577416617888957, 2589631.818911825306714 ], [ 488361.164273235946894, 2589300.998990710824728 ], [ 488865.4567999454448, 2588755.937175584491342 ], [ 488822.10094783292152, 2588170.337249541189522 ], [ 488701.455916885053739, 2588067.4730483177118 ] ] ] } },
{ "type": "Feature", "properties": { "cluster": 147 }, "geometry": { "type": "Polygon", "coordinates": [ [ [ 331468.270107064163312, 2728357.371829764451832 ], [ 331535.285860846226569, 2728374.282283530104905 ], [ 331709.174482247792184, 2727937.954762167762965 ], [ 331571.772396069718525, 2727793.40267775580287 ], [ 331158.861404462251812, 2727719.766574469394982 ], [ 331096.485578309861012, 2727668.462390855886042 ], [ 330550.10713810659945, 2727691.729798072483391 ], [ 330646.076259141846094, 2727841.208342805039138 ], [ 330790.856575983925723, 2728008.923963458277285 ], [ 331019.549458915833384, 2728084.787991831079125 ], [ 331072.625955788767897, 2728120.696907367091626 ], [ 331468.270107064163312, 2728357.371829764451832 ] ] ] } },
{ "type": "Feature", "properties": { "cluster": 148 }, "geometry": { "type": "Polygon", "coordinates": [ [ [ 563709.14789879671298, 2505673.426075792405754 ], [ 563985.41062595450785, 2505702.255757073871791 ], [ 564227.417400168604217, 2506058.623159893322736 ], [ 564486.986852365080267, 2505902.520203272346407 ], [ 564254.006953802658245, 2505599.323352715466172 ], [ 564266.579611942404881, 2505297.160998497158289 ], [ 563929.194474978605285, 2505386.521215966902673 ], [ 563630.847081900690682, 2505478.265299607999623 ], [ 563709.14789879671298, 2505673.426075792405754 ] ] ] } },
{ "type": "Feature", "properties": { "cluster": 149 }, "geometry": { "type": "Polygon", "coordinates": [ [ [ 609746.035720153478906, 2604972.122796912677586 ], [ 609639.897489880095236, 2605513.889855600427836 ], [ 609938.227731463266537, 2605613.56856343941763 ], [ 610218.001311419531703, 2606278.930643615312874 ], [ 610582.712017679587007, 2606371.372991845011711 ], [ 610731.03025524970144, 2605790.068177768494934 ], [ 610555.031168831861578, 2605442.160084472969174 ], [ 610515.641225868370384, 2605116.323958870954812 ], [ 610342.656997735612094, 2604772.871180848684162 ], [ 609972.792596501298249, 2604681.505489109549671 ], [ 609792.102422999334522, 2604818.557704571634531 ], [ 609746.035720153478906, 2604972.122796912677586 ] ] ] } },
{ "type": "Feature", "properties": { "cluster": 150 }, "geometry": { "type": "Polygon", "coordinates": [ [ [ 547523.221072606393136, 2646503.118846928235143 ], [ 547244.720634170225821, 2646397.020117789972574 ], [ 547128.674504516180605, 2646405.496529840864241 ], [ 546963.377804487827234, 2646536.708215316291898 ], [ 546904.620720622711815, 2647077.920246864669025 ], [ 547503.89700257894583, 2647423.11034823814407 ], [ 547452.149362570606172, 2647685.337996475864202 ], [ 548056.390854704193771, 2647751.562077544163913 ], [ 548116.210593474446796, 2647209.249897187575698 ], [ 548316.425261427066289, 2646681.802630374673754 ], [ 547917.758794187917374, 2646601.859248206485063 ], [ 547523.221072606393136, 2646503.118846928235143 ] ] ] } },
{ "type": "Feature", "properties": { "cluster": 152 }, "geometry": { "type": "Polygon", "coordinates": [ [ [ 397350.328342197579332, 2881104.145406032446772 ], [ 397323.560441457375418, 2881262.745925038121641 ], [ 397345.287536778138019, 2881608.153272205032408 ], [ 397559.93218754674308, 2881676.246848104521632 ], [ 398036.278145148477051, 2881817.614664912689477 ], [ 398232.277067339862697, 2881805.008466995786875 ], [ 398499.893026840523817, 2881867.16609170101583 ], [ 398548.407733399653807, 2881672.955510830972344 ], [ 398447.425400591571815, 2881296.042906408198178 ], [ 398160.100382475065999, 2880761.086302609182894 ], [ 398122.033513646165375, 2880498.87766604591161 ], [ 397437.300863062089775, 2880457.718504352495074 ], [ 397444.382891849149019, 2880722.384304997511208 ], [ 397350.328342197579332, 2881104.145406032446772 ] ] ] } },
{ "type": "Feature", "properties": { "cluster": 153 }, "geometry": { "type": "Polygon", "coordinates": [ [ [ 376820.772462452820037, 2734015.626660444773734 ], [ 376731.020700026128907, 2733706.326084974687546 ], [ 376666.946309778722934, 2733668.133773644920439 ], [ 376342.174864934408106, 2733211.416625916957855 ], [ 375802.141313992789946, 2733573.966237016022205 ], [ 375717.8515195279615, 2733538.174301513005048 ], [ 375510.488785039575305, 2733316.320237322244793 ], [ 375254.957100312865805, 2733374.989159527700394 ], [ 375255.024851491034497, 2733405.001813455019146 ], [ 375510.543196203245316, 2733885.574615086894482 ], [ 375733.684295206447132, 2733950.021983746439219 ], [ 375960.31330549827544, 2734178.35141057241708 ], [ 376185.084494449256454, 2734199.598709922283888 ], [ 376307.899861047219019, 2734132.052053682040423 ], [ 376730.891695606638677, 2734033.038291182368994 ], [ 376820.772462452820037, 2734015.626660444773734 ] ] ] } },
{ "type": "Feature", "properties": { "cluster": 550 }, "geometry": { "type": "Polygon", "coordinates": [ [ [ 547831.130170510034077, 2644803.534158116206527 ], [ 547749.470501882140525, 2644567.436958621721715 ], [ 547309.910493284231052, 2644213.907002908643335 ], [ 546843.946440865984187, 2644460.386800079140812 ], [ 546910.938875164487399, 2644829.290212091989815 ], [ 547426.334933177568018, 2644713.620839574374259 ], [ 547831.130170510034077, 2644803.534158116206527 ] ] ] } },
{ "type": "Feature", "properties": { "cluster": 154 }, "geometry": { "type": "Polygon", "coordinates": [ [ [ 543106.85623772686813, 2535065.272185945883393 ], [ 542677.566865965956822, 2535661.840148566290736 ], [ 542381.699298503925093, 2535860.268624062184244 ], [ 541650.43970863125287, 2535551.587768338155001 ], [ 541985.105981194181368, 2536148.090281910728663 ], [ 541952.17443075182382, 2536559.808700261637568 ], [ 542030.270965631701984, 2536498.033319899812341 ], [ 542090.749963985406794, 2536136.207670913077891 ], [ 542659.477832685806789, 2535894.262452489230782 ], [ 542892.441870121401735, 2535821.860234891995788 ], [ 543219.688122440245934, 2535768.550811356399208 ], [ 543310.003069980419241, 2535740.027489478234202 ], [ 543828.644517558510415, 2535455.915388761088252 ], [ 543974.804897830588743, 2535265.933787335176021 ], [ 543796.655019043013453, 2535172.425948973745108 ], [ 543660.637723076855764, 2534692.69327692175284 ], [ 543619.50167834199965, 2534733.533895590342581 ], [ 543347.219983802177012, 2534920.941854304634035 ], [ 542835.037941704271361, 2534805.013319836463779 ], [ 542804.975055545102805, 2534775.038565991446376 ], [ 542804.992474353406578, 2534805.038737067952752 ], [ 543106.85623772686813, 2535065.272185945883393 ] ] ] } },
{ "type": "Feature", "properties": { "cluster": 155 }, "geometry": { "type": "Polygon", "coordinates": [ [ [ 323857.130846577463672, 2711150.049362362362444 ], [ 324103.057045028544962, 2711120.370332929771394 ], [ 324573.907017266843468, 2710759.988835861906409 ], [ 324124.140957608935423, 2710136.447773166466504 ], [ 323753.519226018688641, 2710568.690748448017985 ], [ 323685.543902999139391, 2710724.628416488878429 ], [ 323699.714503975119442, 2710883.962318022735417 ], [ 323857.130846577463672, 2711150.049362362362444 ] ] ] } },
{ "type": "Feature", "properties": { "cluster": 156 }, "geometry": { "type": "Polygon", "coordinates": [ [ [ 398933.809502282296307, 2962677.560041890479624 ], [ 398418.111167465685867, 2963086.017521000467241 ], [ 398871.155812800105195, 2963048.044149009976536 ], [ 398933.809502282296307, 2962677.560041890479624 ] ] ] } },
{ "type": "Feature", "properties": { "cluster": 157 }, "geometry": { "type": "Polygon", "coordinates": [ [ [ 388737.43170868861489, 2954020.735730618238449 ], [ 388704.160568417690229, 2954084.169847297947854 ], [ 388876.081311887071934, 2954401.696322943549603 ], [ 389182.428322109684814, 2954278.269937444943935 ], [ 389322.873583488108125, 2954182.88416215358302 ], [ 389687.81313100020634, 2953931.567540355492383 ], [ 389256.021334638819098, 2953819.016258225310594 ], [ 388921.272572548419703, 2953881.762390705756843 ], [ 388880.550838444964029, 2953889.873398683033884 ], [ 388737.43170868861489, 2954020.735730618238449 ] ] ] } },
{ "type": "Feature", "properties": { "cluster": 158 }, "geometry": { "type": "Polygon", "coordinates": [ [ [ 508357.378335620509461, 2647624.909642160870135 ], [ 508480.483264252659865, 2647662.62425557570532 ], [ 508671.727615549345501, 2647762.380280619021505 ], [ 509067.331076363741886, 2648129.085303715895861 ], [ 509108.033544905076269, 2648128.003920873627067 ], [ 509422.388639777898788, 2648228.955755396746099 ], [ 509766.194265429687221, 2648408.54094192571938 ], [ 509851.647342001844663, 2648436.277629262302071 ], [ 510172.990004825347569, 2648711.070738216862082 ], [ 510356.305041284940671, 2648483.132245104759932 ], [ 510094.20671246026177, 2647882.879591622855514 ], [ 510135.445687371946406, 2647122.30889065656811 ], [ 509715.7508371770964, 2647768.584029742050916 ], [ 509447.546968154725619, 2647107.447492208331823 ], [ 508968.277204659185372, 2647062.855165539775044 ], [ 508647.653074180299882, 2647185.55021550366655 ], [ 508357.378335620509461, 2647624.909642160870135 ] ] ] } },
{ "type": "Feature", "properties": { "cluster": 159 }, "geometry": { "type": "MultiPolygon", "coordinates": [ [ [ [ 528945.305873023229651, 2704832.035675957333297 ], [ 528285.000508125987835, 2704485.014917124528438 ], [ 528255.000279135885648, 2704484.95445876987651 ], [ 527972.65848093747627, 2704675.051574205514044 ], [ 528225.023577958228998, 2704725.049786130897701 ], [ 528255.023515863576904, 2704724.999463992193341 ], [ 528945.305873023229651, 2704832.035675957333297 ] ] ], [ [ [ 527562.74465644848533, 2704906.755894427187741 ], [ 527579.346908909035847, 2705225.667439652606845 ], [ 527596.013372398563661, 2704996.505995344370604 ], [ 527972.65848093747627, 2704675.051574205514044 ], [ 527585.285334132611752, 2704782.79177702544257 ], [ 527562.74465644848533, 2704906.755894427187741 ] ] ] ] } },
{ "type": "Feature", "properties": { "cluster": 160 }, "geometry": { "type": "Polygon", "coordinates": [ [ [ 560199.104038622463122, 2514335.963570053689182 ], [ 560283.907420084811747, 2514702.722442063968629 ], [ 560504.51738649897743, 2514484.408001203089952 ], [ 560818.302464276901446, 2514335.103834205307066 ], [ 560812.711890000500716, 2514192.275966065935791 ], [ 560452.733722368022427, 2514336.96870633540675 ], [ 560081.143926939577796, 2514043.244748475030065 ], [ 560020.752740903059021, 2513472.89254521811381 ], [ 560004.190496342605911, 2514027.443003728054464 ], [ 559840.345212781103328, 2514172.924432659521699 ], [ 560199.104038622463122, 2514335.963570053689182 ] ] ] } },
{ "type": "Feature", "properties": { "cluster": 492 }, "geometry": { "type": "Polygon", "coordinates": [ [ [ 570415.103400272550061, 2859194.288769053760916 ], [ 570580.663012062199414, 2859155.305244681425393 ], [ 570393.604547129711136, 2858716.842595885042101 ], [ 570377.406516821007244, 2858372.324638911988586 ], [ 569652.963188362657093, 2858346.323953910730779 ], [ 569969.984994209837168, 2858661.42537346528843 ], [ 570415.103400272550061, 2859194.288769053760916 ] ] ] } },
{ "type": "Feature", "properties": { "cluster": 161 }, "geometry": { "type": "MultiPolygon", "coordinates": [ [ [ [ 462969.529857766698115, 2867741.542309585958719 ], [ 462971.751413395744748, 2867819.057466836646199 ], [ 463030.141055410087574, 2867573.03920181421563 ], [ 462946.100507962168194, 2867600.962446928024292 ], [ 462969.529857766698115, 2867741.542309585958719 ] ] ], [ [ [ 462970.276811559335329, 2868006.220531429629773 ], [ 462911.414985599054489, 2868438.292143006343395 ], [ 463304.48600407660706, 2868273.284234371967614 ], [ 463298.428276879305486, 2868255.581992271356285 ], [ 462971.751413395744748, 2867819.057466836646199 ], [ 462970.276811559335329, 2868006.220531429629773 ] ] ] ] } },
{ "type": "Feature", "properties": { "cluster": 162 }, "geometry": { "type": "Polygon", "coordinates": [ [ [ 550551.013200847548433, 2548009.704561523161829 ], [ 550623.234594880486839, 2547557.167256042361259 ], [ 550507.039944994379766, 2547985.201453211717308 ], [ 550443.339579283841886, 2548038.125180613715202 ], [ 550363.658223481266759, 2548273.657731849700212 ], [ 550346.983394783805124, 2548357.737084343098104 ], [ 550287.35704576713033, 2548723.968638054095209 ], [ 550329.25345662701875, 2548756.213502778206021 ], [ 550811.559119653073139, 2548523.146658893674612 ], [ 550818.358928995556198, 2548330.543891046196222 ], [ 550551.013200847548433, 2548009.704561523161829 ] ] ] } },
{ "type": "Feature", "properties": { "cluster": 163 }, "geometry": { "type": "Polygon", "coordinates": [ [ [ 414675.037420840351842, 2736740.686688135843724 ], [ 414536.421152213588357, 2737057.141994274687022 ], [ 414719.760541877651121, 2737269.733218922745436 ], [ 414975.034584808861837, 2737275.028136182110757 ], [ 415004.985283456277102, 2737244.94521277397871 ], [ 415035.037914898828603, 2737214.972470808774233 ], [ 415232.123904455336742, 2737048.433924781158566 ], [ 415150.260945003828965, 2736726.691730715334415 ], [ 414931.103595168446191, 2736774.546336531639099 ], [ 414675.037420840351842, 2736740.686688135843724 ] ] ] } },
{ "type": "Feature", "properties": { "cluster": 514 }, "geometry": { "type": "Polygon", "coordinates": [ [ [ 637235.835366115672514, 2672150.22233059303835 ], [ 636905.559563285554759, 2671835.840244997292757 ], [ 636576.1059866391588, 2671751.827871331013739 ], [ 636246.648926419089548, 2671667.82332058204338 ], [ 636425.815728193148971, 2671846.735233720391989 ], [ 636873.080323788919486, 2671937.414805369917303 ], [ 637235.835366115672514, 2672150.22233059303835 ] ] ] } },
{ "type": "Feature", "properties": { "cluster": 164 }, "geometry": { "type": "Polygon", "coordinates": [ [ [ 464784.285580503463279, 2871546.172210913151503 ], [ 464835.022453302750364, 2871315.021507412195206 ], [ 464835.042024882917758, 2871285.009517819620669 ], [ 464846.244234220939688, 2871131.818929613102227 ], [ 464748.573437878047116, 2871295.984134532511234 ], [ 464784.285580503463279, 2871546.172210913151503 ] ] ] } },
{ "type": "Feature", "properties": { "cluster": 165 }, "geometry": { "type": "Polygon", "coordinates": [ [ [ 279049.853711260831915, 2772239.547211969271302 ], [ 279418.897779034916312, 2772276.792485773563385 ], [ 279597.179420759086497, 2772252.857648401986808 ], [ 279923.647086279990617, 2772091.346200674306601 ], [ 280477.907499700319022, 2772033.66238321037963 ], [ 280660.045376229449175, 2772123.813538909424096 ], [ 280837.798322874004953, 2772318.198109746910632 ], [ 280908.932206716039218, 2772284.921042388305068 ], [ 280983.95705146616092, 2771928.019075375981629 ], [ 281466.551319422200322, 2771744.096525691915303 ], [ 280906.9080297529581, 2771467.181505761109293 ], [ 281050.294414362113457, 2770966.240115207154304 ], [ 280528.458456123946235, 2770782.91895316215232 ], [ 280579.490955515240785, 2770189.269207742530853 ], [ 280574.006775645830203, 2770036.440621752757579 ], [ 280434.708761471032631, 2769912.356764157768339 ], [ 280271.992481193563435, 2769901.676395777612925 ], [ 280111.90812027931679, 2769991.792226136662066 ], [ 280003.22194532235153, 2770013.488225060515106 ], [ 279573.741122553939931, 2770113.493399921804667 ], [ 279444.822598174912855, 2770382.626982312649488 ], [ 278832.309973174880724, 2770525.506240225862712 ], [ 279336.954633905435912, 2770704.611010815482587 ], [ 279511.81974382000044, 2771092.945711567997932 ], [ 279319.290110790811013, 2771422.946988420560956 ], [ 278969.877800324000418, 2771477.357201395556331 ], [ 278460.642249662661925, 2771262.882946077734232 ], [ 278226.524023364298046, 2771765.334582190960646 ], [ 278649.063809010316618, 2771987.853497705888003 ], [ 278691.739951307070442, 2772316.269661066588014 ], [ 278801.42996438452974, 2772357.707231984008104 ], [ 279049.853711260831915, 2772239.547211969271302 ] ] ] } },
{ "type": "Feature", "properties": { "cluster": 166 }, "geometry": { "type": "Polygon", "coordinates": [ [ [ 537819.650813278974965, 2531438.9244843008928 ], [ 537462.592641505296342, 2531904.083858484402299 ], [ 537417.440528361359611, 2531913.934983854182065 ], [ 536767.976249359198846, 2532013.0774593828246 ], [ 536733.067633475526236, 2532028.49058037949726 ], [ 536370.937846626737155, 2532064.145332842599601 ], [ 536173.159199898480438, 2531995.03612758545205 ], [ 536104.611100469715893, 2532353.541333611588925 ], [ 535558.64191996876616, 2532502.798378615174443 ], [ 535765.74404357932508, 2532963.801176137290895 ], [ 535778.459655771730468, 2533223.977372894529253 ], [ 535321.835890247137286, 2533773.083291560877115 ], [ 535419.506505283876322, 2534104.306751948781312 ], [ 535796.791015918715857, 2534142.835238857660443 ], [ 536022.508035994134843, 2534095.771124438382685 ], [ 536271.787369181052782, 2533632.532705248799175 ], [ 536695.366741081583314, 2533614.73748982232064 ], [ 536749.194390720338561, 2533408.965300153475255 ], [ 536913.764961791806854, 2533210.10575394006446 ], [ 536919.044240344665013, 2533148.126328980084509 ], [ 537306.657043117447756, 2532750.557020846288651 ], [ 537970.605825637467206, 2532997.967635238077492 ], [ 538125.022678634966724, 2532360.720869276672602 ], [ 538254.603538105380721, 2532220.458739201538265 ], [ 538320.087175308493897, 2531877.452812274452299 ], [ 538190.842977676657028, 2531477.496447111014277 ], [ 538052.129237413755618, 2531169.399028928950429 ], [ 537819.650813278974965, 2531438.9244843008928 ] ] ] } },
{ "type": "Feature", "properties": { "cluster": 167 }, "geometry": { "type": "Polygon", "coordinates": [ [ [ 300877.4750963866245, 2839563.752272671554238 ], [ 301325.440780448203441, 2839501.638293198309839 ], [ 301287.187002400518395, 2839025.749805965926498 ], [ 300959.48113213328179, 2838737.024600992444903 ], [ 300825.16503353335429, 2839089.182656230404973 ], [ 300877.4750963866245, 2839563.752272671554238 ] ] ] } },
{ "type": "Feature", "properties": { "cluster": 168 }, "geometry": { "type": "Polygon", "coordinates": [ [ [ 477462.410174727614503, 2534758.155766501091421 ], [ 477934.876971092191525, 2534585.873269056435674 ], [ 478015.466532397724222, 2534297.93732274742797 ], [ 478361.738152315898333, 2534067.182250345591456 ], [ 478586.996383195160888, 2533824.429586133453995 ], [ 478397.945025506138336, 2533571.19778505852446 ], [ 478234.723168973694555, 2533455.198102487251163 ], [ 477766.707438251236454, 2533194.630058946553618 ], [ 477663.906052179518156, 2533026.519028874579817 ], [ 477442.65000324457651, 2533200.645771471783519 ], [ 477256.083000666869339, 2533252.954352006316185 ], [ 477118.243519823590759, 2533652.787075792904943 ], [ 477515.690035259060096, 2534041.85130772460252 ], [ 477462.410174727614503, 2534758.155766501091421 ] ] ] } },
{ "type": "Feature", "properties": { "cluster": 169 }, "geometry": { "type": "Polygon", "coordinates": [ [ [ 558419.362732951762155, 2543075.362372574396431 ], [ 558661.798163099680096, 2542932.38984001101926 ], [ 558574.768035753397271, 2542909.909427020698786 ], [ 558297.404216327704489, 2542281.133491011336446 ], [ 558340.716751752072014, 2541684.601571036037058 ], [ 558446.218733707210049, 2541175.768448286224157 ], [ 558848.836957409395836, 2540707.949053659103811 ], [ 559305.377027960959822, 2540870.263844684697688 ], [ 559466.973439741530456, 2540702.629999740980566 ], [ 559485.665085183223709, 2540641.816110220737755 ], [ 559391.243664102279581, 2540411.176713962107897 ], [ 559287.794075754121877, 2540129.578205664642155 ], [ 559498.439853192074224, 2539744.049188641365618 ], [ 559185.060883407131769, 2539925.476836916524917 ], [ 558823.389398127561435, 2539875.348930348176509 ], [ 558387.902227374725044, 2540090.634654558263719 ], [ 558080.673673716722988, 2540011.952629190403968 ], [ 558011.341001380584203, 2540712.446154877543449 ], [ 557881.912251405767165, 2540782.798743952997029 ], [ 557852.947099024080671, 2540851.324290771503001 ], [ 557696.421160342404619, 2541305.719790424220264 ], [ 557666.458259087288752, 2541367.599576184060425 ], [ 557812.526351580861956, 2542033.496456906665117 ], [ 557713.820138896466233, 2542113.931874882895499 ], [ 557475.112764256773517, 2542353.247152569238096 ], [ 557140.508068910450675, 2542477.06827607518062 ], [ 556823.587647482519969, 2542804.660392755176872 ], [ 556820.090304764802568, 2542916.459043845534325 ], [ 556874.232561620883644, 2543234.386743082664907 ], [ 556887.354820143664256, 2543287.574749447405338 ], [ 557023.318081606877968, 2543919.108227347023785 ], [ 557308.923248619074002, 2544273.34402094874531 ], [ 557362.701091655762866, 2544414.14475520607084 ], [ 557542.696260551107116, 2544511.146641212515533 ], [ 557615.150602294947021, 2544591.132097966503352 ], [ 558066.218399695586413, 2544550.801004627719522 ], [ 557953.970113737741485, 2544426.377649526577443 ], [ 557880.989682720275596, 2543951.171022973489016 ], [ 557728.919841979630291, 2543519.943137111142278 ], [ 557750.008293204358779, 2543366.144117324613035 ], [ 558277.949551744502969, 2543069.278165196068585 ], [ 558419.362732951762155, 2543075.362372574396431 ] ] ] } },
{ "type": "Feature", "properties": { "cluster": 170 }, "geometry": { "type": "Polygon", "coordinates": [ [ [ 631394.998066331609152, 2899275.040101308841258 ], [ 631424.976773052942008, 2899275.011752335354686 ], [ 632036.514157518977299, 2899542.106378748081625 ], [ 631575.006761148804799, 2899035.04189637908712 ], [ 631575.016681367880665, 2898975.001292647793889 ], [ 631484.997471045120619, 2898855.003421153407544 ], [ 631454.97321012802422, 2899155.013045049272478 ], [ 631395.002646527253091, 2899245.019807317759842 ], [ 631394.998066331609152, 2899275.040101308841258 ] ] ] } },
{ "type": "Feature", "properties": { "cluster": 171 }, "geometry": { "type": "Polygon", "coordinates": [ [ [ 504092.896874293801375, 2570467.266344491858035 ], [ 503785.950422874768265, 2570686.377191696781665 ], [ 504078.387414321710821, 2571151.408107704017311 ], [ 504593.797341320780106, 2571612.084258628543466 ], [ 504298.046601340873167, 2572080.270774314180017 ], [ 504901.548983731248882, 2572030.641299957875162 ], [ 504780.911652291135397, 2571843.513288073707372 ], [ 505043.982065932534169, 2571279.013490166980773 ], [ 504813.883402830164414, 2571104.025956457480788 ], [ 504693.293040293967351, 2570740.880788797046989 ], [ 504299.515700376359746, 2570539.281775796785951 ], [ 504092.896874293801375, 2570467.266344491858035 ] ] ] } },
{ "type": "Feature", "properties": { "cluster": 172 }, "geometry": { "type": "Polygon", "coordinates": [ [ [ 583141.135409893933684, 2508796.828484845347703 ], [ 583472.808011236600578, 2508634.793517713434994 ], [ 583726.056342985713854, 2508537.651963418349624 ], [ 583844.600378993432969, 2508464.129350762814283 ], [ 583997.027697182726115, 2508394.115255918353796 ], [ 583838.060613875510171, 2507971.449332603253424 ], [ 583776.128108870587312, 2507462.966685925144702 ], [ 583966.182635422213934, 2507278.023773130495101 ], [ 584162.59511910949368, 2507058.79912201454863 ], [ 584216.848829030990601, 2506908.537391896359622 ], [ 584390.477257268503308, 2506537.521963289007545 ], [ 584454.832329013152048, 2506233.434837279841304 ], [ 584572.18826504284516, 2506007.135778002906591 ], [ 584618.397639369242825, 2505640.953290889970958 ], [ 584260.691045501502231, 2505106.479464916046709 ], [ 584078.276002467842773, 2505018.017064025159925 ], [ 583824.424396354821511, 2504839.493073510937393 ], [ 583273.739061286090873, 2505390.013311051763594 ], [ 583167.67670500127133, 2505998.318989778403193 ], [ 583082.051625520456582, 2506439.570419882424176 ], [ 583016.197976798634045, 2506835.540304905269295 ], [ 582836.039558458258398, 2507091.400315325241536 ], [ 582503.415707882028073, 2507234.624639579094946 ], [ 582428.543476075516082, 2507401.38643880514428 ], [ 582450.912003363249823, 2507444.682573121972382 ], [ 582493.167825994896702, 2507800.27740117162466 ], [ 582460.20734506950248, 2508196.427328128833324 ], [ 581869.400418486911803, 2508405.802646150346845 ], [ 581920.176129897707142, 2508515.674092425964773 ], [ 582603.570076912059449, 2508471.753916470799595 ], [ 583141.135409893933684, 2508796.828484845347703 ] ] ] } },
{ "type": "Feature", "properties": { "cluster": 173 }, "geometry": { "type": "Polygon", "coordinates": [ [ [ 515575.435518874670379, 2487086.979931115172803 ], [ 515393.201643520500511, 2487253.943274038378149 ], [ 515302.610937731107697, 2487326.910437806043774 ], [ 515120.307887210859917, 2487570.255164918489754 ], [ 515247.497407219256274, 2487930.133130574133247 ], [ 515327.517648770532105, 2488139.422602369915694 ], [ 515300.41332870721817, 2488503.576206354890019 ], [ 515331.839233329345006, 2488964.091308287810534 ], [ 515434.517299685627222, 2489135.768490036018193 ], [ 515641.346055997477379, 2489035.246372223831713 ], [ 516167.888555161247496, 2489081.174649883527309 ], [ 516290.233595129218884, 2489124.474033832084388 ], [ 516414.734081649919972, 2489074.794294926337898 ], [ 516591.713798810436856, 2489001.926434292923659 ], [ 516490.4626880864962, 2488469.38291142648086 ], [ 516699.497687737864908, 2488246.007828225381672 ], [ 516833.303504379466176, 2488159.812785665504634 ], [ 516542.537450134987012, 2487866.160707330331206 ], [ 516234.375692208239343, 2487476.192932699341327 ], [ 516151.110101461992599, 2487427.400435922201723 ], [ 515786.305077565193642, 2487086.087617808952928 ], [ 515668.033286405960098, 2487066.042141125071794 ], [ 515575.435518874670379, 2487086.979931115172803 ] ] ] } },
{ "type": "Feature", "properties": { "cluster": 174 }, "geometry": { "type": "Polygon", "coordinates": [ [ [ 563383.991043714107946, 2536266.04393376223743 ], [ 563406.069394153542817, 2536380.163198687601835 ], [ 563605.391909434227273, 2536528.240943377837539 ], [ 563896.436703275656328, 2536323.559801504947245 ], [ 563725.055697841453366, 2535872.263810464181006 ], [ 563389.722936414997093, 2536122.151212338358164 ], [ 563383.991043714107946, 2536266.04393376223743 ] ] ] } },
{ "type": "Feature", "properties": { "cluster": 175 }, "geometry": { "type": "MultiPolygon", "coordinates": [ [ [ [ 320314.280907740874682, 2727004.999657177366316 ], [ 320251.447473766398616, 2727235.120048952754587 ], [ 320788.895260417601094, 2727537.246561251580715 ], [ 320839.998425050987862, 2727103.451529174111784 ], [ 321520.031048212433234, 2727078.086626417934895 ], [ 321578.02958057273645, 2726706.242398793343455 ], [ 321543.756505479803309, 2726639.108945536892861 ], [ 321170.730259571049828, 2726605.130519048776478 ], [ 321039.715039471280761, 2726494.932322411332279 ], [ 320797.060328403196763, 2726599.972120909485966 ], [ 320436.691877439909149, 2726919.22755668265745 ], [ 320314.280907740874682, 2727004.999657177366316 ] ] ], [ [ [ 321024.920667103724554, 2727862.103242204058915 ], [ 320788.895260417601094, 2727537.246561251580715 ], [ 320687.898042981280014, 2727948.422939416021109 ], [ 320711.410049207275733, 2728044.495251429267228 ], [ 320993.275450926506892, 2728234.719968242570758 ], [ 321024.920667103724554, 2727862.103242204058915 ] ] ] ] } },
{ "type": "Feature", "properties": { "cluster": 176 }, "geometry": { "type": "Polygon", "coordinates": [ [ [ 532241.208583588944748, 2546228.89950731722638 ], [ 532273.766287854057737, 2546336.350160958711058 ], [ 532551.409132719738409, 2546352.44798194244504 ], [ 532794.530733342748135, 2546223.456130332313478 ], [ 533040.796300758142024, 2546064.585611853282899 ], [ 533192.579946518875659, 2546004.034479431807995 ], [ 532658.569784694118425, 2545606.551053340081125 ], [ 532298.409533279249445, 2545836.031421182211488 ], [ 532150.641250413260423, 2545936.452758176717907 ], [ 532241.208583588944748, 2546228.89950731722638 ] ] ] } },
{ "type": "Feature", "properties": { "cluster": 177 }, "geometry": { "type": "MultiPolygon", "coordinates": [ [ [ [ 523321.714137694332749, 2525659.897308114450425 ], [ 523032.073064413911197, 2525181.237498982809484 ], [ 522815.527642093948089, 2525210.798347400967032 ], [ 523321.714137694332749, 2525659.897308114450425 ] ] ], [ [ [ 528967.671919419197366, 2524767.448376225307584 ], [ 528943.140666131977923, 2524717.587085253093392 ], [ 528651.494388939812779, 2524297.484973415732384 ], [ 528665.122642804053612, 2523602.323738415725529 ], [ 528032.488195206271484, 2523321.07363673299551 ], [ 527522.80969664384611, 2523131.952620554249734 ], [ 527027.087211561854929, 2523166.484381760004908 ], [ 526967.047394143533893, 2523458.621088786516339 ], [ 526987.722301468602382, 2523950.158717281650752 ], [ 526960.282189053134061, 2524377.405873260460794 ], [ 526610.031389973126352, 2524571.616093426477164 ], [ 526066.825991444988176, 2524798.710701080970466 ], [ 525728.909542740322649, 2524992.962361899204552 ], [ 525551.089179808972403, 2525175.313851641956717 ], [ 525355.804168458329514, 2525373.135958917438984 ], [ 525206.65382764977403, 2525596.497926286421716 ], [ 524883.170694156200625, 2525766.438670533709228 ], [ 524301.061943266657181, 2525983.569399415049702 ], [ 523745.090465276211035, 2525900.770629797596484 ], [ 523321.714137694332749, 2525659.897308114450425 ], [ 523061.2841632568161, 2526212.990299838129431 ], [ 523069.122791333240457, 2526455.43174172565341 ], [ 523387.175536607392132, 2526457.026667181402445 ], [ 523845.510633624333423, 2526634.859154786448926 ], [ 524085.45914430229459, 2526716.048908662982285 ], [ 524276.068466864118818, 2526213.78212033957243 ], [ 524969.38113551819697, 2526374.315409590490162 ], [ 525021.368117734207772, 2526579.193587222136557 ], [ 525129.458089380525053, 2526978.994621947873384 ], [ 524636.370758102042601, 2527366.736259111203253 ], [ 524662.512523294077255, 2527693.339927058201283 ], [ 525001.357161267194897, 2528134.476987379603088 ], [ 525456.485593942459673, 2528347.777676995843649 ], [ 525640.194363950518891, 2528300.487416739575565 ], [ 525684.323196698795073, 2528290.599375288467854 ], [ 526135.798853268963285, 2528234.916169208474457 ], [ 526327.411836854880676, 2528363.659135831519961 ], [ 526152.867168257129379, 2529043.04789879033342 ], [ 526500.346659088274464, 2529197.524428499862552 ], [ 526904.643178449827246, 2529124.069940503686666 ], [ 526912.328076049219817, 2528840.69406161736697 ], [ 526822.797669883468188, 2528422.09283083723858 ], [ 526925.928524653892964, 2528115.639936903491616 ], [ 527100.768915713182651, 2527869.093479392584413 ], [ 527389.302162150386721, 2527726.811375965364277 ], [ 527327.595856021624058, 2527242.945656383875757 ], [ 527357.098181359586306, 2526813.487464740872383 ], [ 527430.304415508639067, 2526613.255100431386381 ], [ 527637.507203190936707, 2526075.635880515445024 ], [ 528161.559054127545096, 2525653.732105548959225 ], [ 528900.295095434878021, 2525661.765602219849825 ], [ 529147.190053115831688, 2525326.821332743857056 ], [ 528969.645809474401176, 2524808.410669516772032 ], [ 528967.671919419197366, 2524767.448376225307584 ] ] ] ] } },
{ "type": "Feature", "properties": { "cluster": 178 }, "geometry": { "type": "Polygon", "coordinates": [ [ [ 578371.675507649546489, 2509757.972203717101365 ], [ 578234.566952389781363, 2509653.205405392684042 ], [ 578102.830547483405098, 2509501.971230102702975 ], [ 577785.725484381895512, 2509643.160654279403389 ], [ 578233.397824443876743, 2509680.875725695863366 ], [ 578371.675507649546489, 2509757.972203717101365 ] ] ] } },
{ "type": "Feature", "properties": { "cluster": 179 }, "geometry": { "type": "Polygon", "coordinates": [ [ [ 505105.930656222277321, 2593283.80289359902963 ], [ 505077.264829274325166, 2593477.528631954919547 ], [ 505040.433016443625093, 2593659.073992179241031 ], [ 505125.127547698095441, 2593884.943803624249995 ], [ 505555.988233117444906, 2594278.107292148750275 ], [ 505632.855411865282804, 2593578.473532574251294 ], [ 505649.211370486067608, 2593541.946785651147366 ], [ 505679.990665794000961, 2593184.377934944350272 ], [ 505735.298952561686747, 2592792.49996701721102 ], [ 505520.751547794905491, 2592920.836875900160521 ], [ 505244.96019228361547, 2592946.198332625906914 ], [ 505029.405487414973322, 2593052.400846862699836 ], [ 505030.421592959377449, 2593067.900041565764695 ], [ 505105.930656222277321, 2593283.80289359902963 ] ] ] } },
{ "type": "Feature", "properties": { "cluster": 180 }, "geometry": { "type": "Polygon", "coordinates": [ [ [ 482695.741405349341221, 2639755.667074154131114 ], [ 482767.011144870193675, 2639755.581702265422791 ], [ 482781.131536989007145, 2639643.745195754338056 ], [ 482778.070483243442141, 2639638.213227014988661 ], [ 482567.330026907438878, 2639651.752013463992625 ], [ 482511.532083789177705, 2639816.78125970158726 ], [ 482695.741405349341221, 2639755.667074154131114 ] ] ] } },
{ "type": "Feature", "properties": { "cluster": 181 }, "geometry": { "type": "Polygon", "coordinates": [ [ [ 459909.146262375696097, 2589194.855908549856395 ], [ 459734.723976975481492, 2589300.504337062127888 ], [ 460281.622005530982278, 2589408.620677615981549 ], [ 460378.389425750996452, 2589679.594933054409921 ], [ 460622.527723518782295, 2589664.548168573528528 ], [ 460673.07578732696129, 2589464.031518333125859 ], [ 460889.560992519371212, 2589037.22934950562194 ], [ 460261.254506300378125, 2589054.409762989263982 ], [ 460085.146557852393016, 2588916.500736707355827 ], [ 460010.870963825145736, 2589030.731457123532891 ], [ 459909.146262375696097, 2589194.855908549856395 ] ] ] } },
{ "type": "Feature", "properties": { "cluster": 182 }, "geometry": { "type": "Polygon", "coordinates": [ [ [ 549674.033129061223008, 2535585.845806782599539 ], [ 549535.38774166139774, 2535339.629890347830951 ], [ 549251.313542107352987, 2535664.165189187042415 ], [ 549147.55524032691028, 2535723.606074223760515 ], [ 549018.972898534033448, 2535849.388502347283065 ], [ 549308.48597501241602, 2536054.025367073249072 ], [ 549562.369978936738335, 2536177.737834115512669 ], [ 550127.549487742362544, 2536115.398773702792823 ], [ 549721.967155081802048, 2535664.602686111349612 ], [ 549674.033129061223008, 2535585.845806782599539 ] ] ] } },
{ "type": "Feature", "properties": { "cluster": 183 }, "geometry": { "type": "Polygon", "coordinates": [ [ [ 457100.525737826246768, 2630877.776650881860405 ], [ 457266.078880201210268, 2631050.00044150929898 ], [ 457324.243679146689828, 2630736.508589343167841 ], [ 457397.947567637369502, 2630509.328136324416846 ], [ 457039.359193630109075, 2630521.459471434820443 ], [ 457067.645444559049793, 2630783.76736814994365 ], [ 457100.525737826246768, 2630877.776650881860405 ] ] ] } },
{ "type": "Feature", "properties": { "cluster": 184 }, "geometry": { "type": "Polygon", "coordinates": [ [ [ 374212.969319157768041, 2865314.739182159304619 ], [ 373937.566420772112906, 2865430.363572631031275 ], [ 374142.351501978409942, 2865682.06076265592128 ], [ 374174.400681351893581, 2866099.352760619949549 ], [ 374175.033592243853491, 2866154.952742174267769 ], [ 374204.987618098966777, 2866154.998076278250664 ], [ 374613.376842598197982, 2866014.292845288757235 ], [ 374663.578608834533952, 2866025.9981982964091 ], [ 374715.013651071756613, 2865914.960180862341076 ], [ 374715.028889220382553, 2865885.052471695002168 ], [ 374714.985484331904445, 2865764.979567039757967 ], [ 374714.999686525494326, 2865734.961104773916304 ], [ 374715.014949391596019, 2865705.053402276709676 ], [ 374715.043374615896028, 2865645.016483328770846 ], [ 374685.031592578510754, 2865555.026274989824742 ], [ 374693.655608861590736, 2865188.299640567041934 ], [ 374518.38444086513482, 2865089.173073933459818 ], [ 374212.969319157768041, 2865314.739182159304619 ] ] ] } },
{ "type": "Feature", "properties": { "cluster": 185 }, "geometry": { "type": "Polygon", "coordinates": [ [ [ 444946.267431008920539, 2610980.333762513939291 ], [ 444568.901462389039807, 2610472.481087727472186 ], [ 444864.835820189560764, 2611029.354991275351495 ], [ 444830.058245266263839, 2611275.26988743012771 ], [ 444888.36291961313691, 2611316.013493420090526 ], [ 445249.050335546489805, 2611737.58037300221622 ], [ 445535.077384039293975, 2611293.657039032317698 ], [ 445410.83306689443998, 2611079.337722288444638 ], [ 445516.159216943022329, 2610598.449222906958312 ], [ 444946.267431008920539, 2610980.333762513939291 ] ] ] } },
{ "type": "Feature", "properties": { "cluster": 611 }, "geometry": { "type": "Polygon", "coordinates": [ [ [ 555405.029094564262778, 2652674.985669244080782 ], [ 555405.043314639478922, 2652644.98095006775111 ], [ 555375.04782689944841, 2652614.971017319709063 ], [ 555375.0336712814169, 2652644.975734239909798 ], [ 555405.0148728240747, 2652704.990389477461576 ], [ 555405.029094564262778, 2652674.985669244080782 ] ] ] } },
{ "type": "Feature", "properties": { "cluster": 186 }, "geometry": { "type": "Polygon", "coordinates": [ [ [ 460601.160561230382882, 2587022.00727844145149 ], [ 460856.468791327963118, 2586963.759338844567537 ], [ 460813.2640375867486, 2586471.224894409067929 ], [ 460739.81522853882052, 2586519.024512449745089 ], [ 460460.173539736075327, 2586651.513702762778848 ], [ 460601.160561230382882, 2587022.00727844145149 ] ] ] } },
{ "type": "Feature", "properties": { "cluster": 187 }, "geometry": { "type": "Polygon", "coordinates": [ [ [ 544854.982927214005031, 2669155.131629741284996 ], [ 544980.997027611825615, 2669148.88603396108374 ], [ 544922.079099475755356, 2668822.078536455985159 ], [ 544544.201803599484265, 2668785.461364064831287 ], [ 544375.60686240310315, 2669086.090823307167739 ], [ 544600.090720584033988, 2669108.936055613681674 ], [ 544854.982927214005031, 2669155.131629741284996 ] ] ] } },
{ "type": "Feature", "properties": { "cluster": 188 }, "geometry": { "type": "Polygon", "coordinates": [ [ [ 384775.010445704800077, 2849461.745576552581042 ], [ 384730.241607214324176, 2849963.889599120710045 ], [ 385051.002782208495773, 2850287.845022024586797 ], [ 385096.612311157339718, 2850458.022433663718402 ], [ 385604.674006535147782, 2850524.502331078052521 ], [ 385855.577598394243978, 2850428.184880558401346 ], [ 386207.067202064150479, 2850365.342072315514088 ], [ 386444.879680008511059, 2850378.803112907800823 ], [ 386317.352044395287521, 2850011.062519174069166 ], [ 386206.922861244995147, 2849766.121452693361789 ], [ 386045.368968624912668, 2849524.944656386040151 ], [ 385803.230535844399128, 2849360.891193239018321 ], [ 385721.101768525782973, 2849258.592227905988693 ], [ 385228.35082573199179, 2848997.031479289755225 ], [ 384775.010445704800077, 2849461.745576552581042 ] ] ] } },
{ "type": "Feature", "properties": { "cluster": 189 }, "geometry": { "type": "Polygon", "coordinates": [ [ [ 344793.361850381654222, 2784825.281193975359201 ], [ 344632.556820538127795, 2785131.74249393446371 ], [ 344796.172023143793922, 2785247.287941069342196 ], [ 345066.388807164505124, 2785253.061774451751262 ], [ 345165.59198912512511, 2785289.591698783449829 ], [ 345427.687127724988386, 2785644.394281158689409 ], [ 345484.397575258626603, 2786021.477828962728381 ], [ 345775.698868843959644, 2786110.102897929958999 ], [ 345978.773247233242728, 2786240.720723471138626 ], [ 346002.68160140607506, 2785771.888462723232806 ], [ 345977.531141865183599, 2785421.030430332291871 ], [ 346134.330005455762148, 2785114.632057388778776 ], [ 346004.504444709513336, 2784955.487087856978178 ], [ 345501.368703648913652, 2785121.823426838498563 ], [ 345216.83197913080221, 2784921.246903149876744 ], [ 344793.361850381654222, 2784825.281193975359201 ] ] ] } },
{ "type": "Feature", "properties": { "cluster": 190 }, "geometry": { "type": "Polygon", "coordinates": [ [ [ 538728.864511088118888, 2549574.173648709896952 ], [ 539014.484904647455551, 2549649.085373168811202 ], [ 539291.564817886101082, 2549463.828235431108624 ], [ 539056.612466249382123, 2549207.49046871997416 ], [ 538748.133985545136966, 2549253.185119881760329 ], [ 538668.190320958499797, 2549267.370055876672268 ], [ 538565.569559066672809, 2549335.741446355357766 ], [ 538728.864511088118888, 2549574.173648709896952 ] ] ] } },
{ "type": "Feature", "properties": { "cluster": 191 }, "geometry": { "type": "MultiPolygon", "coordinates": [ [ [ [ 670322.451345344888978, 2853233.147117309737951 ], [ 670165.789627686142921, 2853170.192773912567645 ], [ 669825.028937404043972, 2853555.006955790799111 ], [ 670452.135022829519585, 2853287.999803296755999 ], [ 670322.451345344888978, 2853233.147117309737951 ] ] ], [ [ [ 670753.48936209443491, 2853485.776057722046971 ], [ 670894.832069963915274, 2853414.483966065570712 ], [ 671595.010019494220614, 2853554.964044204447418 ], [ 671624.977150391321629, 2853764.96859455993399 ], [ 671654.965567446197383, 2853765.026198216248304 ], [ 671775.004603222594596, 2853434.992750741075724 ], [ 671594.997682702727616, 2853525.050554117653519 ], [ 670940.290831444319338, 2853312.03812128584832 ], [ 670452.135022829519585, 2853287.999803296755999 ], [ 670753.48936209443491, 2853485.776057722046971 ] ] ] ] } },
{ "type": "Feature", "properties": { "cluster": 192 }, "geometry": { "type": "Polygon", "coordinates": [ [ [ 294400.297546574380249, 2745808.125588077120483 ], [ 294413.028222401218954, 2745780.236857175827026 ], [ 294397.404319622146431, 2745681.861347374506295 ], [ 294378.969096661428921, 2745191.310282045509666 ], [ 294252.154516003560275, 2745503.429517428856343 ], [ 294206.687018383410759, 2745573.909201765898615 ], [ 294067.69862637098413, 2745882.888663579709828 ], [ 294238.919871358491946, 2746039.879770331084728 ], [ 294281.303125140082557, 2745966.122152599040419 ], [ 294400.297546574380249, 2745808.125588077120483 ] ] ] } },
{ "type": "Feature", "properties": { "cluster": 193 }, "geometry": { "type": "MultiPolygon", "coordinates": [ [ [ [ 539711.476822112803347, 2537481.417057120241225 ], [ 540270.617984125274234, 2537340.096076623070985 ], [ 539949.966867536189966, 2536856.584153479896486 ], [ 539557.322016499936581, 2536449.274510000832379 ], [ 539392.4034487727331, 2536780.946651255246252 ], [ 539382.490234046941623, 2537043.282996627502143 ], [ 539331.798097091959789, 2537216.951799397822469 ], [ 539711.476822112803347, 2537481.417057120241225 ] ] ], [ [ [ 540844.011703480500728, 2537618.393454116769135 ], [ 541328.834178240736946, 2537661.782197781838477 ], [ 541323.617847634945065, 2537320.806663878262043 ], [ 540839.815631496720016, 2537275.207035403698683 ], [ 540270.617984125274234, 2537340.096076623070985 ], [ 540844.011703480500728, 2537618.393454116769135 ] ] ] ] } },
{ "type": "Feature", "properties": { "cluster": 516 }, "geometry": { "type": "Polygon", "coordinates": [ [ [ 654961.777243088115938, 2824345.53892161231488 ], [ 654947.136885317158885, 2824221.299059392884374 ], [ 654636.197431553038768, 2824425.955568479374051 ], [ 654961.777243088115938, 2824345.53892161231488 ] ] ] } },
{ "type": "Feature", "properties": { "cluster": 194 }, "geometry": { "type": "Polygon", "coordinates": [ [ [ 495948.362520758353639, 2530059.324798518326133 ], [ 495921.594664893345907, 2529692.921550665050745 ], [ 495666.117327886109706, 2529469.382692269980907 ], [ 495086.464155736961402, 2529185.066178877837956 ], [ 494994.27896467433311, 2529595.785890033002943 ], [ 494512.250451062922366, 2529816.242220039013773 ], [ 494901.170158464869019, 2530294.321657817810774 ], [ 494924.774619643692859, 2530333.058045029174536 ], [ 494905.44131306296913, 2530793.56873362371698 ], [ 495371.052177110803314, 2530635.120607416611165 ], [ 495394.577318543510046, 2530419.252107367385179 ], [ 495588.350598668970633, 2530126.951389101333916 ], [ 495948.362520758353639, 2530059.324798518326133 ] ] ] } },
{ "type": "Feature", "properties": { "cluster": 195 }, "geometry": { "type": "Polygon", "coordinates": [ [ [ 550837.463056197972037, 2517983.715899962931871 ], [ 551013.674599165096879, 2518091.686026507522911 ], [ 551219.142423456069082, 2518046.989844736177474 ], [ 551114.84571395535022, 2517618.227090114261955 ], [ 550837.463056197972037, 2517983.715899962931871 ] ] ] } },
{ "type": "Feature", "properties": { "cluster": 196 }, "geometry": { "type": "Polygon", "coordinates": [ [ [ 407266.551882292493246, 2764681.757831608410925 ], [ 407381.882976200431585, 2764424.053507670294493 ], [ 407940.865194066311233, 2764249.738165482878685 ], [ 407320.585955865099095, 2764314.833188156131655 ], [ 407092.814782326109707, 2764066.098894599825144 ], [ 406624.149445250979625, 2763572.05274774460122 ], [ 406711.874640170193743, 2764003.351786272600293 ], [ 406704.291087788238656, 2764075.386356332805008 ], [ 406711.390636692638509, 2764376.558692294172943 ], [ 406753.279274010681547, 2764747.262080210261047 ], [ 406836.088111362536438, 2764754.450002985540777 ], [ 407283.87756872078171, 2764855.506638262420893 ], [ 407266.551882292493246, 2764681.757831608410925 ] ] ] } },
{ "type": "Feature", "properties": { "cluster": 197 }, "geometry": { "type": "Polygon", "coordinates": [ [ [ 571543.239841996575706, 2541179.214220431167632 ], [ 571519.574457867769524, 2541197.921993065625429 ], [ 571452.925566312856972, 2541417.913493253290653 ], [ 571082.703527162666433, 2541673.001029591541737 ], [ 570584.348572820657864, 2541713.829925645142794 ], [ 570893.076670063892379, 2542107.186856735032052 ], [ 571040.045508594135754, 2542240.72963817929849 ], [ 571715.235267028678209, 2542514.061835476662964 ], [ 571989.97995769942645, 2542503.196986638940871 ], [ 572113.510276774060912, 2542391.973957432433963 ], [ 572381.667357941041701, 2542046.746509066782892 ], [ 572232.180748858721927, 2541799.149110186379403 ], [ 572235.704510923591442, 2541278.839116250630468 ], [ 572100.207996219047345, 2541104.377866759430617 ], [ 571788.176596282981336, 2540975.571830212604254 ], [ 571543.239841996575706, 2541179.214220431167632 ] ] ] } },
{ "type": "Feature", "properties": { "cluster": 198 }, "geometry": { "type": "Polygon", "coordinates": [ [ [ 544911.575128377764486, 2537483.84225640585646 ], [ 545050.84391225525178, 2537539.609120764769614 ], [ 545119.82063723821193, 2537444.611604085192084 ], [ 544942.966624477528967, 2537271.387662439607084 ], [ 544769.128469292772934, 2537116.994230611249804 ], [ 544911.575128377764486, 2537483.84225640585646 ] ] ] } },
{ "type": "Feature", "properties": { "cluster": 199 }, "geometry": { "type": "Polygon", "coordinates": [ [ [ 512179.221972834086046, 2664583.551906936336309 ], [ 512354.94992977194488, 2664705.047238341066986 ], [ 512385.034501686342992, 2664704.962612031958997 ], [ 512385.018578106479254, 2664255.014783760532737 ], [ 512715.592191238363739, 2663753.653844136744738 ], [ 512689.26233643834712, 2663644.022145116701722 ], [ 512324.589696241077036, 2663376.878488246817142 ], [ 512020.564054243441205, 2663499.513235364109278 ], [ 511929.003679517831188, 2663594.651624707039446 ], [ 511922.86522654350847, 2663642.254105990286916 ], [ 511945.17970876005711, 2663698.737611528486013 ], [ 512175.030353516398463, 2664254.944757060147822 ], [ 512164.208565297769383, 2664311.178985433652997 ], [ 512179.221972834086046, 2664583.551906936336309 ] ] ] } },
{ "type": "Feature", "properties": { "cluster": 200 }, "geometry": { "type": "Polygon", "coordinates": [ [ [ 453201.587817771942355, 2775857.474090550560504 ], [ 452805.103825419093482, 2775796.831310053355992 ], [ 452353.443608487665188, 2776106.243888877797872 ], [ 452749.920890779991169, 2776166.873433012049645 ], [ 453090.199807558499742, 2776598.666081901174039 ], [ 453145.386134389496874, 2776227.517937442287803 ], [ 453201.587817771942355, 2775857.474090550560504 ] ] ] } },
{ "type": "Feature", "properties": { "cluster": 201 }, "geometry": { "type": "Polygon", "coordinates": [ [ [ 350469.111627499340102, 2903738.164362925570458 ], [ 350658.82073163613677, 2903988.563695950433612 ], [ 350493.275040133623406, 2904532.216997865121812 ], [ 350933.585236868821084, 2904425.212091813795269 ], [ 351042.631363050546497, 2904005.187648885883391 ], [ 351084.048487238294911, 2903958.181030675303191 ], [ 351311.905889553774614, 2903791.598198928870261 ], [ 351476.793120795162395, 2903708.831170462071896 ], [ 351420.690264110395219, 2903521.140964799094945 ], [ 351478.490492245531641, 2903160.426520366221666 ], [ 351490.192153386538848, 2902613.015326351858675 ], [ 352094.724151350208558, 2902444.34773135278374 ], [ 352493.889081357861869, 2902489.645694131497294 ], [ 352758.913446626567747, 2902424.589100937824696 ], [ 352849.317768696928397, 2902379.247429681476206 ], [ 353526.651703757059295, 2902196.526970357168466 ], [ 353643.801068720174953, 2902307.093432507943362 ], [ 354133.26956545189023, 2902652.752027022186667 ], [ 354633.456711394130252, 2902531.910020172130316 ], [ 354676.512097555503715, 2902540.289192752446979 ], [ 355358.051666224142537, 2902375.343465976882726 ], [ 355382.369452383019961, 2901958.528576177544892 ], [ 355432.97007485514041, 2901837.210299256723374 ], [ 355540.951904236280825, 2901306.464201818685979 ], [ 355542.28832395572681, 2900888.799164601135999 ], [ 355511.683396812528372, 2900742.907649047672749 ], [ 355629.118077935534529, 2900341.673696274869144 ], [ 355573.066332882328425, 2900243.702144213952124 ], [ 355533.441077096969821, 2899916.228096879087389 ], [ 355481.045751282421406, 2899519.103736164513975 ], [ 355493.109017434879206, 2899435.882472740020603 ], [ 355157.986146184091922, 2899315.54733713530004 ], [ 355032.616440881742164, 2899096.491909178905189 ], [ 354326.678318303602282, 2898795.322885643225163 ], [ 354291.439674639666919, 2899216.69373337412253 ], [ 354488.971936752379406, 2899542.391552860382944 ], [ 354191.371072662528604, 2900093.004708256106824 ], [ 354164.997283422620967, 2900715.016330275218934 ], [ 353586.425192222930491, 2900943.996560962870717 ], [ 353329.705875228857622, 2900686.559824401512742 ], [ 353149.275371936964802, 2900460.389871806371957 ], [ 352829.485750554013066, 2899842.522301476914436 ], [ 352785.542754515830893, 2900372.567788842599839 ], [ 352571.841549809614662, 2900648.634289566893131 ], [ 352239.397434450453147, 2900675.686975595075637 ], [ 351979.851519970456138, 2900611.071946800686419 ], [ 351748.263574530312326, 2900457.514508390333503 ], [ 351649.199901101994328, 2900183.90342908911407 ], [ 351694.484533638227731, 2899949.630124595481902 ], [ 351768.570553433150053, 2899699.517856487538666 ], [ 351315.856467484962195, 2899262.674785321112722 ], [ 351489.278765197959729, 2898872.941550106741488 ], [ 351203.75731283146888, 2898725.549228519201279 ], [ 350959.653607574524358, 2898877.912495525553823 ], [ 350933.863676481414586, 2898894.826727454084903 ], [ 350333.101672721852083, 2898711.199597341474146 ], [ 349807.92496440774994, 2898669.636109166312963 ], [ 349626.670282888109796, 2899413.998082127887756 ], [ 349441.006846721749753, 2899690.901378279086202 ], [ 349418.932877796585672, 2900113.250292503740638 ], [ 348882.424636087496765, 2900380.951302061323076 ], [ 349166.265562239801511, 2900727.72598345624283 ], [ 349342.032688407634851, 2901234.186340532265604 ], [ 349129.790344313834794, 2901542.425962759647518 ], [ 349205.000229433644563, 2901822.945761159993708 ], [ 349425.640002323780209, 2902065.214281648397446 ], [ 349263.465738918632269, 2902553.4513851958327 ], [ 349835.434692609822378, 2902421.615315647795796 ], [ 350037.264519084477797, 2902680.729203685186803 ], [ 350168.418257397715934, 2903049.233684084843844 ], [ 350090.726338789798319, 2903414.617917247582227 ], [ 350320.800082933565136, 2903612.476083172950894 ], [ 350469.111627499340102, 2903738.164362925570458 ] ] ] } },
{ "type": "Feature", "properties": { "cluster": 517 }, "geometry": { "type": "Polygon", "coordinates": [ [ [ 474972.456117127265316, 2543869.385735641233623 ], [ 475624.547499256092124, 2543433.260020421817899 ], [ 475592.493755095580127, 2543258.405021138023585 ], [ 475799.967835551360622, 2542904.934610100928694 ], [ 475589.097406498040073, 2543060.256418940145522 ], [ 475168.152988208981697, 2543224.782926413230598 ], [ 474972.456117127265316, 2543869.385735641233623 ] ] ] } },
{ "type": "Feature", "properties": { "cluster": 202 }, "geometry": { "type": "Polygon", "coordinates": [ [ [ 504342.579617532610428, 2531331.327051309403032 ], [ 504605.049874295480549, 2531642.466799183283001 ], [ 504787.610197686066385, 2531644.737520180176944 ], [ 504936.344791832729243, 2531586.115318062715232 ], [ 505322.96973573701689, 2531690.302967326249927 ], [ 505604.000453631742857, 2531661.623060517478734 ], [ 505821.441396811685991, 2531638.458654450252652 ], [ 505895.331696478475351, 2531522.254133698064834 ], [ 506518.064695002569351, 2531118.461396942846477 ], [ 506177.646647455461789, 2530871.461405340582132 ], [ 505982.904449426510837, 2530527.11178800649941 ], [ 505606.416025990969501, 2530679.73086572624743 ], [ 505204.468607495655306, 2530323.139166153036058 ], [ 504889.62796806206461, 2530158.09390174318105 ], [ 504531.625228573975619, 2530241.005886875558645 ], [ 504302.829107368248515, 2530454.586323928553611 ], [ 503938.631088461610489, 2530734.553242359310389 ], [ 503968.219845336454455, 2531329.010122432373464 ], [ 504342.579617532610428, 2531331.327051309403032 ] ] ] } },
{ "type": "Feature", "properties": { "cluster": 203 }, "geometry": { "type": "Polygon", "coordinates": [ [ [ 340561.855092886951752, 2684901.974918734747916 ], [ 340330.552538613963407, 2685009.805495604407042 ], [ 340321.440280553128105, 2685461.808325272519141 ], [ 340483.472677245968953, 2685424.536751396488398 ], [ 340861.80608238268178, 2685209.831637812312692 ], [ 340561.855092886951752, 2684901.974918734747916 ] ] ] } },
{ "type": "Feature", "properties": { "cluster": 204 }, "geometry": { "type": "Polygon", "coordinates": [ [ [ 369456.277128318266477, 2747112.08362076478079 ], [ 369202.070179247355554, 2746737.928374762181193 ], [ 369061.401397056877613, 2746613.003633013926446 ], [ 368923.025148326996714, 2746516.854589148890227 ], [ 368944.628115266910754, 2746662.84520137635991 ], [ 368968.652131472714245, 2746744.575199055951089 ], [ 368957.103404183872044, 2747018.248753784224391 ], [ 368980.905771945486777, 2747289.371244191657752 ], [ 369195.407282660133205, 2747313.914907854050398 ], [ 369456.277128318266477, 2747112.08362076478079 ] ] ] } },
{ "type": "Feature", "properties": { "cluster": 205 }, "geometry": { "type": "Polygon", "coordinates": [ [ [ 476401.003797770128585, 2556860.106044132262468 ], [ 476261.919090802432038, 2556965.493580609094352 ], [ 476339.940861524897628, 2557094.891529993154109 ], [ 476633.621880846389104, 2556981.512937641236931 ], [ 476870.843192526488565, 2556771.916515110060573 ], [ 476594.686682204890531, 2556310.718224868178368 ], [ 476401.003797770128585, 2556860.106044132262468 ] ] ] } },
{ "type": "Feature", "properties": { "cluster": 206 }, "geometry": { "type": "Polygon", "coordinates": [ [ [ 574490.685644289012998, 2498411.328483914025128 ], [ 574453.878866074373946, 2498370.189600547775626 ], [ 574170.703000610345043, 2498470.66358363814652 ], [ 573740.313979812432081, 2498403.272640923969448 ], [ 573565.875767586752772, 2498551.883245030418038 ], [ 573309.796943452209234, 2499006.751580181997269 ], [ 573071.181707327254117, 2499251.372039360459894 ], [ 573407.38686476321891, 2499448.922785537317395 ], [ 573510.516089324257337, 2499592.223849185742438 ], [ 573758.947987159946933, 2499657.625439750961959 ], [ 574218.154203102691099, 2499285.666788899339736 ], [ 574557.737460491713136, 2498785.830489306244999 ], [ 574490.685644289012998, 2498411.328483914025128 ] ] ] } },
{ "type": "Feature", "properties": { "cluster": 207 }, "geometry": { "type": "Polygon", "coordinates": [ [ [ 519884.25313076376915, 2492741.741447925567627 ], [ 519978.735609360621311, 2492831.526121641509235 ], [ 520319.267496444168501, 2492693.605082181748003 ], [ 520716.079520943807438, 2492763.872083472087979 ], [ 520596.176344626466744, 2492463.730141815729439 ], [ 520407.296627460978925, 2492221.058409994468093 ], [ 520158.432670536101796, 2492235.12025151681155 ], [ 519784.434898726292886, 2492003.284089619293809 ], [ 519192.807408037071582, 2492287.017331551760435 ], [ 519601.756752963119652, 2492527.739205940626562 ], [ 519884.25313076376915, 2492741.741447925567627 ] ] ] } },
{ "type": "Feature", "properties": { "cluster": 208 }, "geometry": { "type": "Polygon", "coordinates": [ [ [ 523562.773164710786659, 2495794.35881333751604 ], [ 523796.081531237054151, 2496495.416116930078715 ], [ 523552.915825076808687, 2496858.119613931514323 ], [ 523320.429840713273734, 2496965.138323035091162 ], [ 523069.645248824963346, 2496938.192374212201685 ], [ 523097.037100701825693, 2497179.548133695498109 ], [ 523248.042466886457987, 2497248.407030514441431 ], [ 523898.386797055311035, 2497473.010161566082388 ], [ 523932.189485843700822, 2497549.442328973673284 ], [ 524190.857839613570832, 2497784.521372299641371 ], [ 524386.057855526916683, 2497850.140574898570776 ], [ 524825.360286010545678, 2498248.240571718197316 ], [ 524887.468177709495649, 2498613.634939322713763 ], [ 524947.987600647262298, 2498690.112927730195224 ], [ 525155.172815462807193, 2498959.4406958213076 ], [ 525065.11730707064271, 2499346.726192399393767 ], [ 525082.622707735747099, 2499326.829704529140145 ], [ 525632.967087225988507, 2499049.895468133036047 ], [ 525920.304859108640812, 2499319.368166984058917 ], [ 526187.343373120296746, 2499432.731381197459996 ], [ 526263.31942334107589, 2499480.46039213007316 ], [ 526767.730828470666893, 2499618.595509382430464 ], [ 526672.581493445672095, 2499368.258123832289129 ], [ 526234.331801640801132, 2499002.207199480384588 ], [ 526192.618107865564525, 2498751.964668355882168 ], [ 526532.857153778313659, 2498147.047188654076308 ], [ 527244.791263303020969, 2498370.793206918053329 ], [ 527812.312448199256323, 2498298.753436564467847 ], [ 527690.316260643186979, 2498120.31323021184653 ], [ 527323.949602222070098, 2497787.570331438910216 ], [ 527242.830695157754235, 2497738.720125566236675 ], [ 526661.603385042515583, 2497406.720211990177631 ], [ 526554.064270414994098, 2497178.501842638477683 ], [ 526324.69872280198615, 2497254.486030357889831 ], [ 525932.378550203167833, 2497042.390281781554222 ], [ 525406.08938137604855, 2497023.798369580879807 ], [ 525023.581002936814912, 2497087.372629256919026 ], [ 524694.608122989302501, 2497102.336751284543425 ], [ 524368.886909576947801, 2497012.15298934513703 ], [ 524177.80668601085199, 2496282.372058914508671 ], [ 524405.220016292878427, 2496143.256710625253618 ], [ 524495.463871316402219, 2495638.632651087362319 ], [ 524237.83880760910688, 2495373.663477324414998 ], [ 523701.518634971755091, 2495821.139166161883622 ], [ 523562.773164710786659, 2495794.35881333751604 ] ] ] } },
{ "type": "Feature", "properties": { "cluster": 209 }, "geometry": { "type": "Polygon", "coordinates": [ [ [ 497249.208082339551765, 2514286.91801755875349 ], [ 496964.766471200098749, 2514193.987396409735084 ], [ 496609.515824154077563, 2514300.330584417562932 ], [ 496416.531629563774914, 2514528.408707247115672 ], [ 496036.630984286777675, 2514561.711719800718129 ], [ 495826.222210242995061, 2514857.326603963039815 ], [ 495502.874349621066358, 2515133.052158530801535 ], [ 495467.020196188590489, 2515407.58936021476984 ], [ 495592.34096991509432, 2515616.768400629982352 ], [ 495893.186579589964822, 2515690.850691175553948 ], [ 496384.988318472576793, 2515736.111331860534847 ], [ 496562.633745472587179, 2515852.301212783902884 ], [ 497099.548964885820169, 2515616.406384710222483 ], [ 497546.173893736791797, 2515658.392352628987283 ], [ 497888.023651185503695, 2515347.284737006761134 ], [ 498295.603070303448476, 2515070.493223594967276 ], [ 497738.075835932802875, 2515039.570964071433991 ], [ 497318.069870557344984, 2514663.272380438633263 ], [ 497249.208082339551765, 2514286.91801755875349 ] ] ] } },
{ "type": "Feature", "properties": { "cluster": 210 }, "geometry": { "type": "Polygon", "coordinates": [ [ [ 417001.368818408984225, 2616985.083993979729712 ], [ 417045.553408543462865, 2616864.147067459765822 ], [ 417327.696174497075845, 2616621.172203323803842 ], [ 417361.931161277869251, 2616543.473765559028834 ], [ 416953.342141065455507, 2616611.123385298065841 ], [ 416579.188832240644842, 2616458.253790624905378 ], [ 416670.99603958579246, 2616817.56916226586327 ], [ 416601.239050300908275, 2617280.779844760894775 ], [ 416678.212356159987394, 2617365.593742343131453 ], [ 417001.368818408984225, 2616985.083993979729712 ] ] ] } },
{ "type": "Feature", "properties": { "cluster": 211 }, "geometry": { "type": "Polygon", "coordinates": [ [ [ 649677.448548447922803, 2794680.34636370325461 ], [ 649845.042016316088848, 2794455.013898881617934 ], [ 649785.036588220042177, 2794424.994888628367335 ], [ 649635.006876386818476, 2794364.957738744094968 ], [ 649455.135998285491951, 2794379.915854651480913 ], [ 649677.448548447922803, 2794680.34636370325461 ] ] ] } },
{ "type": "Feature", "properties": { "cluster": 212 }, "geometry": { "type": "Polygon", "coordinates": [ [ [ 309553.526357101742178, 2742976.045765453018248 ], [ 309282.188690482871607, 2742661.835382712073624 ], [ 309176.85782216564985, 2742577.985241883900017 ], [ 309067.067436825134791, 2742464.285279113333672 ], [ 308716.817805115249939, 2742150.067594309337437 ], [ 308553.148359192418866, 2742017.175842613913119 ], [ 308256.496921504032798, 2741558.203491411171854 ], [ 308040.108200940769166, 2741708.553883019369096 ], [ 307911.379810640471987, 2741834.423821596428752 ], [ 307897.747214042115957, 2742308.779712564777583 ], [ 308245.814388652390335, 2742464.583665153943002 ], [ 308395.211973092053086, 2742443.676731992512941 ], [ 308840.314758207998239, 2742742.170956153422594 ], [ 309170.27845701406477, 2743053.347351387143135 ], [ 309315.180325077089947, 2743073.502809300553054 ], [ 309451.610286233597435, 2743066.080233741551638 ], [ 309553.526357101742178, 2742976.045765453018248 ] ] ] } },
{ "type": "Feature", "properties": { "cluster": 213 }, "geometry": { "type": "Polygon", "coordinates": [ [ [ 320196.535622115479782, 2805162.382885686587542 ], [ 320079.115101705538109, 2805415.440682281274348 ], [ 320117.288029977004044, 2805484.726932753343135 ], [ 320633.737122323014773, 2805411.361896699294448 ], [ 320807.734854445094243, 2805550.85247043101117 ], [ 320946.244739148416556, 2805293.089831149671227 ], [ 320931.754724199301563, 2805036.255550917703658 ], [ 320820.606131900392938, 2805080.941662890370935 ], [ 320295.651116884080693, 2804895.168428370263427 ], [ 320238.901571302558295, 2804791.785456128418446 ], [ 320168.133049527823459, 2804769.46509028878063 ], [ 320196.535622115479782, 2805162.382885686587542 ] ] ] } },
{ "type": "Feature", "properties": { "cluster": 214 }, "geometry": { "type": "Polygon", "coordinates": [ [ [ 398141.904238791787066, 2917351.165826548356563 ], [ 397960.151722076872829, 2917456.727076632436365 ], [ 398010.487169940082822, 2917639.093760598450899 ], [ 398068.211795635521412, 2917620.913527333643287 ], [ 398568.526710595702752, 2917677.8810447556898 ], [ 398141.904238791787066, 2917351.165826548356563 ] ] ] } },
{ "type": "Feature", "properties": { "cluster": 215 }, "geometry": { "type": "Polygon", "coordinates": [ [ [ 645957.315332816913724, 2854289.438734242226928 ], [ 645494.70416443515569, 2854227.833804699592292 ], [ 645557.018135662190616, 2854396.901069686748087 ], [ 646020.674853526987135, 2854454.089065593667328 ], [ 645957.315332816913724, 2854289.438734242226928 ] ] ] } },
{ "type": "Feature", "properties": { "cluster": 216 }, "geometry": { "type": "MultiPolygon", "coordinates": [ [ [ [ 550665.602418254013173, 2510705.713424697518349 ], [ 550536.542758097290061, 2511218.931772974319756 ], [ 550802.040704106562771, 2510754.875311170704663 ], [ 551101.937430518912151, 2510758.091542260255665 ], [ 551133.120753716328181, 2510647.496313986368477 ], [ 550665.602418254013173, 2510705.713424697518349 ] ] ], [ [ [ 550022.470885096699931, 2511698.779775217175484 ], [ 550400.057059658225626, 2511806.295619768090546 ], [ 550476.025123361847363, 2511505.443621324840933 ], [ 550536.542758097290061, 2511218.931772974319756 ], [ 550340.663526610354893, 2511443.004070983268321 ], [ 550046.164686972508207, 2511676.717619359027594 ], [ 550022.470885096699931, 2511698.779775217175484 ] ] ] ] } },
{ "type": "Feature", "properties": { "cluster": 217 }, "geometry": { "type": "Polygon", "coordinates": [ [ [ 412513.256510215520393, 2660185.006020648870617 ], [ 411852.495860721974168, 2659883.458365097176284 ], [ 411780.309437083953526, 2659885.010965608991683 ], [ 411407.08425972337136, 2660206.214463495649397 ], [ 411137.38589135510847, 2660494.673301301430911 ], [ 410803.402430659800302, 2660582.014351629652083 ], [ 410394.043183867586777, 2659998.8251374787651 ], [ 410323.679580267693382, 2660614.913280765060335 ], [ 409999.212728895479813, 2661082.010836164467037 ], [ 410056.972952633281238, 2661373.969159168191254 ], [ 410042.058419057866558, 2661588.8755695479922 ], [ 410185.99616049596807, 2662165.970499780029058 ], [ 410763.335750151949469, 2662631.837875303812325 ], [ 410716.345588182157371, 2662921.131895234342664 ], [ 410849.000475638429634, 2663000.027071968186647 ], [ 411080.342295184847899, 2663254.365907638799399 ], [ 411184.000901957158931, 2663412.061589505057782 ], [ 411309.916878439253196, 2664043.535605137236416 ], [ 410725.452074536588043, 2664214.379948743153363 ], [ 410480.375908654299565, 2664362.076868745498359 ], [ 409933.710483288625255, 2664559.292273920960724 ], [ 410518.589841374196112, 2664944.268387728836387 ], [ 410400.512984422093723, 2665241.761896758340299 ], [ 410384.950192624470219, 2665515.026905298698694 ], [ 410260.429699415806681, 2665756.423161123879254 ], [ 410625.8386127781705, 2665999.945395537186414 ], [ 410475.009085491998121, 2666535.046445162501186 ], [ 410683.372949927463196, 2666747.002581131178886 ], [ 410736.841901669278741, 2667007.987121127545834 ], [ 410665.02313809277257, 2667548.793084766715765 ], [ 410498.876927710545715, 2667794.546381490770727 ], [ 410297.118054439895786, 2667871.110934793949127 ], [ 410608.379466023296118, 2667915.660527702886611 ], [ 410781.236801541177556, 2667930.078938144724816 ], [ 411179.160907911427785, 2668508.917805938050151 ], [ 411058.483520600711927, 2668875.07578564202413 ], [ 410864.959909261437133, 2669145.02473296225071 ], [ 410895.023153126705438, 2669174.954814970493317 ], [ 411013.180194605956785, 2669268.44610500195995 ], [ 411209.57621176057728, 2669638.161481380928308 ], [ 411179.790131146728527, 2669912.954865836538374 ], [ 411219.326361855957657, 2670223.856384206563234 ], [ 411939.252161602838896, 2670307.966601412277669 ], [ 412101.503760220948607, 2670419.906802356243134 ], [ 412342.507035898976028, 2670780.502887481357902 ], [ 412469.702472382807173, 2670645.738233678042889 ], [ 412653.595088263973594, 2670477.408144394867122 ], [ 412964.371026734064799, 2670287.265679349657148 ], [ 413271.370257776288781, 2670309.751723798923194 ], [ 413752.767862611799501, 2670271.393142937216908 ], [ 414164.991932783508673, 2670404.98575722752139 ], [ 414194.966785051161423, 2670405.026448800228536 ], [ 414221.979735864500981, 2670402.538310621399432 ], [ 414226.826419294346124, 2670363.754273475147784 ], [ 414230.310079298913479, 2670267.399865929502994 ], [ 414536.426857847138308, 2669804.930083660408854 ], [ 414555.045800607767887, 2669775.032503463793546 ], [ 414638.162574688962195, 2669655.944286251440644 ], [ 414783.564539440674707, 2669162.334493814967573 ], [ 414854.171180413279217, 2669074.437185193877667 ], [ 415215.879993755370378, 2668895.114656758494675 ], [ 415394.463579565286636, 2668679.241084958892316 ], [ 415719.194963535643183, 2668087.138616363983601 ], [ 416115.99883716693148, 2667821.26562319509685 ], [ 416056.809483181627002, 2667779.537915363907814 ], [ 416080.133046912495047, 2667080.712110539898276 ], [ 416564.54265640117228, 2666843.126597546972334 ], [ 415918.975926671759225, 2666810.380537581630051 ], [ 416103.642448852478992, 2666067.421244170982391 ], [ 416477.614241100673098, 2665883.633423910476267 ], [ 416769.249134158017114, 2665697.014350145123899 ], [ 417262.568048494285904, 2665583.416777852922678 ], [ 417386.105206253821962, 2665151.974316910840571 ], [ 417412.962198716064449, 2664875.002575570717454 ], [ 417136.169338327716105, 2664646.296686197631061 ], [ 416995.460325190681033, 2664571.820668725762516 ], [ 416816.749683821864892, 2664256.183624908793718 ], [ 417311.61883760523051, 2663699.67521054809913 ], [ 417949.167413636983838, 2663552.051450192928314 ], [ 417681.124520729994401, 2663256.848756893072277 ], [ 417752.166535201133229, 2662883.292163917329162 ], [ 417938.338998469756916, 2662729.418853051494807 ], [ 418024.106623735278845, 2662439.931290016975254 ], [ 417984.342605906014796, 2662065.905886225402355 ], [ 417856.129276169405784, 2661869.550582855008543 ], [ 417260.755666401935741, 2661939.422935174778104 ], [ 416782.768512275477406, 2662263.306241018697619 ], [ 416518.886143630370498, 2662166.300023670773953 ], [ 416367.821284342149738, 2662064.208387722726911 ], [ 416246.173229677428026, 2661604.299567851703614 ], [ 415913.010108223883435, 2661312.831955499015749 ], [ 415736.638415431370959, 2661231.933622514363378 ], [ 415368.054309167782776, 2661314.94276239303872 ], [ 415189.306259801844135, 2661348.11354721384123 ], [ 415021.808450982032809, 2661392.292336012236774 ], [ 414676.488407654862385, 2661283.623970661312342 ], [ 414514.276060655829497, 2660851.652110299095511 ], [ 414341.499216789554339, 2660694.347581694833934 ], [ 413975.632108265766874, 2660385.403065363876522 ], [ 413694.757689763908274, 2660177.822706032544374 ], [ 413494.582208757696208, 2659864.568460278678685 ], [ 413490.112942324602045, 2659798.159380245488137 ], [ 413399.252029287395999, 2659570.612160143442452 ], [ 413052.33270471112337, 2659542.821587075013667 ], [ 412971.54019874392543, 2659801.307099991943687 ], [ 412811.292463468445931, 2660035.91774931922555 ], [ 412513.256510215520393, 2660185.006020648870617 ] ] ] } },
{ "type": "Feature", "properties": { "cluster": 218 }, "geometry": { "type": "Polygon", "coordinates": [ [ [ 520784.485685971332714, 2535238.287603729404509 ], [ 520277.332569582213182, 2534930.960153294727206 ], [ 520218.148378694138955, 2534715.017129412386566 ], [ 520070.247847493563313, 2534895.259431324433535 ], [ 520061.549872631090693, 2535267.19749134266749 ], [ 520181.66643963009119, 2535923.80499089229852 ], [ 520576.654128827794921, 2535753.861743492539972 ], [ 520874.442209203494713, 2535438.777717038057745 ], [ 520784.485685971332714, 2535238.287603729404509 ] ] ] } },
{ "type": "Feature", "properties": { "cluster": 219 }, "geometry": { "type": "Polygon", "coordinates": [ [ [ 519920.716725957463495, 2570162.342274053487927 ], [ 519796.283179460617248, 2569883.202587747015059 ], [ 519891.048093802644871, 2569399.554176170378923 ], [ 519591.23114418896148, 2569447.865438638720661 ], [ 519474.594038900104351, 2569455.461362200323492 ], [ 519003.629616126825567, 2568940.080054452642798 ], [ 518898.439791285258252, 2568792.710268888156861 ], [ 518848.820848349540029, 2568388.579627675935626 ], [ 519347.834711165400222, 2567808.027729340828955 ], [ 519140.346333282999694, 2567642.81117392051965 ], [ 519064.677359628141858, 2567607.28889652621001 ], [ 518646.493798835668713, 2567373.174665492959321 ], [ 518385.593757779861335, 2567362.886543886736035 ], [ 517839.683667139557656, 2566969.225253049749881 ], [ 517699.005767313065007, 2566527.351594865322113 ], [ 517695.954471177072264, 2566511.849527071695775 ], [ 517458.62539253680734, 2566457.324607812333852 ], [ 517226.609524292114656, 2566231.219871873501688 ], [ 516825.407571073970757, 2566303.824802845250815 ], [ 516584.492637349991128, 2566706.513483053538948 ], [ 515845.030587279528845, 2566392.417908596806228 ], [ 515878.183383540133946, 2566009.420904979575425 ], [ 516463.786468193749897, 2565749.905274471733719 ], [ 516440.484214361989871, 2565538.436881854664534 ], [ 516198.581115333654452, 2564966.944751269649714 ], [ 515658.969370615959633, 2565257.515873545780778 ], [ 515213.725822446343955, 2565350.044548717327416 ], [ 514864.69626754015917, 2565426.07686359109357 ], [ 514765.416844902327284, 2565443.690502325072885 ], [ 515050.382646605430637, 2565977.563830802217126 ], [ 514952.529100256913807, 2566616.221245642751455 ], [ 514341.855594149441458, 2566409.712505638599396 ], [ 513829.138316144584678, 2566483.398066444788128 ], [ 513496.220140293531585, 2566883.83697756100446 ], [ 513213.545653165841941, 2567183.588245833292603 ], [ 513107.104914075636771, 2567215.597930167801678 ], [ 512920.734468328126241, 2567387.024495061486959 ], [ 512775.366472846013494, 2567475.461312605533749 ], [ 512658.692326106887776, 2567513.000562678556889 ], [ 512477.568279050523415, 2567539.416208896320313 ], [ 512494.518474225187674, 2568067.483938447199762 ], [ 512215.916317978175357, 2568443.642905955202878 ], [ 512516.481232367455959, 2568716.222666259389371 ], [ 512568.337758002162445, 2569095.978341573383659 ], [ 512781.576025721209589, 2568583.604477240238339 ], [ 513525.07373216340784, 2568909.729813900310546 ], [ 513527.954524633998517, 2569116.7474883235991 ], [ 513229.89802902325755, 2569503.940567769110203 ], [ 513222.603768133325502, 2569653.383523468393832 ], [ 513290.953430239402223, 2569869.315987156704068 ], [ 513441.159875175915658, 2570064.289033347275108 ], [ 513513.692050815850962, 2570175.058217664249241 ], [ 513739.778147721197456, 2570169.730455474928021 ], [ 514070.99555832426995, 2570414.695087488740683 ], [ 514305.614227942132857, 2571105.709017910063267 ], [ 514549.804121617635246, 2571401.524823725689203 ], [ 514818.699304310954176, 2571531.314010243397206 ], [ 514878.992580396647099, 2571588.940202229190618 ], [ 515350.545559367514215, 2571590.527367069851607 ], [ 515670.337404701567721, 2571945.113300761207938 ], [ 515835.802513951435685, 2572170.017495874781162 ], [ 515903.950532623857725, 2572527.663558507338166 ], [ 515970.242625870276242, 2572705.967894202563912 ], [ 516039.680514371022582, 2572811.211436759214848 ], [ 516067.911538563552313, 2573187.635125770233572 ], [ 515998.232078309636563, 2573308.227060484234244 ], [ 516177.13937897933647, 2573380.378636253532022 ], [ 516574.502446988073643, 2573823.633197934832424 ], [ 516630.030580757535063, 2574467.992880151607096 ], [ 516626.490689040860161, 2574888.664523833896965 ], [ 516769.292107149434742, 2575217.61674955394119 ], [ 516917.052381307352334, 2575676.100146654527634 ], [ 517183.985165880760178, 2575649.838262083474547 ], [ 517251.46356746123638, 2575662.094134232029319 ], [ 517626.112349188537337, 2576209.414390691090375 ], [ 517914.513709078950342, 2576180.97718338156119 ], [ 518118.940052907681093, 2576254.2906812611036 ], [ 518765.423928566335235, 2576083.503602791111916 ], [ 518958.941925109014846, 2575888.910210163332522 ], [ 518866.199719245487358, 2575641.921075987629592 ], [ 518976.101591861224733, 2575265.666637123096734 ], [ 518918.152928002178669, 2574997.688154640607536 ], [ 518968.804411276942119, 2574574.862623549997807 ], [ 519020.190274075954221, 2574378.981987584382296 ], [ 518800.640328376204707, 2574117.440108827315271 ], [ 518766.101762132660951, 2573932.520431592594832 ], [ 518773.395434230507817, 2573826.253698411863297 ], [ 518562.348837415338494, 2573297.929596547503024 ], [ 518516.749429692572448, 2572956.904228445608169 ], [ 518625.403998257941566, 2572767.73641235427931 ], [ 518616.441735521133523, 2572573.993223410099745 ], [ 518864.880690841295291, 2571854.731494714971632 ], [ 518934.005090305930935, 2571390.970368857029825 ], [ 519118.684703116421588, 2570959.462203565984964 ], [ 519390.324416356801521, 2570530.28381565073505 ], [ 519920.716725957463495, 2570162.342274053487927 ] ] ] } },
{ "type": "Feature", "properties": { "cluster": 220 }, "geometry": { "type": "Polygon", "coordinates": [ [ [ 362764.554920453345403, 2879661.723399966955185 ], [ 362820.513250322372187, 2879558.113921569194645 ], [ 362678.259958390903194, 2879449.940394666511565 ], [ 362423.257582772057503, 2879279.812860674690455 ], [ 362176.967231569229625, 2879177.171547584701329 ], [ 361941.242194568738341, 2878938.168182197026908 ], [ 361691.637295750610065, 2879279.783950064796954 ], [ 361540.018198728212155, 2879327.916212248615921 ], [ 361209.751664863491897, 2879423.365581426303834 ], [ 361201.745837221853435, 2879423.450644365046173 ], [ 360997.46752448589541, 2879413.437340467702597 ], [ 360825.811627972056158, 2879365.415471659507602 ], [ 360697.942050446290523, 2879387.826031029224396 ], [ 360631.129287650634069, 2879410.69407500512898 ], [ 360301.569167662528343, 2879571.517852958291769 ], [ 359781.866538152971771, 2879919.388599190395325 ], [ 359941.912627502577379, 2880098.238411523401737 ], [ 360178.377156814618502, 2880217.559546668082476 ], [ 360576.1992171962047, 2880265.371311032678932 ], [ 360980.033461507118773, 2880314.238786381669343 ], [ 361396.884286484331824, 2880364.08817191934213 ], [ 362072.922989686136134, 2880413.425853320397437 ], [ 362383.376852085930295, 2879959.290876163169742 ], [ 362764.554920453345403, 2879661.723399966955185 ] ] ] } },
{ "type": "Feature", "properties": { "cluster": 221 }, "geometry": { "type": "Polygon", "coordinates": [ [ [ 555917.431971913552843, 2656375.102295184042305 ], [ 555821.411098236800171, 2656483.232448509894311 ], [ 555941.99151188810356, 2656596.636896484065801 ], [ 555974.641949941287749, 2657089.465762846171856 ], [ 556052.06434060819447, 2657055.445780087262392 ], [ 556461.022199403843842, 2657020.515968590974808 ], [ 556396.613003001897596, 2656590.670544103719294 ], [ 556517.294558709254488, 2656419.531423191074282 ], [ 556481.996788379270583, 2656344.10290730278939 ], [ 556334.523021217435598, 2656345.736184915993363 ], [ 556096.922479192842729, 2656248.477317755576223 ], [ 555917.431971913552843, 2656375.102295184042305 ] ] ] } },
{ "type": "Feature", "properties": { "cluster": 222 }, "geometry": { "type": "Polygon", "coordinates": [ [ [ 501816.907620513462462, 2518679.207835386041552 ], [ 502061.170221833395772, 2519009.114926281850785 ], [ 502510.757514230906963, 2519073.386636879295111 ], [ 502795.060103456897195, 2519241.695214514154941 ], [ 502915.085586372530088, 2519610.337772477883846 ], [ 502738.470664686639793, 2519984.459880813024938 ], [ 502848.276542578882072, 2520092.962918130680919 ], [ 503077.163740027404856, 2520099.649388197809458 ], [ 503516.445338124933187, 2520186.088269632309675 ], [ 503942.381993108196184, 2520260.359756572637707 ], [ 504136.385388993250672, 2520206.169936526566744 ], [ 504200.02485090639675, 2520196.224695544224232 ], [ 504686.597515876579564, 2520003.754661150742322 ], [ 505150.469386137730908, 2520199.838277291506529 ], [ 505336.300523933197837, 2520049.354786866810173 ], [ 505581.856868507922627, 2519384.155496088322252 ], [ 505356.105646066484042, 2519189.247995210345834 ], [ 505245.32744395226473, 2518956.746303872670978 ], [ 505137.713680503831711, 2518463.002535703592002 ], [ 505263.03571761585772, 2518211.764169210102409 ], [ 504701.592860352131538, 2517982.438225524500012 ], [ 504433.639079077285714, 2518066.487059817183763 ], [ 504037.532539499632549, 2517542.782189136836678 ], [ 503536.66502732160734, 2517100.978609537705779 ], [ 503500.747503593680449, 2517041.194236942566931 ], [ 503276.940307161479723, 2517067.711487539112568 ], [ 502821.177445796027314, 2516786.451274112798274 ], [ 502494.677151266369037, 2516982.326782702002674 ], [ 502030.687309595639817, 2516677.842731253709644 ], [ 501642.632037375995424, 2516553.815965500194579 ], [ 501422.93849253380904, 2516463.022839029319584 ], [ 501033.831231772783212, 2516558.190243038814515 ], [ 500942.459919830551371, 2516557.077342470176518 ], [ 500686.813465689541772, 2516820.520936772227287 ], [ 500369.585209798533469, 2516841.542224702890962 ], [ 500258.708441356546246, 2516912.385606198571622 ], [ 500361.365995924454182, 2517102.785472105722874 ], [ 500420.899111861595884, 2517469.192135191056877 ], [ 500619.028227273840457, 2517504.621773226186633 ], [ 500794.572215245862026, 2517530.090117874089628 ], [ 501151.803202468552627, 2517774.75217040348798 ], [ 501280.102919068362098, 2518019.401684816926718 ], [ 501863.126115272636525, 2518467.782963622827083 ], [ 501816.907620513462462, 2518679.207835386041552 ] ] ] } },
{ "type": "Feature", "properties": { "cluster": 223 }, "geometry": { "type": "MultiPolygon", "coordinates": [ [ [ [ 520426.86774572217837, 2496061.066000949591398 ], [ 520808.188290655380115, 2496119.139441228471696 ], [ 521371.902048490941525, 2495864.209925503935665 ], [ 521396.680002496286761, 2495788.972212030552328 ], [ 521997.483243536960799, 2495494.267297955229878 ], [ 521642.917112402443308, 2495410.74243340967223 ], [ 520938.785572931927163, 2495337.81444293120876 ], [ 520850.844138277578168, 2495746.157062139827758 ], [ 520604.805856325721834, 2495994.887224754318595 ], [ 520426.86774572217837, 2496061.066000949591398 ] ] ], [ [ [ 518052.241992486058734, 2497704.114387642592192 ], [ 518352.119590438029263, 2497933.60800918424502 ], [ 518669.51082799222786, 2498123.278895188122988 ], [ 518993.18630241957726, 2498212.232140345964581 ], [ 519228.704936211288441, 2498106.258894223719835 ], [ 519379.83567279134877, 2498082.0963678015396 ], [ 519661.777744544204324, 2497848.889690916519612 ], [ 520210.985753210785333, 2497618.251993607729673 ], [ 520516.643570433487184, 2498114.569978142622858 ], [ 520466.108458830276504, 2498240.694392872974277 ], [ 520364.820104771119077, 2498658.985576454550028 ], [ 520740.785636311687995, 2498828.852722939103842 ], [ 520844.090419352112804, 2499202.034438624046743 ], [ 521230.646692392823752, 2499132.827338638715446 ], [ 521455.636102691176347, 2499207.306262785568833 ], [ 522071.071251489804126, 2499366.474072923418134 ], [ 522573.093176917231176, 2499060.580320639535785 ], [ 522402.672662659839261, 2498924.17548157973215 ], [ 521971.299841976142488, 2498701.054293243680149 ], [ 521940.575185568945017, 2498623.523880476597697 ], [ 521811.09398381318897, 2497880.576986607164145 ], [ 521424.503433292498812, 2497949.769627069588751 ], [ 520817.246110786509234, 2497777.356372856535017 ], [ 520233.014651257370133, 2497282.876424758695066 ], [ 520250.999782982689794, 2496896.576183164026588 ], [ 520179.894905629567802, 2496247.812822795007378 ], [ 520426.86774572217837, 2496061.066000949591398 ], [ 520038.202184209949337, 2496114.793824879918247 ], [ 519879.768815783027094, 2495411.678566707763821 ], [ 519477.597568793687969, 2495565.02806497970596 ], [ 519074.094083988573402, 2495969.662509638350457 ], [ 519129.541683655173983, 2496022.864810997154564 ], [ 519027.918872340931557, 2496728.968638394027948 ], [ 518451.381546632328536, 2496594.3241733526811 ], [ 518316.345992823073175, 2496041.797636490315199 ], [ 518084.828196389542427, 2496220.847810855135322 ], [ 517394.825830177636817, 2496399.374834188725799 ], [ 517253.469030865118839, 2495947.582664684392512 ], [ 516829.907896575983614, 2495957.074792414437979 ], [ 516408.616471209155861, 2495767.331523246131837 ], [ 516323.259198605606798, 2495794.914041873533279 ], [ 516032.086746469140053, 2496020.423200127203017 ], [ 516070.889851198822726, 2496270.63265516422689 ], [ 515803.991521241958253, 2496894.670895646791905 ], [ 516491.395622111624107, 2497182.092790833674371 ], [ 517067.151992774801329, 2497089.73938303347677 ], [ 517406.100512241304386, 2497334.754882821813226 ], [ 518052.241992486058734, 2497704.114387642592192 ] ] ], [ [ [ 520704.519750934094191, 2499805.132325375918299 ], [ 520844.090419352112804, 2499202.034438624046743 ], [ 520580.277619866654277, 2499716.408998340368271 ], [ 520119.141534265188966, 2500240.490326785948128 ], [ 520299.789006109931506, 2500418.947552320547402 ], [ 520520.16945481224684, 2500087.156346506439149 ], [ 520704.519750934094191, 2499805.132325375918299 ] ] ] ] } },
{ "type": "Feature", "properties": { "cluster": 224 }, "geometry": { "type": "Polygon", "coordinates": [ [ [ 576506.995222441852093, 2524101.506564453709871 ], [ 576872.849364332971163, 2524607.073536971118301 ], [ 577420.437018822180107, 2524686.249074421357363 ], [ 577547.682940402883105, 2524887.279412780422717 ], [ 577967.211427929461934, 2525121.917373112402856 ], [ 578303.292287451564334, 2525020.692932127509266 ], [ 578470.830106410197914, 2524770.254267355427146 ], [ 578429.524406420998275, 2524423.526869328692555 ], [ 578436.380543227423914, 2524288.499600142706186 ], [ 578245.515581270447001, 2524087.133156282361597 ], [ 578040.227058897376992, 2523895.658704229164869 ], [ 577925.612218163674697, 2523632.693546415306628 ], [ 578005.047746685217135, 2523353.013463757000864 ], [ 577641.830267475103028, 2523335.650197888258845 ], [ 577367.092955038417131, 2523074.084939856547862 ], [ 577105.301495987689123, 2523090.464598779566586 ], [ 576843.717935159802437, 2523268.481489401310682 ], [ 576740.833605444524437, 2523318.885468652937561 ], [ 576679.410714546451345, 2523491.277035416569561 ], [ 576506.995222441852093, 2524101.506564453709871 ] ] ] } },
{ "type": "Feature", "properties": { "cluster": 225 }, "geometry": { "type": "Polygon", "coordinates": [ [ [ 330092.259952402615454, 2702427.481954703107476 ], [ 329982.733430263004266, 2703097.845141303725541 ], [ 330016.870226146187633, 2703236.999277367256582 ], [ 330278.981440780335106, 2703275.919717526063323 ], [ 330575.301890129689127, 2703460.645225813146681 ], [ 330829.895341112918686, 2703465.32837878819555 ], [ 330824.371354960661847, 2703343.550773983821273 ], [ 330940.950576371513307, 2703003.19825779972598 ], [ 330972.731827020994388, 2702863.248820691835135 ], [ 330926.609004149213433, 2702822.820241899695247 ], [ 330788.117871314752847, 2702354.835036193020642 ], [ 330755.561138009710703, 2701925.450233333744109 ], [ 330486.569166376953945, 2701906.540456703864038 ], [ 329955.021559170098044, 2701965.026176830288023 ], [ 330021.067897110129707, 2702243.361364044714719 ], [ 330092.259952402615454, 2702427.481954703107476 ] ] ] } },
{ "type": "Feature", "properties": { "cluster": 226 }, "geometry": { "type": "Polygon", "coordinates": [ [ [ 330726.349105618312024, 2718120.14380726730451 ], [ 330846.183815699536353, 2718061.090249363332987 ], [ 331370.675391116645187, 2718123.418021302204579 ], [ 331598.054902905540075, 2718161.656130231451243 ], [ 331662.197397806565277, 2718104.389832176733762 ], [ 332107.477516677230597, 2718066.901321082375944 ], [ 332559.059601062210277, 2718132.366257702000439 ], [ 332866.57937269564718, 2718518.583575740922242 ], [ 332991.503959062742069, 2718545.887104938272387 ], [ 333661.790395161369815, 2718180.097539326641709 ], [ 334056.519404325284995, 2718236.319029576610774 ], [ 334220.576333098346367, 2718232.153192679863423 ], [ 334654.749331855680794, 2718283.491965328808874 ], [ 334901.75452333810972, 2718269.489841712173074 ], [ 335304.901633968576789, 2718009.960455951746553 ], [ 335829.029706454952247, 2717527.486547238659114 ], [ 335886.087949105072767, 2717469.216762874275446 ], [ 335995.776773780526128, 2717320.60774007672444 ], [ 336123.895776806282811, 2717188.398319286294281 ], [ 336093.179745112429373, 2716988.271741833072156 ], [ 336137.939715279731899, 2716658.770033264998347 ], [ 336055.883624742855318, 2716314.142339787911624 ], [ 336092.89304273610469, 2716014.638751710299402 ], [ 336343.316584002110176, 2715770.231282562483102 ], [ 336183.139842280303128, 2715243.754647873342037 ], [ 336184.049000820377842, 2715234.882694019004703 ], [ 336178.529040638299193, 2714936.986561182420701 ], [ 336185.790003860020079, 2714692.108375204727054 ], [ 335647.294889260490891, 2714653.018444368615746 ], [ 335455.790325886802748, 2714653.057173749431968 ], [ 335178.208391556050628, 2714055.974271176848561 ], [ 334716.652784353122115, 2714613.044217171147466 ], [ 334322.622165395645425, 2714880.229061731137335 ], [ 333907.722455887706019, 2714754.450206162407994 ], [ 333742.852104249410331, 2714949.14651925675571 ], [ 333104.738465061062016, 2714883.648634628392756 ], [ 333044.793075052904896, 2714869.965083791408688 ], [ 332734.972746173734777, 2714804.994942371267825 ], [ 332665.439277626457624, 2714836.842646675184369 ], [ 332543.800245688762516, 2715086.420645893551409 ], [ 332493.942344930779655, 2715153.479294611141086 ], [ 331827.968345245928504, 2715214.650091815274209 ], [ 331813.574738003429957, 2715702.205063323955983 ], [ 331791.422574000316672, 2715881.917023630812764 ], [ 331341.293255437747575, 2716362.544933567289263 ], [ 331090.372863925003912, 2716558.316563095897436 ], [ 330946.010903974354733, 2716601.048551095183939 ], [ 330449.590808671317063, 2716602.638032514601946 ], [ 330335.30750196846202, 2716702.611384934280068 ], [ 329829.867159520566929, 2716712.086656554602087 ], [ 329833.579403767827898, 2717265.890799155458808 ], [ 329840.116204835881945, 2717303.472871768288314 ], [ 329909.062359332223423, 2717557.403194849379361 ], [ 330096.736892395769246, 2717578.378616570029408 ], [ 330759.368361437227577, 2717919.250421112403274 ], [ 330726.349105618312024, 2718120.14380726730451 ] ] ] } },
{ "type": "Feature", "properties": { "cluster": 227 }, "geometry": { "type": "Polygon", "coordinates": [ [ [ 411107.766929742821958, 2682422.542048901785165 ], [ 411169.66623372095637, 2682417.724352668970823 ], [ 411620.075521520746406, 2682360.647878665477037 ], [ 411591.26078384637367, 2681973.2714061466977 ], [ 412256.832385190471541, 2681737.706013901159167 ], [ 412115.423215816146694, 2681528.195460069458932 ], [ 412252.600834889803082, 2680890.647094907239079 ], [ 412071.390779060020577, 2680322.618123953230679 ], [ 411808.533076029503718, 2680832.502698838245124 ], [ 411548.979842219618149, 2680892.807671539485455 ], [ 411087.370204962207936, 2680790.503145006485283 ], [ 410697.691383248602506, 2680825.065662967506796 ], [ 410472.817271506763063, 2680748.973417336121202 ], [ 410083.809180621290579, 2680729.290572264231741 ], [ 410078.915272587793879, 2680758.111595697700977 ], [ 410093.642649557790719, 2680838.851508304476738 ], [ 410093.052464148553554, 2681065.853113885503262 ], [ 410155.803181149880402, 2681354.462102195248008 ], [ 410266.37385311460821, 2681659.377937160898 ], [ 410431.573297297116369, 2681452.373284399975091 ], [ 411099.091315459052566, 2681525.679428066127002 ], [ 411030.499510582478251, 2682081.977221085224301 ], [ 411107.766929742821958, 2682422.542048901785165 ] ] ] } },
{ "type": "Feature", "properties": { "cluster": 228 }, "geometry": { "type": "Polygon", "coordinates": [ [ [ 400812.804371781065129, 2630267.199527462013066 ], [ 400625.801292400690727, 2630041.492013366892934 ], [ 400380.890834090765566, 2630138.400376318953931 ], [ 400260.14827217295533, 2630213.418843697756529 ], [ 400314.226050198194571, 2630519.760113338008523 ], [ 400543.930010471958667, 2630583.5088184424676 ], [ 400723.227167549834121, 2630577.848812964744866 ], [ 400812.804371781065129, 2630267.199527462013066 ] ] ] } },
{ "type": "Feature", "properties": { "cluster": 229 }, "geometry": { "type": "Polygon", "coordinates": [ [ [ 553916.068678858340718, 2531580.784895554184914 ], [ 554299.146926827961579, 2531441.564218960702419 ], [ 554372.509722690447234, 2531006.765627588145435 ], [ 554409.788413175847381, 2530623.867894111666828 ], [ 554379.548033301136456, 2530190.911068876739591 ], [ 554311.661343762767501, 2529957.084187848493457 ], [ 554305.057494440348819, 2529796.541506275068969 ], [ 554114.396371361799538, 2529471.499062594026327 ], [ 553865.645608480786905, 2529324.483463217038661 ], [ 553661.095454293419607, 2529439.993903130292892 ], [ 553188.244152036029845, 2529425.038968599401414 ], [ 553138.190784163540229, 2529948.485836590640247 ], [ 552402.69046081113629, 2529655.878205603919923 ], [ 552292.646862597903237, 2530034.09935394814238 ], [ 552355.676888020010665, 2530790.415341212414205 ], [ 552698.846588481799699, 2531213.385031973477453 ], [ 552805.947972582071088, 2531384.241046683862805 ], [ 553538.855691633652896, 2531514.128687415737659 ], [ 553588.139546909485944, 2531788.846442231442779 ], [ 553916.068678858340718, 2531580.784895554184914 ] ] ] } },
{ "type": "Feature", "properties": { "cluster": 230 }, "geometry": { "type": "Polygon", "coordinates": [ [ [ 447347.003874957503285, 2628208.526854512281716 ], [ 447270.430969226756133, 2628167.840779176447541 ], [ 447123.224062595574651, 2628038.840664613526314 ], [ 446996.475644074846059, 2627931.910166639834642 ], [ 446978.224744154780637, 2628235.336301427800208 ], [ 446966.353612461942248, 2628332.809060948900878 ], [ 447023.553916623874102, 2628370.242914617061615 ], [ 447066.383153040020261, 2628378.943563338834792 ], [ 447347.003874957503285, 2628208.526854512281716 ] ] ] } },
{ "type": "Feature", "properties": { "cluster": 231 }, "geometry": { "type": "Polygon", "coordinates": [ [ [ 503181.259595960495062, 2537570.010125602129847 ], [ 502889.020117753301747, 2537838.949805193580687 ], [ 502911.535630671249237, 2538040.42635889351368 ], [ 503159.62548372434685, 2538068.151112425606698 ], [ 503352.368485501676332, 2538032.769081131089479 ], [ 503615.925546330166981, 2537685.235121169127524 ], [ 504059.976659484789707, 2537188.309859276749194 ], [ 503525.731162740616128, 2537581.156694266479462 ], [ 502993.750874317716807, 2537033.081833221018314 ], [ 503181.259595960495062, 2537570.010125602129847 ] ] ] } },
{ "type": "Feature", "properties": { "cluster": 520 }, "geometry": { "type": "Polygon", "coordinates": [ [ [ 417942.888373987865634, 2623522.218081122729927 ], [ 417547.672234620782547, 2623217.760329355485737 ], [ 417433.583557751961052, 2623412.170412472449243 ], [ 417344.84959366772091, 2623583.185735343955457 ], [ 417894.907530445430893, 2624050.628194807562977 ], [ 418334.529833327163942, 2624100.1866888650693 ], [ 417942.888373987865634, 2623522.218081122729927 ] ] ] } },
{ "type": "Feature", "properties": { "cluster": 232 }, "geometry": { "type": "Polygon", "coordinates": [ [ [ 545040.073700250824913, 2528086.765418065711856 ], [ 544884.328834638232365, 2528022.096008631866425 ], [ 544616.412711351062171, 2527726.839115774724633 ], [ 544472.256535160238855, 2527557.04241386661306 ], [ 543972.328471150714904, 2527659.64032067079097 ], [ 543656.435133661376312, 2527627.729494276456535 ], [ 543397.754116606665775, 2527679.014799803495407 ], [ 542896.363599477219395, 2527577.954616134054959 ], [ 542710.429841324104927, 2527299.570174156688154 ], [ 542152.009649925399572, 2527408.70518921688199 ], [ 542088.848929851781577, 2527616.646424740552902 ], [ 542013.206908128573559, 2527886.545602757949382 ], [ 542024.14131636894308, 2528012.774635900277644 ], [ 542066.591658458346501, 2528242.042872086632997 ], [ 542376.771131032146513, 2528845.120376041624695 ], [ 541821.656516767805442, 2529264.237910391762853 ], [ 541552.977862659026869, 2529606.669446518179029 ], [ 541464.39617464877665, 2529739.267137506976724 ], [ 541328.358455927693285, 2529971.366202267352492 ], [ 541045.643672917038202, 2530203.067479128018022 ], [ 541313.320141886593774, 2530219.294804858509451 ], [ 541520.751074712956324, 2530135.730553830973804 ], [ 541689.196553151588887, 2530055.382575682830065 ], [ 542200.080174095812254, 2530403.293927991297096 ], [ 542472.26180819759611, 2530639.84938242752105 ], [ 542821.892346359672956, 2530327.552124151028693 ], [ 543270.934430996072479, 2530050.971344320103526 ], [ 543308.391224536811933, 2529866.207910747732967 ], [ 543364.125290367752314, 2529389.246439705602825 ], [ 543812.932880461681634, 2528852.533396592363715 ], [ 544239.842445984715596, 2529149.347807018551975 ], [ 544493.720935415825807, 2528979.612971511203796 ], [ 544818.545647704042494, 2528756.955858825705945 ], [ 544849.283064913819544, 2528423.836772266309708 ], [ 545040.073700250824913, 2528086.765418065711856 ] ] ] } },
{ "type": "Feature", "properties": { "cluster": 233 }, "geometry": { "type": "Polygon", "coordinates": [ [ [ 524619.756138309836388, 2528750.443449564278126 ], [ 524039.957698031561449, 2528233.654659016989172 ], [ 523824.198929711477831, 2528441.426931643858552 ], [ 523132.097039415617473, 2528214.527514707762748 ], [ 523645.462619013909716, 2528593.910730853211135 ], [ 523780.493752293172292, 2528835.445698868483305 ], [ 524148.912606192694511, 2529385.09565711626783 ], [ 524175.61928218358662, 2530003.945233590435237 ], [ 524177.660614311229438, 2530651.537583296187222 ], [ 524517.836817338597029, 2530871.269789305049926 ], [ 524701.839472468011081, 2530623.603504497557878 ], [ 524634.374205746920779, 2530481.798596752341837 ], [ 524611.584944581030868, 2529989.150869216304272 ], [ 524530.403741850634106, 2529447.701104244217277 ], [ 524633.430763817159459, 2529172.22834295919165 ], [ 524619.756138309836388, 2528750.443449564278126 ] ] ] } },
{ "type": "Feature", "properties": { "cluster": 234 }, "geometry": { "type": "Polygon", "coordinates": [ [ [ 510284.778559966303874, 2540922.946631534490734 ], [ 509876.746815063699614, 2541051.084705593530089 ], [ 509540.336982311564498, 2541389.608281644061208 ], [ 509392.689281625498552, 2541474.754043432883918 ], [ 509773.932566894975025, 2541536.988731583114713 ], [ 510015.557236316381022, 2541933.452426676172763 ], [ 510155.172737075947225, 2541599.233099029399455 ], [ 510669.835404544777703, 2541403.651041260454804 ], [ 510869.766792698705103, 2541315.234489428810775 ], [ 511224.326102227438241, 2541421.766536850482225 ], [ 511358.595848851080518, 2541421.867331730667502 ], [ 511713.36819325957913, 2541247.233965700026602 ], [ 511433.813369935029186, 2540901.636086494661868 ], [ 511347.031871483370196, 2540446.59519473882392 ], [ 511089.031116190133616, 2540031.279750404879451 ], [ 511660.387871123850346, 2539513.638099778909236 ], [ 511792.569849321153015, 2539583.481707654893398 ], [ 512059.131046468333807, 2539534.98512840596959 ], [ 512590.979869573842734, 2539741.32159500522539 ], [ 512999.584106187277939, 2540205.499981036409736 ], [ 513208.782327409309801, 2540103.838536074385047 ], [ 513388.210444263298996, 2540054.182276342529804 ], [ 513441.59826082107611, 2539959.028241705149412 ], [ 513490.92120932159014, 2539825.125919673591852 ], [ 513590.838646026793867, 2539287.216194338630885 ], [ 514087.059391184709966, 2539213.503657195717096 ], [ 513738.010544899851084, 2538649.7209876854904 ], [ 514048.179755413613748, 2538034.5185985728167 ], [ 514034.125103367026895, 2537714.58447396196425 ], [ 513753.501646362536121, 2537402.153758650179952 ], [ 513446.675010712002404, 2537717.369687196332961 ], [ 513227.261005655513145, 2537738.208312751259655 ], [ 513418.927216719544958, 2537792.62045358074829 ], [ 513727.382606057741214, 2537937.914440714754164 ], [ 513559.672416125773452, 2538607.493589336052537 ], [ 513446.867117693123873, 2538650.565205101855099 ], [ 513024.335202178452164, 2538847.238754299469292 ], [ 512605.089900739083532, 2538804.816214800812304 ], [ 512262.722490327141713, 2538769.109729913063347 ], [ 512221.724941931839567, 2538759.113459173589945 ], [ 511977.756233777152374, 2538740.098545467015356 ], [ 511709.189500126405619, 2538713.319488960783929 ], [ 511399.620176364493091, 2538680.979168578051031 ], [ 511112.681242406892125, 2538542.390584205277264 ], [ 510992.948066676850431, 2538254.48463659407571 ], [ 510671.738693413499277, 2538719.190525109879673 ], [ 510288.227533742610831, 2538876.116620271466672 ], [ 509762.028573546442203, 2539347.34535517077893 ], [ 509680.786482138792053, 2539750.238570732064545 ], [ 510015.763745539821684, 2540083.662983186542988 ], [ 510290.35320996522205, 2540265.395337920170277 ], [ 510284.778559966303874, 2540922.946631534490734 ] ] ] } },
{ "type": "Feature", "properties": { "cluster": 235 }, "geometry": { "type": "Polygon", "coordinates": [ [ [ 476537.459604894625954, 2638788.994108969345689 ], [ 476489.867216118378565, 2638950.712328380905092 ], [ 476895.277190044813324, 2639054.127139234449714 ], [ 476939.813836987596005, 2638889.093781901989132 ], [ 476537.459604894625954, 2638788.994108969345689 ] ] ] } },
{ "type": "Feature", "properties": { "cluster": 236 }, "geometry": { "type": "MultiPolygon", "coordinates": [ [ [ [ 344577.677210903377272, 2772379.353025813121349 ], [ 344991.98273514007451, 2772523.070162289775908 ], [ 345368.018639392103069, 2773207.787629012949765 ], [ 345507.831435027474072, 2772635.741147898603231 ], [ 345758.071817264193669, 2772459.001660065725446 ], [ 346162.005339423369151, 2772042.380172519013286 ], [ 345786.708525702240877, 2771868.278909879736602 ], [ 345626.177012694301084, 2771948.740273029077798 ], [ 345280.035912697087042, 2772122.138039800804108 ], [ 345008.157983826182317, 2772170.639464150182903 ], [ 344577.677210903377272, 2772379.353025813121349 ] ] ], [ [ [ 345108.730936539825052, 2773385.746082365047187 ], [ 344864.266911182436161, 2773447.233074054121971 ], [ 344728.247772736125626, 2773729.028822904452682 ], [ 345044.401394447835628, 2773761.985961610917002 ], [ 345379.941361725330353, 2773903.284548931755126 ], [ 345952.198063990450464, 2774013.113973055966198 ], [ 345804.279627566342242, 2773868.570813165511936 ], [ 345489.69063450791873, 2773439.024160042405128 ], [ 345368.018639392103069, 2773207.787629012949765 ], [ 345108.730936539825052, 2773385.746082365047187 ] ] ] ] } },
{ "type": "Feature", "properties": { "cluster": 237 }, "geometry": { "type": "Polygon", "coordinates": [ [ [ 330084.662581937969662, 2711335.56306947953999 ], [ 329925.202524887397885, 2711224.516136345919222 ], [ 330022.485486823774409, 2711807.086648327298462 ], [ 329834.903472182690166, 2711966.65950499009341 ], [ 330019.058893316134345, 2712275.681518709752709 ], [ 330388.894248281023465, 2712018.638354329857975 ], [ 330875.246214367332868, 2712428.13154958980158 ], [ 330596.840684828930534, 2712033.84128763852641 ], [ 330447.706573243427556, 2711686.726533060427755 ], [ 330084.662581937969662, 2711335.56306947953999 ] ] ] } },
{ "type": "Feature", "properties": { "cluster": 238 }, "geometry": { "type": "Polygon", "coordinates": [ [ [ 494748.108150232175831, 2564754.259067029226571 ], [ 494190.487395825970452, 2565040.078581795096397 ], [ 494078.980956642481033, 2565135.326662412378937 ], [ 494139.474134667369071, 2565430.87845954997465 ], [ 494647.084734892472625, 2565559.10219950415194 ], [ 494653.150209965067916, 2565352.086278632283211 ], [ 494604.962659347744193, 2565099.701950568705797 ], [ 494748.108150232175831, 2564754.259067029226571 ] ] ] } },
{ "type": "Feature", "properties": { "cluster": 239 }, "geometry": { "type": "Polygon", "coordinates": [ [ [ 551200.055444732308388, 2653382.452393992803991 ], [ 551229.799694937421009, 2653313.913461547344923 ], [ 551257.763178807217628, 2653174.508655150420964 ], [ 550928.776833244832233, 2653292.911488562822342 ], [ 550935.016128762043081, 2653455.024870748631656 ], [ 550965.018895725021139, 2653485.025400513783097 ], [ 550995.026572700124234, 2653485.021418007090688 ], [ 551200.055444732308388, 2653382.452393992803991 ] ] ] } },
{ "type": "Feature", "properties": { "cluster": 240 }, "geometry": { "type": "Polygon", "coordinates": [ [ [ 416642.581158599699847, 2632633.174855208024383 ], [ 416682.190236183581874, 2632611.909328454174101 ], [ 416960.660073318867944, 2632495.156353649683297 ], [ 416564.512839790142607, 2632521.795422289986163 ], [ 416262.40356259024702, 2632426.105802608653903 ], [ 416125.817530044121668, 2632589.659450800623745 ], [ 416189.198541866440792, 2632802.986508444417268 ], [ 416556.06617494893726, 2632646.960515494924039 ], [ 416642.581158599699847, 2632633.174855208024383 ] ] ] } },
{ "type": "Feature", "properties": { "cluster": 241 }, "geometry": { "type": "Polygon", "coordinates": [ [ [ 494085.708374254638329, 2642377.018041196744889 ], [ 494332.104710299405269, 2642509.773871942888945 ], [ 494494.819545787700918, 2642102.289060569833964 ], [ 494354.247684003668837, 2641867.633247758261859 ], [ 494085.708374254638329, 2642377.018041196744889 ] ] ] } },
{ "type": "Feature", "properties": { "cluster": 242 }, "geometry": { "type": "Polygon", "coordinates": [ [ [ 530863.405452903243713, 2551534.160405226051807 ], [ 531073.750120762852021, 2551851.203974089119583 ], [ 531237.130291815497912, 2552091.768031799700111 ], [ 531590.374731824384071, 2552148.967449307907373 ], [ 531662.211898123729043, 2552082.697756789624691 ], [ 531685.961602955241688, 2551991.97202998585999 ], [ 531612.816324841463938, 2551707.312308974564075 ], [ 531621.737458796007559, 2551363.046884566079825 ], [ 530863.405452903243713, 2551534.160405226051807 ] ] ] } },
{ "type": "Feature", "properties": { "cluster": 243 }, "geometry": { "type": "Polygon", "coordinates": [ [ [ 426673.725650066859089, 2609511.769312420394272 ], [ 426792.321479390957393, 2609355.063635636121035 ], [ 426276.558633558917791, 2609260.227067965548486 ], [ 425871.885749367880635, 2609341.991516422014683 ], [ 425461.1006901091896, 2609424.905690769664943 ], [ 425648.521071111783385, 2609561.239552265498787 ], [ 425748.932551269128453, 2610044.562455124221742 ], [ 425709.625622749386821, 2610139.979152154177427 ], [ 425768.762778259173501, 2610131.928167180158198 ], [ 426102.273422692087479, 2609904.373561853077263 ], [ 426610.260839029098861, 2609877.453832878731191 ], [ 426673.725650066859089, 2609511.769312420394272 ] ] ] } },
{ "type": "Feature", "properties": { "cluster": 244 }, "geometry": { "type": "Polygon", "coordinates": [ [ [ 408758.462642657454126, 2628454.421518012415618 ], [ 408511.971029589534737, 2628151.484629677142948 ], [ 408465.045726501499303, 2628015.036685117520392 ], [ 408432.295520569256041, 2628122.092433753889054 ], [ 408557.927718210499734, 2628328.353144331369549 ], [ 408608.873769707221072, 2628488.581695662811399 ], [ 408704.802333131898195, 2628671.778912404552102 ], [ 408949.864527757454198, 2628587.193396605551243 ], [ 408758.462642657454126, 2628454.421518012415618 ] ] ] } },
{ "type": "Feature", "properties": { "cluster": 245 }, "geometry": { "type": "Polygon", "coordinates": [ [ [ 372821.831971387960948, 2729942.891179005615413 ], [ 372967.763592654606327, 2729965.920104165561497 ], [ 373209.932763264980167, 2730000.253740618936718 ], [ 373286.015361632569693, 2729909.851203378289938 ], [ 373136.73452862421982, 2729852.516901430208236 ], [ 372821.831971387960948, 2729942.891179005615413 ] ] ] } },
{ "type": "Feature", "properties": { "cluster": 246 }, "geometry": { "type": "Polygon", "coordinates": [ [ [ 327698.91125162714161, 2773039.619294977746904 ], [ 327989.479444627999328, 2773037.059326594695449 ], [ 327878.424993758439086, 2772872.292117883916944 ], [ 327943.953632934368216, 2772307.601419162470847 ], [ 327829.491839901544154, 2772033.206300586462021 ], [ 327561.782736907713115, 2772249.282569063361734 ], [ 327282.311622305307537, 2772492.100645446684211 ], [ 327331.302553994697519, 2772854.836004644166678 ], [ 326925.034614579111803, 2773154.990714319515973 ], [ 327435.302319443493616, 2773179.210443909280002 ], [ 327698.91125162714161, 2773039.619294977746904 ] ] ] } },
{ "type": "Feature", "properties": { "cluster": 247 }, "geometry": { "type": "Polygon", "coordinates": [ [ [ 641999.499380465131253, 2678264.963803799822927 ], [ 642198.544635743717663, 2678269.172711024526507 ], [ 642395.025051573989913, 2678326.51880830898881 ], [ 642754.883213507477194, 2678803.040405105799437 ], [ 642615.409387511666864, 2678329.840342456940562 ], [ 642671.161049775080755, 2677937.237071251962334 ], [ 642477.144768633181229, 2677937.502324730623513 ], [ 642222.8764568711631, 2677868.500996731221676 ], [ 641868.251218969468027, 2678185.018050669226795 ], [ 641955.065664026886225, 2678239.046559650450945 ], [ 641999.499380465131253, 2678264.963803799822927 ] ] ] } },
{ "type": "Feature", "properties": { "cluster": 248 }, "geometry": { "type": "Polygon", "coordinates": [ [ [ 404312.557802612776868, 2739145.060027902480215 ], [ 403877.158395733102225, 2739058.380039528943598 ], [ 403665.851601693662815, 2738916.99528673524037 ], [ 403771.592493567848578, 2739145.491759049706161 ], [ 403835.894184123259038, 2739667.739314385224134 ], [ 403418.159503445203882, 2740081.499045359436423 ], [ 402979.010413384763524, 2740033.633657439611852 ], [ 402740.279259859817103, 2740592.338113930542022 ], [ 402933.583419816219248, 2740763.734857759904116 ], [ 403061.042893114499748, 2741205.803750017192215 ], [ 403327.110909283452202, 2741230.517315120901912 ], [ 403596.21835889085196, 2741256.322163837961853 ], [ 403778.406612298160326, 2741140.989193740300834 ], [ 403913.941483866772614, 2740858.76477048266679 ], [ 404357.516460428829305, 2740674.073125831782818 ], [ 404739.568806490977295, 2740509.753399639390409 ], [ 404840.482324735959992, 2739894.449916502926499 ], [ 404818.202854430361185, 2739595.604828590061516 ], [ 404787.140100085875019, 2739196.046819702722132 ], [ 404496.710762834176421, 2739016.435742408502847 ], [ 404312.557802612776868, 2739145.060027902480215 ] ] ] } },
{ "type": "Feature", "properties": { "cluster": 249 }, "geometry": { "type": "Polygon", "coordinates": [ [ [ 323345.688198929536156, 2727336.133216675836593 ], [ 323406.183588008221705, 2727316.532681516371667 ], [ 323796.446536547911819, 2727275.023853435181081 ], [ 324110.878508144174702, 2727561.270627749618143 ], [ 323905.504427315318026, 2727172.836716625839472 ], [ 323730.697609253926203, 2726880.391596545930952 ], [ 323465.902880971378181, 2726837.226325205527246 ], [ 323345.688198929536156, 2727336.133216675836593 ] ] ] } },
{ "type": "Feature", "properties": { "cluster": 250 }, "geometry": { "type": "Polygon", "coordinates": [ [ [ 547279.658301185583696, 2512913.251825407147408 ], [ 547730.389113710378297, 2512942.332459969911724 ], [ 547499.84358488523867, 2512777.776526965200901 ], [ 547330.164539204211906, 2512522.639685762580484 ], [ 547189.934164304169826, 2512704.858668003231287 ], [ 547279.658301185583696, 2512913.251825407147408 ] ] ] } },
{ "type": "Feature", "properties": { "cluster": 251 }, "geometry": { "type": "Polygon", "coordinates": [ [ [ 320896.563036436913535, 2738923.765403692610562 ], [ 321583.651741503970698, 2738941.472336559556425 ], [ 321590.774431940168142, 2738944.703793946187943 ], [ 321735.307397451600991, 2739013.737969945184886 ], [ 322471.940079586347565, 2738715.135165959130973 ], [ 322215.755822986946441, 2738380.554612102452666 ], [ 321827.282093689544126, 2737829.449321928899735 ], [ 322064.469421463669278, 2737550.562129383441061 ], [ 322040.036659947945736, 2737538.690782621502876 ], [ 321692.067813107860275, 2737699.365733522921801 ], [ 321484.342732612800319, 2737751.893645140808076 ], [ 321235.872242986049969, 2738017.644384507555515 ], [ 320975.319161250605248, 2738130.68312693759799 ], [ 320323.550324066309258, 2738031.676475649699569 ], [ 320189.862651809293311, 2738020.119666603393853 ], [ 319947.953037100611255, 2738243.714662308804691 ], [ 319809.10346740152454, 2738457.109527372289449 ], [ 319690.472583586233668, 2738669.134821221232414 ], [ 319864.111323170422111, 2739107.771932854317129 ], [ 320087.172513780882582, 2738991.874379671644419 ], [ 320757.755147393560037, 2738750.533939991611987 ], [ 320896.563036436913535, 2738923.765403692610562 ] ] ] } },
{ "type": "Feature", "properties": { "cluster": 252 }, "geometry": { "type": "Polygon", "coordinates": [ [ [ 532893.665832969243638, 2551476.488970977254212 ], [ 533433.727418820490129, 2551818.648770802188665 ], [ 533562.801881689229049, 2551811.188355930615216 ], [ 534229.071636019623838, 2551594.612438293173909 ], [ 533760.328953718650155, 2551426.387470416259021 ], [ 533418.243404113920406, 2551413.442933119833469 ], [ 532893.665832969243638, 2551476.488970977254212 ] ] ] } },
{ "type": "Feature", "properties": { "cluster": 253 }, "geometry": { "type": "Polygon", "coordinates": [ [ [ 272502.436143111786805, 2811401.760909765493125 ], [ 272178.910399642365519, 2811377.323728183750063 ], [ 271978.724499540810939, 2811443.88965419633314 ], [ 272182.272325866855681, 2811812.795474627055228 ], [ 272502.436143111786805, 2811401.760909765493125 ] ] ] } },
{ "type": "Feature", "properties": { "cluster": 254 }, "geometry": { "type": "Polygon", "coordinates": [ [ [ 537069.101347143296152, 2554615.819864542223513 ], [ 536748.827238432015292, 2554508.754278566222638 ], [ 536288.272701111156493, 2554391.391333519946784 ], [ 536173.306984481634572, 2554501.816040643490851 ], [ 536667.794526718906127, 2554561.692956706974655 ], [ 537069.101347143296152, 2554615.819864542223513 ] ] ] } },
{ "type": "Feature", "properties": { "cluster": 255 }, "geometry": { "type": "Polygon", "coordinates": [ [ [ 428123.865212300384883, 2556192.898369638249278 ], [ 428072.937286791275255, 2556037.042789252940565 ], [ 427541.988649631151929, 2556146.995818525087088 ], [ 427471.295931847475003, 2556351.044743908103555 ], [ 427895.495489925087895, 2556403.23975897859782 ], [ 428123.865212300384883, 2556192.898369638249278 ] ] ] } },
{ "type": "Feature", "properties": { "cluster": 256 }, "geometry": { "type": "Polygon", "coordinates": [ [ [ 273057.68961459165439, 2803861.017255432903767 ], [ 272839.722527533769608, 2803776.035310317296535 ], [ 272761.468096558353864, 2803793.978153099771589 ], [ 272460.190047523472458, 2803725.922490421682596 ], [ 272389.376400000357535, 2804303.384288285393268 ], [ 272686.596426779869944, 2804370.397557221818715 ], [ 273011.076183532597497, 2804620.91863457672298 ], [ 272977.75342045648722, 2804436.411110350862145 ], [ 273057.68961459165439, 2803861.017255432903767 ] ] ] } },
{ "type": "Feature", "properties": { "cluster": 257 }, "geometry": { "type": "Polygon", "coordinates": [ [ [ 465669.355194969917648, 2546599.956563459243625 ], [ 465574.532796576735564, 2546803.865493646357208 ], [ 465137.409111363056581, 2546969.820778577588499 ], [ 464948.888748555735219, 2546972.474010601174086 ], [ 464831.651896455208771, 2547225.149239903781563 ], [ 464323.987579306354746, 2547447.752290170639753 ], [ 464314.123791866586544, 2547608.29403849830851 ], [ 464373.425150347698946, 2547987.861954839900136 ], [ 464983.931607933191117, 2547938.822244254406542 ], [ 465145.135132914234418, 2548090.108826280105859 ], [ 465230.257442670408636, 2548127.550003594718874 ], [ 465604.251461027190089, 2548146.614006020128727 ], [ 466030.238787046109792, 2548052.653270212933421 ], [ 466264.082103378954343, 2547708.948955821804702 ], [ 466225.653072307293769, 2547477.668122990522534 ], [ 466346.997080442903098, 2547219.459722643718123 ], [ 466649.53864365798654, 2546888.892361278180033 ], [ 466351.747001032927074, 2546596.19702471094206 ], [ 466325.982475618191529, 2546529.833660704083741 ], [ 465669.355194969917648, 2546599.956563459243625 ] ] ] } },
{ "type": "Feature", "properties": { "cluster": 258 }, "geometry": { "type": "Polygon", "coordinates": [ [ [ 541201.245574202621356, 2550161.958212445024401 ], [ 540927.472214658278972, 2550257.519765589851886 ], [ 540709.292088980670087, 2550252.497268798295408 ], [ 540766.121032219962217, 2550449.703562609385699 ], [ 541248.940807089209557, 2550697.893523942679167 ], [ 541386.148313325131312, 2550347.342315152753145 ], [ 541327.232505414052866, 2550166.733293202705681 ], [ 541201.245574202621356, 2550161.958212445024401 ] ] ] } },
{ "type": "Feature", "properties": { "cluster": 259 }, "geometry": { "type": "Polygon", "coordinates": [ [ [ 565926.52411045471672, 2470316.488532439805567 ], [ 565924.994780151289888, 2469706.538998341187835 ], [ 565562.873018496669829, 2469858.875119258649647 ], [ 565572.071315422886983, 2469875.518568859435618 ], [ 565570.112352031748742, 2470339.332417903468013 ], [ 565926.52411045471672, 2470316.488532439805567 ] ] ] } },
{ "type": "Feature", "properties": { "cluster": 260 }, "geometry": { "type": "Polygon", "coordinates": [ [ [ 268397.462674834881909, 2811221.466445689089596 ], [ 268810.350110862695146, 2811348.449810867197812 ], [ 268862.182543261675164, 2811318.743356820661575 ], [ 268744.458240265026689, 2811029.302511508110911 ], [ 268397.462674834881909, 2811221.466445689089596 ] ] ] } },
{ "type": "Feature", "properties": { "cluster": 261 }, "geometry": { "type": "MultiPolygon", "coordinates": [ [ [ [ 327957.644199179718271, 2767305.785563111770898 ], [ 327550.127011506236158, 2767009.603369359392673 ], [ 327293.059210983512457, 2767037.219420655630529 ], [ 327227.957624784903601, 2767077.922156530432403 ], [ 327394.127720313204918, 2767606.451532235369086 ], [ 327640.201165006496012, 2767748.465956517960876 ], [ 327788.120917362859473, 2767871.780795923434198 ], [ 328062.327118216024246, 2767522.701151186134666 ], [ 328119.764884769450873, 2767434.464232713915408 ], [ 327957.644199179718271, 2767305.785563111770898 ] ] ], [ [ [ 326388.205142922466621, 2767644.670009433757514 ], [ 326425.474606557632796, 2768194.768206863664091 ], [ 326603.226044195820577, 2768202.481773493811488 ], [ 326821.165247282769997, 2768275.047783769201487 ], [ 326774.984170742332935, 2767817.008902658242732 ], [ 326638.521168421488255, 2767722.361513671930879 ], [ 326388.205142922466621, 2767644.670009433757514 ] ] ] ] } },
{ "type": "Feature", "properties": { "cluster": 262 }, "geometry": { "type": "Polygon", "coordinates": [ [ [ 287525.186855344334617, 2752532.686406372580677 ], [ 287216.468782606010791, 2753028.310894543305039 ], [ 287174.338397943647578, 2753310.399890449363738 ], [ 287556.282668625644874, 2753106.158878088463098 ], [ 287528.831539537524804, 2752768.637696465477347 ], [ 287577.701211581821553, 2752595.032295085955411 ], [ 287525.186855344334617, 2752532.686406372580677 ] ] ] } },
{ "type": "Feature", "properties": { "cluster": 320 }, "geometry": { "type": "Polygon", "coordinates": [ [ [ 318795.549126587458886, 2731191.074193910695612 ], [ 318646.382251206086949, 2731162.004941954277456 ], [ 318472.709572294552345, 2731116.641025464050472 ], [ 318506.867144590360112, 2730323.021094076801091 ], [ 318772.168148861383088, 2730330.632765301968902 ], [ 318709.969980234862305, 2730218.451177624054253 ], [ 318657.529142014740501, 2730000.90307116927579 ], [ 318313.547848289716057, 2729782.735861350782216 ], [ 318021.418450891098473, 2729273.657155803404748 ], [ 318108.855732245952822, 2729998.11057871254161 ], [ 317979.580644958768971, 2730174.835053689777851 ], [ 317718.995925656869076, 2730449.662233439274132 ], [ 317456.090925838332623, 2730547.279301044065505 ], [ 317418.551437338406686, 2730617.563823035918176 ], [ 317871.590267042745836, 2730970.534926916472614 ], [ 318063.09475378820207, 2731294.82014299556613 ], [ 318121.182571872137487, 2731556.604159259237349 ], [ 318064.26091224263655, 2731924.028230632189661 ], [ 318258.548190501052886, 2731843.936417274642736 ], [ 318468.408003903110512, 2731793.55392778897658 ], [ 318862.979636801639572, 2732091.929097071755677 ], [ 318722.081330523826182, 2731378.141345987096429 ], [ 318795.549126587458886, 2731191.074193910695612 ] ] ] } },
{ "type": "Feature", "properties": { "cluster": 263 }, "geometry": { "type": "Polygon", "coordinates": [ [ [ 517533.499028520949651, 2491990.589646900538355 ], [ 517569.323786264518276, 2492135.639375571161509 ], [ 517253.148024884460028, 2492572.521701091434807 ], [ 517160.513119696057402, 2492654.331409915350378 ], [ 516821.934926919755526, 2492911.873670764733106 ], [ 516560.655219136970118, 2493011.21431419160217 ], [ 516312.660042613570113, 2493191.379979318473488 ], [ 516067.603657680097967, 2493516.561662155669183 ], [ 516288.507540791237261, 2493666.231027557980269 ], [ 516698.684356574260164, 2493730.873891673050821 ], [ 516959.023566144343931, 2493541.872487738728523 ], [ 517383.97770895116264, 2493268.933492240961641 ], [ 517672.099156219919678, 2493076.654784426558763 ], [ 517902.538072659110185, 2492977.297023842576891 ], [ 518423.148175785609055, 2492707.819228516891599 ], [ 518357.582004208466969, 2492505.170979094225913 ], [ 518245.933352734311484, 2492140.855321787763387 ], [ 518260.539785574888811, 2491963.762584641575813 ], [ 518710.383171755936928, 2491573.554396939929575 ], [ 518228.430675234703813, 2491291.813441892620176 ], [ 518068.293415243213531, 2491049.205299868248403 ], [ 518028.127580434666015, 2491100.077251668553799 ], [ 517473.395445394678973, 2491492.399489665869623 ], [ 517336.503623016295023, 2491601.831291154026985 ], [ 517533.499028520949651, 2491990.589646900538355 ] ] ] } },
{ "type": "Feature", "properties": { "cluster": 264 }, "geometry": { "type": "Polygon", "coordinates": [ [ [ 521624.976812549924944, 2545451.550117363221943 ], [ 521377.911620213126298, 2545532.007827939931303 ], [ 521626.346879029588308, 2545923.137233712244779 ], [ 522018.28874581103446, 2545567.250500032212585 ], [ 521843.137428537942469, 2545519.393346963450313 ], [ 521624.976812549924944, 2545451.550117363221943 ] ] ] } },
{ "type": "Feature", "properties": { "cluster": 265 }, "geometry": { "type": "Polygon", "coordinates": [ [ [ 477824.899314823560417, 2553160.4794393745251 ], [ 478230.251980016648304, 2553011.544000501278788 ], [ 478453.416454933700152, 2552938.157942045014352 ], [ 478580.160996278282255, 2552760.853395753074437 ], [ 478154.44364827813115, 2552296.521909269038588 ], [ 478102.95729847747134, 2552108.404443062376231 ], [ 477593.677343607938383, 2551951.961711496580392 ], [ 477587.989258903020527, 2552257.506655714008957 ], [ 477679.50675203994615, 2552499.806502588093281 ], [ 477384.204763707879465, 2552959.661803469061852 ], [ 477202.088467230380047, 2553082.817061953712255 ], [ 477038.848315649665892, 2553491.556260094977915 ], [ 477431.179310359060764, 2553547.417248259298503 ], [ 477824.899314823560417, 2553160.4794393745251 ] ] ] } },
{ "type": "Feature", "properties": { "cluster": 266 }, "geometry": { "type": "MultiPolygon", "coordinates": [ [ [ [ 481293.107672669342719, 2560830.710206656716764 ], [ 480957.055407872598153, 2561397.932412097696215 ], [ 481698.866651541145984, 2561155.672031017020345 ], [ 481487.657472455292009, 2560878.069512494374067 ], [ 481328.952926683414262, 2560845.056610213126987 ], [ 481293.107672669342719, 2560830.710206656716764 ] ] ], [ [ [ 481136.719843324797694, 2561820.58787480276078 ], [ 480957.055407872598153, 2561397.932412097696215 ], [ 480948.066535670310259, 2561572.853955820668489 ], [ 481033.51839637896046, 2561961.311136916279793 ], [ 481136.719843324797694, 2561820.58787480276078 ] ] ] ] } },
{ "type": "Feature", "properties": { "cluster": 267 }, "geometry": { "type": "Polygon", "coordinates": [ [ [ 308528.905813740799204, 2736758.512414279859513 ], [ 308787.024894655332901, 2736692.90538627654314 ], [ 308721.008920879976358, 2736674.983781854622066 ], [ 308388.121165307471529, 2736602.03695052023977 ], [ 308528.905813740799204, 2736758.512414279859513 ] ] ] } },
{ "type": "Feature", "properties": { "cluster": 268 }, "geometry": { "type": "Polygon", "coordinates": [ [ [ 367131.47428725467762, 2745942.570748 ], [ 367455.605429511051625, 2746012.549927918706089 ], [ 367751.461675020749681, 2745664.153968126978725 ], [ 367186.94377286627423, 2745824.6358986729756 ], [ 367111.766078269341961, 2745785.488220216706395 ], [ 366680.014365232607815, 2745771.934376392979175 ], [ 367131.47428725467762, 2745942.570748 ] ] ] } },
{ "type": "Feature", "properties": { "cluster": 528 }, "geometry": { "type": "Polygon", "coordinates": [ [ [ 353674.60330080013955, 2744937.952525640372187 ], [ 353845.620336659485474, 2745049.116227762307972 ], [ 354142.971025630307849, 2744966.221264041960239 ], [ 353804.495070683420636, 2744316.31275100633502 ], [ 353676.156638234620914, 2744703.122108592186123 ], [ 353049.001812545000575, 2744954.57043112674728 ], [ 353674.60330080013955, 2744937.952525640372187 ] ] ] } },
{ "type": "Feature", "properties": { "cluster": 269 }, "geometry": { "type": "Polygon", "coordinates": [ [ [ 360621.602680644835345, 2772064.223502674140036 ], [ 360678.813676084508188, 2772430.260676961857826 ], [ 361064.949889419600368, 2772284.99049161048606 ], [ 361095.012417599442415, 2772255.000239555723965 ], [ 361245.019191064406186, 2772045.020475844852626 ], [ 361245.016589468112215, 2772015.00413563568145 ], [ 361545.392053055227734, 2771529.80848101247102 ], [ 361585.213842009543441, 2771277.976443497929722 ], [ 361171.944271340267733, 2771219.040196010842919 ], [ 361044.645682023314293, 2771202.61387673066929 ], [ 360753.582685569883324, 2771452.578899326734245 ], [ 360444.473852804396302, 2771614.125910037197173 ], [ 359850.903566425375175, 2771486.187314787413925 ], [ 360195.663957342680078, 2771751.802390967030078 ], [ 360621.602680644835345, 2772064.223502674140036 ] ] ] } },
{ "type": "Feature", "properties": { "cluster": 522 }, "geometry": { "type": "Polygon", "coordinates": [ [ [ 319546.430901880841702, 2782982.710638877470046 ], [ 319613.005252488830592, 2783212.259473615325987 ], [ 319660.862066243134905, 2782943.523992160335183 ], [ 319875.016588092315942, 2782424.978689931798726 ], [ 319875.021914958779234, 2782394.95591451972723 ], [ 319844.972838536370546, 2782395.021966997534037 ], [ 319844.967578023555689, 2782425.044746422674507 ], [ 319546.430901880841702, 2782982.710638877470046 ] ] ] } },
{ "type": "Feature", "properties": { "cluster": 270 }, "geometry": { "type": "Polygon", "coordinates": [ [ [ 576931.571045863209292, 2538059.462237189058214 ], [ 577008.07522601634264, 2538136.242035815492272 ], [ 577222.361265743733384, 2538535.890139874536544 ], [ 577273.389908601413481, 2538581.542423760984093 ], [ 577795.190827781218104, 2538591.978297401685268 ], [ 578275.182725607184693, 2538756.100362556055188 ], [ 578718.273571645142511, 2538720.768819522578269 ], [ 578731.2764878164744, 2538586.878822525031865 ], [ 578752.520425861701369, 2538053.372377050109208 ], [ 578623.074276852072217, 2537906.560409869998693 ], [ 578221.614553596125916, 2537818.117736079264432 ], [ 577810.286371315130964, 2537654.353035761509091 ], [ 577353.606593177071773, 2537335.375026406720281 ], [ 577062.225995889049955, 2537571.905378506053239 ], [ 577043.765685283811763, 2537773.300477157346904 ], [ 576931.571045863209292, 2538059.462237189058214 ] ] ] } },
{ "type": "Feature", "properties": { "cluster": 271 }, "geometry": { "type": "MultiPolygon", "coordinates": [ [ [ [ 534531.994336856761947, 2536998.177974869962782 ], [ 534871.69747632171493, 2536410.031878056935966 ], [ 534412.659719708492048, 2536276.136140453629196 ], [ 534019.150339887710288, 2536180.040460287593305 ], [ 533525.010392392287031, 2536147.93737607402727 ], [ 533227.783821616088971, 2536093.036100073717535 ], [ 533149.904607328469865, 2536071.831560114398599 ], [ 533034.880163965281099, 2536156.81850207503885 ], [ 532768.780582809820771, 2536404.206956104841083 ], [ 532771.497932202764787, 2536569.156684525310993 ], [ 532966.927307424135506, 2537222.716512541286647 ], [ 532335.299646488740109, 2537253.451119488105178 ], [ 532567.45839994517155, 2537519.632618942297995 ], [ 532765.266248858184554, 2538020.428692099172622 ], [ 533360.995757031603716, 2538445.720419380348176 ], [ 533291.76577162835747, 2538691.323161824140698 ], [ 532869.667023247224279, 2539037.99666244816035 ], [ 532636.776786140399054, 2539122.729736151173711 ], [ 532890.442754375981167, 2539382.321851952932775 ], [ 533596.875268762232736, 2539325.210225912276655 ], [ 533644.982272955821827, 2539816.830245974473655 ], [ 533789.946247250656597, 2539626.749133267439902 ], [ 534077.358789786696434, 2539456.917364160530269 ], [ 534070.551307063433342, 2539294.171404815278947 ], [ 534106.738882012432441, 2539158.091060151811689 ], [ 533850.48958849220071, 2538687.03363238228485 ], [ 533869.823719860636629, 2538295.195840001571923 ], [ 533719.174124179873616, 2537813.309134586714208 ], [ 534254.289506807224825, 2537384.997022807132453 ], [ 534531.994336856761947, 2536998.177974869962782 ] ] ], [ [ [ 532636.776786140399054, 2539122.729736151173711 ], [ 532247.488844916573726, 2539000.120050098747015 ], [ 532186.908778008073568, 2539045.377764868550003 ], [ 532636.776786140399054, 2539122.729736151173711 ] ] ] ] } },
{ "type": "Feature", "properties": { "cluster": 272 }, "geometry": { "type": "Polygon", "coordinates": [ [ [ 504326.264305834600236, 2480196.870160431601107 ], [ 504178.038949705951381, 2480335.194170516915619 ], [ 504107.962763152376283, 2480708.206968638580292 ], [ 504107.932155478629284, 2480823.326531547587365 ], [ 504180.912902236450464, 2481123.321216589771211 ], [ 504431.959160192927811, 2481245.152346970513463 ], [ 504681.992254359589424, 2481301.679010135121644 ], [ 504900.061139985686168, 2481557.445140960626304 ], [ 505309.594046753249131, 2481575.291219634469599 ], [ 505416.583131976600271, 2481649.492023746948689 ], [ 505542.116291567101143, 2481658.391922332346439 ], [ 505729.601517983479425, 2481092.824237644206733 ], [ 506163.838843215198722, 2481119.557467622216791 ], [ 506449.887953733094037, 2481165.05796276172623 ], [ 506169.155004787957296, 2480691.181757431011647 ], [ 506236.177739101054613, 2480358.026042423676699 ], [ 506486.379877746803686, 2480030.481116977985948 ], [ 506603.727849945833441, 2479957.474194818176329 ], [ 507216.953689396381378, 2480209.018902485724539 ], [ 507249.90873816376552, 2480157.009143473114818 ], [ 507080.410211691632867, 2479500.527994369156659 ], [ 506607.978163716150448, 2479644.218164775986224 ], [ 506255.007894796319306, 2479599.794594158418477 ], [ 505724.096841786929872, 2479285.224299097899348 ], [ 505424.683948339428753, 2479091.405835419427603 ], [ 505147.850009561050683, 2479063.638264525216073 ], [ 504893.709512442990672, 2478868.738378674257547 ], [ 504727.976355625782162, 2478988.233828768134117 ], [ 503984.981098637043033, 2478752.251264102291316 ], [ 503797.653647493745666, 2478820.832947709131986 ], [ 503541.339504712901544, 2479037.727781844325364 ], [ 503351.947656613367144, 2479159.446413642261177 ], [ 503827.390110154112335, 2479263.606992749497294 ], [ 504425.209973858145531, 2479660.042965302243829 ], [ 504326.264305834600236, 2480196.870160431601107 ] ] ] } },
{ "type": "Feature", "properties": { "cluster": 273 }, "geometry": { "type": "Polygon", "coordinates": [ [ [ 530873.477050263318233, 2549628.997359686996788 ], [ 530951.981452736072242, 2549314.765582201536745 ], [ 531204.475608610198833, 2549082.814887593034655 ], [ 531373.189288288354874, 2548746.633005702868104 ], [ 530812.928910453571007, 2548684.585104807745665 ], [ 530633.295263487729244, 2548855.80494833830744 ], [ 530432.835102392127737, 2549195.251532076392323 ], [ 529802.430743120610714, 2549382.178153322078288 ], [ 529718.579230432165787, 2549305.627379785291851 ], [ 529587.527999218786135, 2549785.81429991684854 ], [ 529659.107750170864165, 2550368.248078998178244 ], [ 530430.50629704457242, 2550342.119441157206893 ], [ 530446.826338329003192, 2550376.47023740131408 ], [ 530579.991432497510687, 2550879.329042221885175 ], [ 530789.340451559517533, 2550691.564218591433018 ], [ 531240.934849668061361, 2550758.920491266530007 ], [ 531583.360940060112625, 2550617.939681137911975 ], [ 531173.913954809424467, 2550477.597350332420319 ], [ 530975.249957969179377, 2549952.457332517486066 ], [ 530873.477050263318233, 2549628.997359686996788 ] ] ] } },
{ "type": "Feature", "properties": { "cluster": 274 }, "geometry": { "type": "Polygon", "coordinates": [ [ [ 406740.503213288087863, 2620972.348588054068387 ], [ 406647.243556209956296, 2621057.097405023407191 ], [ 407068.803685964958277, 2621129.687640675343573 ], [ 406919.833530071075074, 2620953.483137737959623 ], [ 406740.503213288087863, 2620972.348588054068387 ] ] ] } },
{ "type": "Feature", "properties": { "cluster": 275 }, "geometry": { "type": "Polygon", "coordinates": [ [ [ 398890.701840731373522, 2630369.079367046244442 ], [ 398942.925208862347063, 2630697.575237329583615 ], [ 398414.416077692003455, 2631034.565486364997923 ], [ 398104.45010665373411, 2631438.686781496275216 ], [ 398242.658458129037172, 2631676.886204324662685 ], [ 398303.532528730516788, 2631784.971432762220502 ], [ 398432.293496433296241, 2631839.43073214404285 ], [ 398730.743297892971896, 2631973.533441051375121 ], [ 398959.15645525616128, 2631854.564849546179175 ], [ 399368.780661954078823, 2631567.139907215721905 ], [ 399536.101106930524111, 2631599.195282424334437 ], [ 399632.836905143689364, 2631590.772943602409214 ], [ 399664.995143829088192, 2631085.633256887085736 ], [ 399360.449249242199585, 2630808.715098379645497 ], [ 399246.823215281241573, 2630440.783537607640028 ], [ 398890.701840731373522, 2630369.079367046244442 ] ] ] } },
{ "type": "Feature", "properties": { "cluster": 276 }, "geometry": { "type": "Polygon", "coordinates": [ [ [ 428356.025063047534786, 2650023.286573107354343 ], [ 428348.614126677508466, 2650576.932484450284392 ], [ 428580.421884268173017, 2650337.725190421566367 ], [ 428764.294681455707178, 2650279.236086826771498 ], [ 428807.781612581107765, 2650225.873909839894623 ], [ 428356.025063047534786, 2650023.286573107354343 ] ] ] } },
{ "type": "Feature", "properties": { "cluster": 277 }, "geometry": { "type": "Polygon", "coordinates": [ [ [ 398137.070482842042111, 2734982.084005508106202 ], [ 398660.955202774843201, 2734835.384914251975715 ], [ 398145.019353417272214, 2734604.950150431599468 ], [ 398114.977559269580524, 2734604.949563432484865 ], [ 397961.278222526423633, 2734597.996583917178214 ], [ 398137.070482842042111, 2734982.084005508106202 ] ] ] } },
{ "type": "Feature", "properties": { "cluster": 278 }, "geometry": { "type": "MultiPolygon", "coordinates": [ [ [ [ 305925.030270992487203, 2782725.000151194166392 ], [ 306106.280885528190993, 2782536.389843237120658 ], [ 306120.165153586771339, 2781954.526248740497977 ], [ 305761.973456356790848, 2781872.114220182411373 ], [ 305746.166798471938819, 2782247.930569977033883 ], [ 305895.029279930051416, 2782665.046234877314419 ], [ 305894.952464343048632, 2782694.961612089537084 ], [ 305604.76321115612518, 2783078.690521110314876 ], [ 305925.030270992487203, 2782725.000151194166392 ] ] ], [ [ [ 305644.765066522522829, 2783478.08400219026953 ], [ 305604.76321115612518, 2783078.690521110314876 ], [ 305371.837594814947806, 2783432.135147359687835 ], [ 305415.260516399575863, 2783647.561373597476631 ], [ 305644.765066522522829, 2783478.08400219026953 ] ] ] ] } },
{ "type": "Feature", "properties": { "cluster": 279 }, "geometry": { "type": "Polygon", "coordinates": [ [ [ 287540.90659043379128, 2824409.551907853689045 ], [ 287506.747926305397414, 2824284.877490210812539 ], [ 287375.132528270361945, 2824228.241255880333483 ], [ 287176.109313125780318, 2823979.866396726574749 ], [ 286638.207339563057758, 2823668.197151539381593 ], [ 286079.461697651830036, 2823689.320365907158703 ], [ 285941.737019791034982, 2823691.526045648381114 ], [ 285780.677446171990596, 2823680.809640811290592 ], [ 285472.213536006922368, 2823570.512509574182332 ], [ 285187.957204660517164, 2823214.934639747720212 ], [ 284818.157629678200465, 2823043.581474093720317 ], [ 284734.565709703834727, 2822910.842677291482687 ], [ 284807.552838217583485, 2822322.353937064297497 ], [ 284554.850833889329806, 2821805.59826053539291 ], [ 284333.441297247307375, 2821109.930859319865704 ], [ 283863.775586100062355, 2821733.639718344900757 ], [ 283568.959265038720332, 2821165.496670821681619 ], [ 283311.501649738987908, 2820856.059512802399695 ], [ 283195.796069256379269, 2820481.164159118197858 ], [ 282756.89330629829783, 2819838.907817656639963 ], [ 282561.854357341188006, 2819659.230482767801732 ], [ 282332.63881898613181, 2819172.045164975803345 ], [ 282406.662463575834408, 2818775.231963115278631 ], [ 282523.850971304578707, 2818496.290594638325274 ], [ 282561.166301265941001, 2818378.220826200209558 ], [ 282455.594439977547154, 2818133.926418990362436 ], [ 281933.693977688089944, 2818146.847157933283597 ], [ 281241.956103165401146, 2818355.381011579185724 ], [ 281114.972387859364972, 2817614.989854319486767 ], [ 281174.959378176718019, 2817555.055763938464224 ], [ 281427.967149685195182, 2817424.816897605545819 ], [ 281994.702733124431688, 2817321.388976786285639 ], [ 282376.698699684580788, 2817116.819524293299764 ], [ 282428.707653523015324, 2816912.075672697275877 ], [ 282454.139433735341299, 2816867.336841322015971 ], [ 282524.959436698933132, 2816625.05452521238476 ], [ 282733.577878084615804, 2816231.16032936796546 ], [ 282774.477293444448151, 2816209.442633534315974 ], [ 282692.211521183839068, 2816037.905737383291125 ], [ 282345.369920643453952, 2816364.896156495902687 ], [ 282173.352336524694692, 2816428.639155773911625 ], [ 281929.311467825551517, 2816517.93564490461722 ], [ 281361.592734171426855, 2816994.827530802227557 ], [ 280895.602625167928636, 2816553.635754785966128 ], [ 280951.002258285938296, 2816188.146303776651621 ], [ 281478.945870757102966, 2815985.601348703261465 ], [ 281531.202956248191185, 2815611.302192631177604 ], [ 282209.008833298867103, 2815465.079433596692979 ], [ 282216.224755644681863, 2815289.87504339357838 ], [ 282222.546556673536543, 2815245.446499719750136 ], [ 282215.215260167256929, 2815165.779042147565633 ], [ 282283.647829590598121, 2814794.547068226151168 ], [ 282097.353588963858783, 2814538.266619636211544 ], [ 282202.399329804291483, 2814128.762881403323263 ], [ 282308.800324265263043, 2813740.293488988187164 ], [ 282468.7101810175227, 2813486.151406451128423 ], [ 282541.220003421185538, 2813427.352660372387618 ], [ 282403.099679965875112, 2813225.693717804737389 ], [ 282302.66947429953143, 2813176.348099737428129 ], [ 281755.143953106831759, 2812986.883614261168987 ], [ 281730.977403700700961, 2812552.883293169550598 ], [ 281869.794194124871865, 2812115.125780560076237 ], [ 282054.566353104193695, 2811717.626009325962514 ], [ 281606.883957594982348, 2811544.272530981805176 ], [ 281240.915963497420307, 2811197.838674937840551 ], [ 280698.054475916083902, 2811484.838472016621381 ], [ 280403.699977332027629, 2811395.45582561660558 ], [ 280149.127780438400805, 2811092.662073384504765 ], [ 280199.532674124347977, 2810605.357154411729425 ], [ 280367.904653170669917, 2810006.417079777922481 ], [ 280061.258369588700589, 2809660.148185669444501 ], [ 279481.415417998447083, 2809720.626067821402103 ], [ 279353.273322289111093, 2809947.685870973858982 ], [ 279104.799277439480647, 2810631.071665178984404 ], [ 279551.270781447645277, 2811155.653763943351805 ], [ 279515.548573480104096, 2811248.217474152334034 ], [ 278952.245330774458125, 2811575.520771841518581 ], [ 278844.317094530619215, 2811683.681829270906746 ], [ 279139.983309938572347, 2811974.695035294629633 ], [ 278530.231927085784264, 2812473.442211932502687 ], [ 278159.791364368167706, 2812164.838526146952063 ], [ 277848.013731101877056, 2812604.398554190527648 ], [ 277801.384144851821475, 2812645.064701703377068 ], [ 277319.045976249035448, 2812872.477759113535285 ], [ 277108.514064667397179, 2813164.099589699413627 ], [ 277187.341608791844919, 2813183.845937760546803 ], [ 277545.814202081353869, 2813438.320433800108731 ], [ 277686.811595679086167, 2813687.539801757317036 ], [ 278156.652934647980146, 2814349.099993878975511 ], [ 277852.791551743051969, 2814655.553480509202927 ], [ 278135.821411075303331, 2814975.563745818566531 ], [ 278492.165699206118006, 2815470.567126148846 ], [ 278465.304130591102876, 2815854.439376806840301 ], [ 278501.938282050483394, 2815879.321997148916125 ], [ 278689.661046225461178, 2816035.798298099543899 ], [ 278891.587969895103015, 2816382.648172264453024 ], [ 279091.208169040619396, 2816407.060485884547234 ], [ 279330.839830911019817, 2816967.170959243085235 ], [ 278963.449998461408541, 2817689.106820532586426 ], [ 278717.802740335115232, 2817739.706119685899466 ], [ 278363.564590151538141, 2818097.963871325366199 ], [ 278764.751015314541291, 2818206.580777285154909 ], [ 279216.231557032035198, 2818498.336537217255682 ], [ 279259.527527728641871, 2818744.745324917137623 ], [ 279188.742041842837352, 2818966.439170470461249 ], [ 279072.284546448267065, 2819711.946294113527983 ], [ 278686.787295441376045, 2819880.109546169638634 ], [ 278583.745549540850334, 2820035.851006938610226 ], [ 278358.115632589906454, 2820199.164396801032126 ], [ 278607.376989688782487, 2820248.230618078727275 ], [ 278815.778645721264184, 2820502.989799789618701 ], [ 278754.084901962429285, 2820300.104826046619564 ], [ 279125.509609421016648, 2819828.53442926844582 ], [ 279515.099582001683302, 2819969.497264034580439 ], [ 279728.480465273139998, 2820161.021530768834054 ], [ 279925.661090297740884, 2820957.876634998247027 ], [ 279864.763580064638518, 2821352.279863197822124 ], [ 280030.77679384581279, 2821417.146921379957348 ], [ 280315.663540731649846, 2821861.273146787192672 ], [ 280748.009234336088412, 2822038.132936544716358 ], [ 281107.199372333241627, 2821678.743447467684746 ], [ 281434.854749994701706, 2821665.627109046559781 ], [ 281933.922246800153516, 2821987.71086165914312 ], [ 282099.379594344296493, 2822081.423170736525208 ], [ 282185.117253068368882, 2822158.705313917249441 ], [ 282327.090858981362544, 2822539.815186279360205 ], [ 282495.732546256156638, 2823138.798769598361105 ], [ 282269.77958417829359, 2823343.054497965611517 ], [ 282485.480468346504495, 2823621.013706104829907 ], [ 282483.219054517103359, 2824099.77444999711588 ], [ 282452.815363151836209, 2824393.931387783959508 ], [ 282754.01060025813058, 2824612.877126579638571 ], [ 282605.377161308773793, 2825303.461551242507994 ], [ 282573.78845099452883, 2825339.436946284025908 ], [ 282925.653208389470819, 2825274.979887299705297 ], [ 283373.739189509185962, 2825563.580079191364348 ], [ 283837.977063727099448, 2825857.472909306176007 ], [ 284443.209132044576108, 2825918.608180583454669 ], [ 285006.313641452696174, 2826298.485617357771844 ], [ 284616.375608278787695, 2826805.654036377090961 ], [ 284726.581577371864114, 2827218.322275695390999 ], [ 284900.380399847053923, 2827211.086727989837527 ], [ 285202.365633759764023, 2827110.921556749381125 ], [ 285497.426436983339954, 2827017.523761297110468 ], [ 285710.210546255926602, 2826996.374706188682467 ], [ 285653.054845055448823, 2826692.554537834599614 ], [ 285793.605728640686721, 2826429.885565299540758 ], [ 285962.845850552548654, 2826263.166380981914699 ], [ 286012.347484672325663, 2826152.667305833660066 ], [ 286408.972279677691404, 2825682.007626226637512 ], [ 286734.243767923326232, 2825589.265611947979778 ], [ 286822.943961227429099, 2825603.36287221731618 ], [ 287151.474870630190708, 2825210.27727833436802 ], [ 287146.118815325200558, 2824558.785045398864895 ], [ 287269.336699246428907, 2824467.064012126531452 ], [ 287540.90659043379128, 2824409.551907853689045 ] ] ] } },
{ "type": "Feature", "properties": { "cluster": 280 }, "geometry": { "type": "Polygon", "coordinates": [ [ [ 302955.788388565531932, 2744782.53447053488344 ], [ 302819.936158501193859, 2744546.276162422262132 ], [ 302432.381866617768537, 2744671.472554703708738 ], [ 302256.686569728364702, 2744831.311613926663995 ], [ 302066.067881596740335, 2745007.985945556778461 ], [ 301689.152141181984916, 2745027.800828803796321 ], [ 301478.472556127933785, 2745636.857985515147448 ], [ 302157.118584779731464, 2745715.740593800786883 ], [ 302295.820628176967148, 2746221.173313735052943 ], [ 302851.185930630890653, 2745742.364038072060794 ], [ 303388.325104421644937, 2745543.030791265890002 ], [ 303451.994488522293977, 2745043.569183086510748 ], [ 302955.788388565531932, 2744782.53447053488344 ] ] ] } },
{ "type": "Feature", "properties": { "cluster": 281 }, "geometry": { "type": "Polygon", "coordinates": [ [ [ 460519.499616104876623, 2530145.762274528387934 ], [ 460354.967322164215147, 2530379.771088245790452 ], [ 460091.623829255171586, 2530482.30868845898658 ], [ 459534.531961260305252, 2530437.295654652640224 ], [ 459504.777008473523892, 2530434.054325603879988 ], [ 458963.382082938973326, 2530882.7457743473351 ], [ 458806.043495269317646, 2531110.110626149456948 ], [ 458368.81574115640251, 2531379.205260286107659 ], [ 458217.317598435387481, 2531488.110454765148461 ], [ 458269.126376645523123, 2531678.372984630987048 ], [ 458461.716160515032243, 2531966.771815667394549 ], [ 458939.77457559510367, 2532386.128431191667914 ], [ 459409.11583729845006, 2532243.162389861885458 ], [ 459546.650489603693131, 2532281.538684471510351 ], [ 459911.779014393512625, 2532286.1000881427899 ], [ 459987.708616721443832, 2532299.18282925337553 ], [ 460393.683239134610631, 2532236.120211211964488 ], [ 460610.807914078934118, 2532119.316544447559863 ], [ 460871.314863598672673, 2531723.437852133531123 ], [ 460975.732547004823573, 2531646.784278546925634 ], [ 461198.702176291437354, 2531005.25348537042737 ], [ 461597.256831304519437, 2530428.592890119180083 ], [ 461877.262849960185122, 2530421.24201869731769 ], [ 462150.380061868345365, 2530530.148975849151611 ], [ 462423.259320235578343, 2530544.966109392698854 ], [ 462250.67914642492542, 2530441.337840273976326 ], [ 462017.953346025082283, 2530078.823709473013878 ], [ 461915.161020588362589, 2529992.736066190060228 ], [ 461414.496984253986739, 2530358.210064879618585 ], [ 460979.118933471792843, 2530177.778976609930396 ], [ 460958.60694888769649, 2530178.938945345580578 ], [ 460632.624725927656982, 2529470.194349410012364 ], [ 460519.499616104876623, 2530145.762274528387934 ] ] ] } },
{ "type": "Feature", "properties": { "cluster": 282 }, "geometry": { "type": "Polygon", "coordinates": [ [ [ 552057.165090315626003, 2514652.43464125553146 ], [ 552108.505721511668526, 2514052.614164876751602 ], [ 552567.287779091042466, 2513522.829439982771873 ], [ 553037.611241525737569, 2513226.676142337732017 ], [ 553203.453440835466608, 2513081.13002342171967 ], [ 553063.889399727224372, 2513052.96803902508691 ], [ 552476.843983541824855, 2512949.089826418086886 ], [ 552208.971226810943335, 2513202.7798713282682 ], [ 551870.181642780662514, 2513778.370548478793353 ], [ 551789.427101166220382, 2513971.821156139019877 ], [ 551330.181564648868516, 2514346.646705141291022 ], [ 551351.278123031370342, 2514485.093211272731423 ], [ 551265.153628065367229, 2514751.590603976510465 ], [ 551724.904295591055416, 2514828.422447899356484 ], [ 552096.767248910618946, 2514782.089662819169462 ], [ 552491.023793533095159, 2514793.40739869652316 ], [ 552057.165090315626003, 2514652.43464125553146 ] ] ] } },
{ "type": "Feature", "properties": { "cluster": 283 }, "geometry": { "type": "Polygon", "coordinates": [ [ [ 548890.755693247192539, 2500766.915664015337825 ], [ 549350.526003557839431, 2500972.075221298262477 ], [ 549574.09695607656613, 2501118.919180297292769 ], [ 549597.068838189006783, 2501007.188266190700233 ], [ 549669.849625159869902, 2500748.390127791557461 ], [ 549639.512569725280628, 2500595.528132354840636 ], [ 549504.608900253660977, 2500678.115165265742689 ], [ 549287.665718478732742, 2500705.089982024393976 ], [ 549211.598536431440152, 2500709.273284218739718 ], [ 548890.755693247192539, 2500766.915664015337825 ] ] ] } },
{ "type": "Feature", "properties": { "cluster": 284 }, "geometry": { "type": "Polygon", "coordinates": [ [ [ 574508.19630170497112, 2496499.575911376625299 ], [ 574477.904184047249146, 2496597.954240895807743 ], [ 574663.008463949663565, 2496587.783636538311839 ], [ 575003.306902103126049, 2496376.894019077997655 ], [ 574864.747296381741762, 2496118.279944349545985 ], [ 574712.300152078154497, 2495965.874306715559214 ], [ 574396.240923923905939, 2495841.459033919032663 ], [ 574067.457077056984417, 2496009.243680153042078 ], [ 574508.19630170497112, 2496499.575911376625299 ] ] ] } },
{ "type": "Feature", "properties": { "cluster": 285 }, "geometry": { "type": "Polygon", "coordinates": [ [ [ 548570.407249128795229, 2502289.103799300268292 ], [ 548668.163083373685367, 2501925.216933438554406 ], [ 548520.264275863068178, 2501898.179794190917164 ], [ 548120.618833321728744, 2501860.387738775927573 ], [ 548307.73095422424376, 2502162.076344611123204 ], [ 548570.407249128795229, 2502289.103799300268292 ] ] ] } },
{ "type": "Feature", "properties": { "cluster": 494 }, "geometry": { "type": "Polygon", "coordinates": [ [ [ 479553.619863595755305, 2556854.351930525619537 ], [ 479112.140180896385573, 2556729.869268633890897 ], [ 478515.678440474206582, 2557066.142539057414979 ], [ 478667.333456392399967, 2557148.951830161269754 ], [ 479079.766996747581288, 2557009.99088753387332 ], [ 479553.619863595755305, 2556854.351930525619537 ] ] ] } },
{ "type": "Feature", "properties": { "cluster": 286 }, "geometry": { "type": "Polygon", "coordinates": [ [ [ 460276.230795142648276, 2562987.444135654252023 ], [ 460320.394293315184768, 2563429.038391112349927 ], [ 460419.227378722571302, 2564032.116625551600009 ], [ 460744.370815176516771, 2564691.056920411996543 ], [ 460928.093605094356462, 2565285.058951394166797 ], [ 461369.318674937472679, 2565347.009146748576313 ], [ 461933.754720373020973, 2565170.641423109453171 ], [ 462378.951570703356992, 2565185.008326319977641 ], [ 462834.460980159346946, 2565231.467138131149113 ], [ 462895.304380944231525, 2565007.69192757550627 ], [ 463059.252540946647059, 2564679.598560849670321 ], [ 463003.943308902671561, 2564249.095101789571345 ], [ 463162.618315217492636, 2563853.486698230728507 ], [ 462987.791722900874447, 2563515.164405084680766 ], [ 463130.295867862121668, 2563199.303449095692486 ], [ 463307.06713763915468, 2563080.413385484367609 ], [ 463354.724834478867706, 2562898.74097813013941 ], [ 463826.705801679636352, 2562535.584842213429511 ], [ 463753.703985984786414, 2562399.596007351297885 ], [ 463910.080113214673474, 2561883.335105963051319 ], [ 464154.280690160638187, 2561702.298247534316033 ], [ 464164.31167773809284, 2561617.031993043143302 ], [ 464347.843757096794434, 2561317.691105616278946 ], [ 464233.28539732756326, 2560927.180320146959275 ], [ 464227.017562651250046, 2560447.847261045128107 ], [ 464234.802863757591695, 2559852.241728679277003 ], [ 464011.484815997129772, 2559366.788852314930409 ], [ 463985.031831561704166, 2558586.391172343865037 ], [ 463768.864658755192067, 2558527.134202791843563 ], [ 463639.797745693824254, 2558499.772046266123652 ], [ 463301.845961095939856, 2558461.852605306077749 ], [ 462926.345130785426591, 2558146.167454874608666 ], [ 462864.797209393058438, 2558510.5359216183424 ], [ 462868.870922128437087, 2558913.487824907060713 ], [ 462541.837911715207156, 2559551.959722163621336 ], [ 462075.304298243660014, 2560070.126175372395664 ], [ 462030.258621301036328, 2560069.133705914020538 ], [ 461704.931795962620527, 2560151.886288857087493 ], [ 461647.915019932843279, 2560272.700324960518628 ], [ 461584.654475927876774, 2560353.677168280351907 ], [ 461431.837732789630536, 2560638.581420936621726 ], [ 461097.720706831198186, 2560877.463411942124367 ], [ 460838.639188527246006, 2560840.501958954613656 ], [ 460660.364873330458067, 2561168.656204831786454 ], [ 460700.263493442558683, 2561548.267300302162766 ], [ 460593.844620580959599, 2561949.29855243768543 ], [ 460537.893211210728623, 2562466.436987380497158 ], [ 459872.234289515414275, 2562715.085887007880956 ], [ 460276.230795142648276, 2562987.444135654252023 ] ] ] } },
{ "type": "Feature", "properties": { "cluster": 287 }, "geometry": { "type": "Polygon", "coordinates": [ [ [ 441571.344401968643069, 2670971.481236418709159 ], [ 441659.756855696788989, 2671224.671087757218629 ], [ 442077.516772933362518, 2671273.895898904185742 ], [ 442253.683225906454027, 2671373.936336573213339 ], [ 442241.698788243462332, 2671174.686104751657695 ], [ 442236.987648398266174, 2671015.266154846642166 ], [ 442438.553103483223822, 2670612.530123198404908 ], [ 442465.469895366346464, 2670485.091574687045068 ], [ 442310.202227551257238, 2670530.008796571288258 ], [ 441852.598605875391513, 2670432.22194907348603 ], [ 441487.701761841133703, 2669902.253967582713813 ], [ 441605.008206952130422, 2670509.633719046134502 ], [ 441529.19989878492197, 2670605.165631792973727 ], [ 441571.344401968643069, 2670971.481236418709159 ] ] ] } },
{ "type": "Feature", "properties": { "cluster": 288 }, "geometry": { "type": "Polygon", "coordinates": [ [ [ 330613.195317949110176, 2731120.436268391553313 ], [ 330515.838264491700102, 2731270.058818015269935 ], [ 330351.460771909798495, 2731566.720069298055023 ], [ 330040.030707154539414, 2732250.670869868714362 ], [ 330442.222478654002771, 2732533.754688091110438 ], [ 330569.012941632186994, 2732557.682563286274672 ], [ 330986.79429001302924, 2732959.115865797735751 ], [ 331097.283009727951139, 2733057.463802945800126 ], [ 331176.93109682603972, 2733116.31032123696059 ], [ 331275.626276537659578, 2733243.603677195962518 ], [ 331375.13082804181613, 2733271.193614936899394 ], [ 331645.301905803615227, 2733270.125631757546216 ], [ 331856.136344481550623, 2733382.768877675756812 ], [ 332028.074795994325541, 2733292.067804989870638 ], [ 332599.061188081279397, 2733062.51268294500187 ], [ 332823.063428466790356, 2733008.855586774647236 ], [ 332971.024812127056066, 2733027.011057197581977 ], [ 333238.974669785646256, 2732925.200286350212991 ], [ 333293.651479642605409, 2732927.865917631890625 ], [ 333445.302253883157391, 2732747.703645535744727 ], [ 333733.81567382090725, 2732250.20766469463706 ], [ 333940.998686370323412, 2731804.646768629550934 ], [ 333821.233416818780825, 2731606.695442330092192 ], [ 333515.715217357501388, 2731363.341576467268169 ], [ 333392.290366394678131, 2731282.853369846474379 ], [ 333190.081377720460296, 2730794.571873790584505 ], [ 332405.743657446233556, 2730630.112005942966789 ], [ 331825.514692434808239, 2730355.773101028520614 ], [ 331874.07858808041783, 2729769.208507761359215 ], [ 331522.487429129658267, 2729739.131537878420204 ], [ 330947.054920430644415, 2730278.934861714020371 ], [ 330447.929668915690854, 2730019.171162895858288 ], [ 330746.234735215548426, 2730327.905928722582757 ], [ 330677.182759500516113, 2730724.201601166743785 ], [ 330655.465117528918199, 2731018.010677001904696 ], [ 330613.195317949110176, 2731120.436268391553313 ] ] ] } },
{ "type": "Feature", "properties": { "cluster": 289 }, "geometry": { "type": "Polygon", "coordinates": [ [ [ 306292.107280169497244, 2769997.573565877974033 ], [ 306197.495225055608898, 2770372.283712939824909 ], [ 306140.798598326859064, 2770644.528260243590921 ], [ 306095.908907578676008, 2771108.275455174501985 ], [ 306444.220809060207102, 2771186.425790927838534 ], [ 306574.276880500721745, 2770820.078132482245564 ], [ 306784.979185941338073, 2770445.94350547157228 ], [ 306879.260194750502706, 2770403.616919009014964 ], [ 307430.657407442166004, 2770137.686565066222101 ], [ 307462.611199669539928, 2769969.941880408674479 ], [ 307800.11175900651142, 2769637.247764815576375 ], [ 307540.275909560208675, 2769392.735494807828218 ], [ 307400.092489645408932, 2769473.372761768754572 ], [ 306750.642654954514001, 2769445.984489802271128 ], [ 306678.064467443095054, 2769738.392452021595091 ], [ 306292.107280169497244, 2769997.573565877974033 ] ] ] } },
{ "type": "Feature", "properties": { "cluster": 290 }, "geometry": { "type": "Polygon", "coordinates": [ [ [ 580890.603568795137107, 2522462.545166957657784 ], [ 580809.694648563629016, 2522430.008714447263628 ], [ 580638.425438442616723, 2522791.110814058221877 ], [ 580703.142855612095445, 2522973.015468592289835 ], [ 581027.085014265030622, 2523043.381629715207964 ], [ 581168.575511950533837, 2522878.076770600862801 ], [ 580890.603568795137107, 2522462.545166957657784 ] ] ] } },
{ "type": "Feature", "properties": { "cluster": 291 }, "geometry": { "type": "Polygon", "coordinates": [ [ [ 333699.856037085992284, 2704758.010170760564506 ], [ 333884.251634753658436, 2704574.169503114651889 ], [ 333454.33934260084061, 2704575.943110646214336 ], [ 333699.856037085992284, 2704758.010170760564506 ] ] ] } },
{ "type": "Feature", "properties": { "cluster": 292 }, "geometry": { "type": "Polygon", "coordinates": [ [ [ 522732.046788647712674, 2493057.847551942802966 ], [ 522776.398534417035989, 2492964.930086586624384 ], [ 522620.499178222205956, 2492697.926827081479132 ], [ 522248.94824383140076, 2492939.804644234478474 ], [ 522057.366985822562128, 2493168.66539052547887 ], [ 522593.759263939049561, 2493400.79571002535522 ], [ 522732.046788647712674, 2493057.847551942802966 ] ] ] } },
{ "type": "Feature", "properties": { "cluster": 293 }, "geometry": { "type": "Polygon", "coordinates": [ [ [ 519320.845368001144379, 2493500.383631476666778 ], [ 519297.105014984845184, 2493573.411864898167551 ], [ 519276.036897428042721, 2493975.204909643623978 ], [ 519504.32103389443364, 2493951.140388537663966 ], [ 519371.93568344094092, 2493753.93737277854234 ], [ 519320.845368001144379, 2493500.383631476666778 ] ] ] } },
{ "type": "Feature", "properties": { "cluster": 294 }, "geometry": { "type": "Polygon", "coordinates": [ [ [ 504496.679229856934398, 2499207.336120558902621 ], [ 504665.151853002957068, 2499498.512255578301847 ], [ 505009.500521786510944, 2499382.392031205818057 ], [ 504925.338258086121641, 2499017.073903517331928 ], [ 504622.245622608868871, 2498632.87081285007298 ], [ 504518.471819959464483, 2498500.006938545964658 ], [ 504560.465865420468617, 2498998.142975189723074 ], [ 504496.679229856934398, 2499207.336120558902621 ] ] ] } },
{ "type": "Feature", "properties": { "cluster": 295 }, "geometry": { "type": "Polygon", "coordinates": [ [ [ 508378.062876772950403, 2568744.31066558836028 ], [ 508372.025361697946209, 2568564.968389426823705 ], [ 508064.055379389203154, 2568595.794959371443838 ], [ 508039.260905444039963, 2569039.70064147002995 ], [ 508128.172714475251269, 2569213.552812495734543 ], [ 508561.971882296726108, 2569172.836282792966813 ], [ 508378.062876772950403, 2568744.31066558836028 ] ] ] } },
{ "type": "Feature", "properties": { "cluster": 296 }, "geometry": { "type": "Polygon", "coordinates": [ [ [ 564785.148026568698697, 2522503.659792521037161 ], [ 565221.25921470054891, 2522281.906987617723644 ], [ 564850.208675585221499, 2521689.158119759056717 ], [ 564686.709818377625197, 2521520.190622165799141 ], [ 564277.884711142629385, 2521597.052864716388285 ], [ 564085.394975051400252, 2521729.08292935974896 ], [ 563874.579012194299139, 2521826.720100558828562 ], [ 563835.821883395197801, 2522012.538916820660233 ], [ 563750.858190946979448, 2522203.698766718618572 ], [ 563662.492426765267737, 2522472.337288284674287 ], [ 564160.912055579945445, 2522559.679288784973323 ], [ 564413.342144763329998, 2522569.605530588887632 ], [ 564785.148026568698697, 2522503.659792521037161 ] ] ] } },
{ "type": "Feature", "properties": { "cluster": 297 }, "geometry": { "type": "Polygon", "coordinates": [ [ [ 532743.671074894606136, 2526224.189918412826955 ], [ 533264.71854239422828, 2526299.494134552776814 ], [ 533420.905087036429904, 2526193.566705360077322 ], [ 532856.728540025418624, 2526133.661420492455363 ], [ 532743.671074894606136, 2526224.189918412826955 ] ] ] } },
{ "type": "Feature", "properties": { "cluster": 298 }, "geometry": { "type": "Polygon", "coordinates": [ [ [ 513189.601521459117066, 2487610.544317665044218 ], [ 512941.41170858789701, 2487966.765277286525816 ], [ 513056.430059245962184, 2488180.499935245141387 ], [ 513348.513070332119241, 2488210.637476382777095 ], [ 513461.124297403264791, 2487639.559391158167273 ], [ 513189.601521459117066, 2487610.544317665044218 ] ] ] } },
{ "type": "Feature", "properties": { "cluster": 299 }, "geometry": { "type": "Polygon", "coordinates": [ [ [ 560285.178585005342029, 2478799.50488358316943 ], [ 560573.738008107058704, 2478704.325658093672246 ], [ 560715.719441134133376, 2478718.166117605753243 ], [ 560651.420229982119054, 2478317.189011721871793 ], [ 560474.454057985683903, 2478036.431741855107248 ], [ 560461.895478967227973, 2477826.05768869491294 ], [ 560234.882564755389467, 2478235.859238680452108 ], [ 559742.395256810938008, 2478630.2455536830239 ], [ 560285.178585005342029, 2478799.50488358316943 ] ] ] } },
{ "type": "Feature", "properties": { "cluster": 300 }, "geometry": { "type": "Polygon", "coordinates": [ [ [ 293500.303861710825004, 2834274.474552079569548 ], [ 293665.439896133262664, 2834492.423049173783511 ], [ 294179.965179220249411, 2833981.379890186246485 ], [ 294462.180517268483527, 2834104.447521360125393 ], [ 294526.488030994078144, 2834169.939484357368201 ], [ 294584.90817403641995, 2834049.364036284852773 ], [ 294504.362795378547162, 2833582.995137976016849 ], [ 294369.664518428966403, 2833253.757710780482739 ], [ 294296.613994305604137, 2833142.969692679587752 ], [ 293935.968911111354828, 2833147.44004520913586 ], [ 293906.700156607548706, 2833139.028482238762081 ], [ 293981.064619614568073, 2833399.386405306402594 ], [ 293915.835956972907297, 2833664.12181238969788 ], [ 293885.767068518325686, 2833928.313170149922371 ], [ 293500.303861710825004, 2834274.474552079569548 ] ] ] } },
{ "type": "Feature", "properties": { "cluster": 310 }, "geometry": { "type": "Polygon", "coordinates": [ [ [ 277910.597965884022415, 2789926.029858977068216 ], [ 278121.673271312261932, 2790195.173353664577007 ], [ 278445.839354060008191, 2790044.70129800401628 ], [ 278187.445561246946454, 2789717.596508890390396 ], [ 277969.590444911736995, 2789650.244125466793776 ], [ 277804.942423962522298, 2789630.780563997104764 ], [ 277910.597965884022415, 2789926.029858977068216 ] ] ] } },
{ "type": "Feature", "properties": { "cluster": 301 }, "geometry": { "type": "Polygon", "coordinates": [ [ [ 371621.982268573192414, 2770500.933336418587714 ], [ 371864.513305658241734, 2770218.440609651617706 ], [ 372077.603742284525651, 2770131.159908844623715 ], [ 372663.527418225537986, 2769773.478190044406801 ], [ 372458.977206452866085, 2769479.668076977599412 ], [ 372343.608071540074889, 2769335.655322298873216 ], [ 372335.432742679375224, 2769324.656115488614887 ], [ 372266.524781991553027, 2768969.772914180066437 ], [ 371893.059843400202226, 2768851.438301190268248 ], [ 371532.2806917046546, 2768902.451698606368154 ], [ 371136.264570122177247, 2769282.754532728809863 ], [ 370809.364073591073975, 2769286.950294265057892 ], [ 370299.343957251985557, 2769453.489389650523663 ], [ 370035.014089029282331, 2769224.962717853486538 ], [ 370174.894391509878915, 2769524.448849335312843 ], [ 370051.31871351506561, 2770005.203070919495076 ], [ 369933.728247256251052, 2770371.822014082223177 ], [ 370006.801936008618213, 2770416.536541078705341 ], [ 370087.703941782587208, 2770435.70274998433888 ], [ 370395.798521915043239, 2770685.30080442270264 ], [ 370583.080659458297305, 2770963.739575766492635 ], [ 370642.434341490734369, 2771051.782655963674188 ], [ 370908.405330247594975, 2771010.499416780658066 ], [ 371370.318931805959437, 2770776.871642082929611 ], [ 371399.054552612244152, 2770721.222472820430994 ], [ 371621.982268573192414, 2770500.933336418587714 ] ] ] } },
{ "type": "Feature", "properties": { "cluster": 302 }, "geometry": { "type": "Polygon", "coordinates": [ [ [ 351863.079942895972636, 2743629.247010929509997 ], [ 352128.142344004649203, 2743833.529779104981571 ], [ 352169.077410449797753, 2743879.611288181971759 ], [ 352521.531567753409036, 2744315.565004520583898 ], [ 352633.691724333795719, 2743931.131327098235488 ], [ 352623.605933176004328, 2743554.649389205500484 ], [ 352066.778993441548664, 2743579.434893946163356 ], [ 351863.079942895972636, 2743629.247010929509997 ] ] ] } },
{ "type": "Feature", "properties": { "cluster": 303 }, "geometry": { "type": "Polygon", "coordinates": [ [ [ 362294.981652452610433, 2716095.046465379185975 ], [ 362294.989535692322534, 2716065.032246413175017 ], [ 362294.997423315886408, 2716035.018028520513326 ], [ 362265.011939392250497, 2716034.981530903838575 ], [ 362235.026451618643478, 2716034.94509765598923 ], [ 362205.034358546661679, 2716065.033698413986713 ], [ 362235.003188413451426, 2716124.987772960215807 ], [ 362367.004995671915822, 2716516.195576915983111 ], [ 362382.902977269375697, 2716382.027351424098015 ], [ 362294.972681359155104, 2716124.949942897539586 ], [ 362294.981652452610433, 2716095.046465379185975 ] ] ] } },
{ "type": "Feature", "properties": { "cluster": 304 }, "geometry": { "type": "Polygon", "coordinates": [ [ [ 515552.329902223078534, 2546765.795238063205034 ], [ 515875.147014725313056, 2546700.819964932277799 ], [ 515416.481543745612726, 2546353.849284125957638 ], [ 515184.879364237422124, 2546390.144327393732965 ], [ 515463.410126806702465, 2546552.051395425572991 ], [ 515552.329902223078534, 2546765.795238063205034 ] ] ] } },
{ "type": "Feature", "properties": { "cluster": 305 }, "geometry": { "type": "Polygon", "coordinates": [ [ [ 349517.997692236793227, 2792079.534620981663465 ], [ 349539.465322199917864, 2792288.651120772119612 ], [ 349590.561626459704712, 2792444.268669178709388 ], [ 349978.9541418676381, 2792127.585878118872643 ], [ 349903.045628406223841, 2792005.473234094679356 ], [ 349625.803570819902234, 2791717.226417812984437 ], [ 349441.413277293322608, 2791715.953315766528249 ], [ 349323.896973733673804, 2791839.108141854405403 ], [ 349517.997692236793227, 2792079.534620981663465 ] ] ] } },
{ "type": "Feature", "properties": { "cluster": 306 }, "geometry": { "type": "Polygon", "coordinates": [ [ [ 446758.104047396860551, 2557399.087238270323724 ], [ 447127.210362685204018, 2557539.479809130076319 ], [ 447163.737612161843572, 2557445.250468625687063 ], [ 447151.84414197539445, 2557267.055943707935512 ], [ 446982.333088280574884, 2557108.24001202872023 ], [ 446791.924771779449657, 2556545.423651953693479 ], [ 446832.450444884190802, 2556999.173770321533084 ], [ 446809.751470602350309, 2557238.379510472994298 ], [ 446758.104047396860551, 2557399.087238270323724 ] ] ] } },
{ "type": "Feature", "properties": { "cluster": 307 }, "geometry": { "type": "Polygon", "coordinates": [ [ [ 311995.084009818383493, 2812953.533520136028528 ], [ 311872.376845529302955, 2812741.420505901332945 ], [ 311761.08593030879274, 2812195.657772754319012 ], [ 311616.42952049622545, 2812356.122948688454926 ], [ 311456.029699483362492, 2812828.143444095738232 ], [ 311649.426257835002616, 2812843.154717405792326 ], [ 311995.084009818383493, 2812953.533520136028528 ] ] ] } },
{ "type": "Feature", "properties": { "cluster": 308 }, "geometry": { "type": "MultiPolygon", "coordinates": [ [ [ [ 332265.511310780886561, 2707591.89116783766076 ], [ 332371.645171336946078, 2707650.435412602964789 ], [ 332891.150919565698132, 2707943.300961358007044 ], [ 332403.446353304898366, 2707427.41307824710384 ], [ 332383.153773012221791, 2707341.257422355934978 ], [ 332348.517212143167853, 2707327.272004128433764 ], [ 332241.61303704167949, 2707373.965835259296 ], [ 332265.511310780886561, 2707591.89116783766076 ] ] ], [ [ [ 332891.150919565698132, 2707943.300961358007044 ], [ 333216.849422581028193, 2707967.11177828675136 ], [ 333313.774609579821117, 2708019.126327223610133 ], [ 333335.415158839314245, 2707963.485535627231002 ], [ 333265.839481019065715, 2707568.87625992204994 ], [ 332891.150919565698132, 2707943.300961358007044 ] ] ] ] } },
{ "type": "Feature", "properties": { "cluster": 309 }, "geometry": { "type": "MultiPolygon", "coordinates": [ [ [ [ 348800.624276237969752, 2779958.275542099028826 ], [ 349015.017354569747113, 2780104.323356110602617 ], [ 348935.16571899439441, 2779724.166448096279055 ], [ 348472.167054408346303, 2779802.424366446211934 ], [ 348800.624276237969752, 2779958.275542099028826 ] ] ], [ [ [ 347401.370269200997427, 2780353.843650029040873 ], [ 347745.583139379275963, 2780295.708030999172479 ], [ 347989.429525434970856, 2780099.133951412979513 ], [ 348107.254213171137962, 2779994.802216584794223 ], [ 347720.896215752116404, 2780072.230734781362116 ], [ 347225.900685376604088, 2779724.428413809742779 ], [ 347401.370269200997427, 2780353.843650029040873 ] ] ] ] } },
{ "type": "Feature", "properties": { "cluster": 311 }, "geometry": { "type": "Polygon", "coordinates": [ [ [ 443327.550303515046835, 2722743.716938160359859 ], [ 443255.193424131663051, 2722872.456447831820697 ], [ 443297.930224616022315, 2723175.677783547900617 ], [ 443321.438535702298395, 2723480.084894568659365 ], [ 443334.396152486384381, 2723679.343147325795144 ], [ 443371.093654356256593, 2723494.277447571977973 ], [ 443761.538551024976186, 2723179.333353228401393 ], [ 443775.686928640119731, 2723173.739786199759692 ], [ 443833.965393322054297, 2723067.205444296356291 ], [ 443799.994942228484433, 2722926.717768396716565 ], [ 443327.550303515046835, 2722743.716938160359859 ] ] ] } },
{ "type": "Feature", "properties": { "cluster": 312 }, "geometry": { "type": "Polygon", "coordinates": [ [ [ 303258.301033646275755, 2781349.720965063665062 ], [ 302936.079730634461157, 2780829.218627558089793 ], [ 302954.99804017849965, 2781508.119766026735306 ], [ 302393.932997980504297, 2781487.458087756764144 ], [ 301921.746839079947677, 2781613.990628036204726 ], [ 301908.243391480878927, 2781656.289935116190463 ], [ 301942.303610403905623, 2781917.272306497674435 ], [ 302340.234012051427271, 2782164.093374802265316 ], [ 302916.050394192920066, 2782299.763983347453177 ], [ 303091.709874698426574, 2782103.325377713888884 ], [ 303042.691587914014235, 2781852.530234950594604 ], [ 303084.535610063001513, 2781608.17417861847207 ], [ 303258.301033646275755, 2781349.720965063665062 ] ] ] } },
{ "type": "Feature", "properties": { "cluster": 313 }, "geometry": { "type": "MultiPolygon", "coordinates": [ [ [ [ 546113.478381028398871, 2504619.446859964169562 ], [ 546086.056507470086217, 2504854.04445176012814 ], [ 546263.167191574233584, 2505066.013202888891101 ], [ 546534.365246087079868, 2505419.964283430017531 ], [ 546531.622773697366938, 2505645.780693259555846 ], [ 546555.757773782126606, 2505817.436788902617991 ], [ 546461.666121369926259, 2506351.8240010519512 ], [ 546457.476344066089951, 2506716.009409787598997 ], [ 546949.083482593647204, 2506875.81169139733538 ], [ 547070.721221317537129, 2507408.64682319900021 ], [ 547359.507367367623374, 2508033.881116227246821 ], [ 547619.591013698023744, 2507973.805873776320368 ], [ 547882.348829420749098, 2508044.368139469064772 ], [ 547962.055558102903888, 2507850.895245837047696 ], [ 548341.994669321109541, 2507574.239273846149445 ], [ 548837.380931818392128, 2507501.647507742512971 ], [ 549075.161476448061876, 2507034.153083215467632 ], [ 549377.392996739712544, 2506655.429691719822586 ], [ 549760.415709553402849, 2506395.42300530616194 ], [ 549472.470758522744291, 2505847.634989690035582 ], [ 549751.940713369753212, 2505527.515537930652499 ], [ 549823.975559862563387, 2505492.326576844323426 ], [ 549571.732539984048344, 2505336.527848642785102 ], [ 549268.88997408549767, 2505258.059382836334407 ], [ 548998.619036311516538, 2504953.875967342406511 ], [ 548418.309235137305222, 2504563.474665896967053 ], [ 548271.606436092173681, 2504165.603031143080443 ], [ 548280.749192836810835, 2503873.38788833655417 ], [ 547975.767701226519421, 2503810.436958599835634 ], [ 547815.503792545176111, 2503799.972184481099248 ], [ 547751.655033236835152, 2503845.159026490524411 ], [ 547516.051475985790603, 2503940.732746892143041 ], [ 546926.114059023209848, 2503984.297371985390782 ], [ 546547.906060591922142, 2504009.70902616949752 ], [ 546328.710625457926653, 2504458.478141858708113 ], [ 546113.478381028398871, 2504619.446859964169562 ] ] ], [ [ [ 543711.720598347252235, 2510903.374337591230869 ], [ 543624.751444251742214, 2511146.662319578696042 ], [ 544050.199579767300747, 2511414.669867960736156 ], [ 544315.189116231165826, 2511408.796089828945696 ], [ 544569.675702179898508, 2511482.599381864070892 ], [ 545089.502399001037702, 2511083.398269973229617 ], [ 545646.326550968573429, 2511371.765843336470425 ], [ 545890.951301773544401, 2511649.248065631836653 ], [ 546252.692333530285396, 2511234.112971136812121 ], [ 546444.502570922253653, 2510977.874294262845069 ], [ 546507.239812729298137, 2510612.75863559031859 ], [ 546551.079824491054751, 2510382.638423846103251 ], [ 546734.586907370015979, 2510159.58768371399492 ], [ 546867.767087703454308, 2509937.491352286189795 ], [ 546940.055422861129045, 2509477.20583860995248 ], [ 547148.041757905273698, 2508983.02285833703354 ], [ 547118.279033832950518, 2508641.97827505460009 ], [ 547359.507367367623374, 2508033.881116227246821 ], [ 546910.633997477241792, 2508355.735554978717119 ], [ 546174.682838379754685, 2508165.303483876865357 ], [ 545836.591989616281353, 2507865.398184461053461 ], [ 545854.603991594165564, 2507340.741051062010229 ], [ 545670.667996237520128, 2507013.629239194095135 ], [ 545557.485090109403245, 2507073.06834211293608 ], [ 544998.899173403624445, 2506979.532503007911146 ], [ 544601.528420640621334, 2506909.733847024850547 ], [ 544341.552166821435094, 2506931.116466233506799 ], [ 544196.781182667356916, 2507612.598285806830972 ], [ 543662.66296270606108, 2507588.921787012368441 ], [ 544027.62214048858732, 2507850.110930115450174 ], [ 543928.481296017649584, 2508388.92632975615561 ], [ 543496.82502792624291, 2508466.285832726862282 ], [ 543195.907703616656363, 2508445.505467447917908 ], [ 542916.000896763289347, 2508258.74274889100343 ], [ 542971.388803498237394, 2508652.984419982880354 ], [ 542658.689257104182616, 2509173.496006148867309 ], [ 542715.268284115125425, 2509510.177272316068411 ], [ 542223.761323443846777, 2510072.263404555618763 ], [ 542072.712813194491901, 2510095.092607978265733 ], [ 542394.736968808108941, 2510270.887874483596534 ], [ 542695.154108661226928, 2510457.699447480496019 ], [ 542741.260582092101686, 2511230.504392097704113 ], [ 542793.809640028630383, 2510438.05027532344684 ], [ 543148.152524462086149, 2510439.048843345139176 ], [ 543711.720598347252235, 2510903.374337591230869 ] ] ], [ [ [ 542861.056170380441472, 2512821.581086211837828 ], [ 543177.532740766648203, 2512757.162573163863271 ], [ 543408.300619815825485, 2512859.661404548212886 ], [ 543532.619018877856433, 2512479.212071424815804 ], [ 543804.27968692034483, 2512289.58869600109756 ], [ 543820.393991768825799, 2512042.776597639545798 ], [ 543194.294810011633672, 2511915.89933154406026 ], [ 543181.159128787810914, 2511477.495240622665733 ], [ 542741.260582092101686, 2511230.504392097704113 ], [ 542714.222848243662156, 2511349.983076650183648 ], [ 542632.264684330439195, 2511644.211901098489761 ], [ 542304.178748061065562, 2511813.773480421863496 ], [ 542534.666950390790589, 2512023.635501760058105 ], [ 542897.763744189403951, 2512185.166522725019604 ], [ 542861.056170380441472, 2512821.581086211837828 ] ] ] ] } },
{ "type": "Feature", "properties": { "cluster": 314 }, "geometry": { "type": "Polygon", "coordinates": [ [ [ 531893.588298422866501, 2607137.252974190283567 ], [ 532023.006953280651942, 2607218.353824760299176 ], [ 532190.415320464060642, 2607656.024185719899833 ], [ 532552.707570645492524, 2607634.684701995458454 ], [ 532720.289333526045084, 2607529.884779726155102 ], [ 532770.321778080193326, 2607515.604620048310608 ], [ 533071.38866995065473, 2607496.354988258332014 ], [ 533215.377800058573484, 2607447.969243029132485 ], [ 533702.977391215623356, 2607075.993795806542039 ], [ 533650.773001828580163, 2606702.782107578590512 ], [ 533505.312530099181458, 2606498.742450111545622 ], [ 533411.956631324952468, 2606267.145918949972838 ], [ 533478.102398624178022, 2605903.062935797031969 ], [ 533384.742111603962258, 2605671.466789525467902 ], [ 533450.778268850175664, 2605356.095792334061116 ], [ 533010.72536845097784, 2605439.235359285026789 ], [ 532638.631775178248063, 2605254.623010739684105 ], [ 532438.680327138281427, 2605678.194969614502043 ], [ 531902.597117009805515, 2605814.295497051905841 ], [ 531353.848303000442684, 2606150.772183014079928 ], [ 531235.528618214302696, 2606122.84168185479939 ], [ 531430.583527107723057, 2606533.991134708281606 ], [ 531386.405829323455691, 2606672.282926607411355 ], [ 531654.53074661095161, 2606792.427077970933169 ], [ 531893.588298422866501, 2607137.252974190283567 ] ] ] } },
{ "type": "Feature", "properties": { "cluster": 315 }, "geometry": { "type": "Polygon", "coordinates": [ [ [ 512702.256962971005123, 2492342.271918643265963 ], [ 512541.006663540785667, 2492110.790011082775891 ], [ 512516.515167280158494, 2491880.527547609992325 ], [ 512428.267051201604772, 2491650.213519892655313 ], [ 512386.098782051180024, 2491659.034970058593899 ], [ 512085.765899986494333, 2491739.602189819794148 ], [ 511647.801304592983797, 2491610.859774134587497 ], [ 511670.180743214150425, 2491931.887749593704939 ], [ 512057.826047078531701, 2491963.181072358507663 ], [ 512315.799715794855729, 2492124.998093738686293 ], [ 512702.256962971005123, 2492342.271918643265963 ] ] ] } },
{ "type": "Feature", "properties": { "cluster": 316 }, "geometry": { "type": "Polygon", "coordinates": [ [ [ 521923.044247509737033, 2529325.248386544641107 ], [ 521467.115995664789807, 2528939.362996225245297 ], [ 521401.686409345944412, 2528782.078253872692585 ], [ 521497.618159056117292, 2528409.160102487076074 ], [ 521233.852302542887628, 2528496.239415709860623 ], [ 521042.868482327205129, 2528623.275857988279313 ], [ 520639.428776037879288, 2528833.047206737101078 ], [ 520328.22755480237538, 2529113.800042619928718 ], [ 520265.616651707445271, 2529141.390650771558285 ], [ 520175.723774010315537, 2529627.237244061660022 ], [ 520342.735867497860454, 2529766.941309668589383 ], [ 520392.175080793211237, 2530376.957671269308776 ], [ 520846.815162775281351, 2530941.034735772293061 ], [ 520936.203930468880571, 2530829.352507830131799 ], [ 521184.809015978884418, 2530551.844950720202178 ], [ 521377.77274740638677, 2530459.129666285589337 ], [ 521685.997036630404182, 2530103.11863633338362 ], [ 521938.632824950385839, 2529893.155493239872158 ], [ 522108.059365811117459, 2529771.633660466875881 ], [ 521923.044247509737033, 2529325.248386544641107 ] ] ] } },
{ "type": "Feature", "properties": { "cluster": 317 }, "geometry": { "type": "Polygon", "coordinates": [ [ [ 459521.039284913626034, 2578807.125157294794917 ], [ 459793.951546899334062, 2578779.811537144239992 ], [ 460044.377533322491217, 2578754.777796818409115 ], [ 460489.335503008682281, 2578448.032689796295017 ], [ 460554.61218921339605, 2578388.0769855780527 ], [ 460356.510050345968921, 2578100.768945647403598 ], [ 459943.801904411171563, 2577859.432331928052008 ], [ 459748.723683621210512, 2577186.865038632415235 ], [ 459299.886957953858655, 2576834.937622980214655 ], [ 458998.844499816710595, 2577056.074193171225488 ], [ 458523.570884670014493, 2577495.796444286592305 ], [ 458591.502072284871247, 2577655.024111541453749 ], [ 458997.14866826182697, 2577920.698509179055691 ], [ 459462.070970804896206, 2578181.79312407784164 ], [ 459521.039284913626034, 2578807.125157294794917 ] ] ] } },
{ "type": "Feature", "properties": { "cluster": 318 }, "geometry": { "type": "Polygon", "coordinates": [ [ [ 634147.962782787741162, 2689823.654988104011863 ], [ 633692.438886045245454, 2690128.320217117201537 ], [ 633887.276859650039114, 2690343.910816923715174 ], [ 634087.610251266043633, 2690194.087767265737057 ], [ 634544.15615290554706, 2689889.44463761895895 ], [ 634147.962782787741162, 2689823.654988104011863 ] ] ] } },
{ "type": "Feature", "properties": { "cluster": 319 }, "geometry": { "type": "Polygon", "coordinates": [ [ [ 327173.877369182533585, 2712491.107691760640591 ], [ 326923.348419812158681, 2712802.149240598548204 ], [ 326683.059608117444441, 2713120.823226154781878 ], [ 326243.201196797192097, 2713444.196885509882122 ], [ 326328.17210730392253, 2713594.89775408199057 ], [ 326399.566274884273298, 2713876.477883780840784 ], [ 326279.752157908398658, 2714346.530009916052222 ], [ 326408.400900221138727, 2714832.325772843789309 ], [ 326825.528512651333585, 2714885.857853936031461 ], [ 327393.393747025402263, 2714346.02215287508443 ], [ 327538.577800964005291, 2714368.599126572720706 ], [ 328066.737359968945384, 2714633.478336757048965 ], [ 328112.929589124862105, 2714434.630783357191831 ], [ 327975.384132172563113, 2714209.243811300955713 ], [ 328245.788705517654307, 2713701.912661725655198 ], [ 328540.301892829767894, 2713588.634337414521724 ], [ 328741.570804117887747, 2713639.336552929598838 ], [ 328903.285753224627115, 2713770.280046812258661 ], [ 329264.391149354167283, 2713716.017902952153236 ], [ 329213.931996135332156, 2713650.172506610397249 ], [ 329120.069275979476515, 2713183.871208125725389 ], [ 329084.953209931321908, 2713046.945969832595438 ], [ 328721.524180656531826, 2712912.931070944759995 ], [ 328853.395481302577537, 2712178.020126125309616 ], [ 328581.78870658861706, 2712012.976115433964878 ], [ 328049.408767363289371, 2711576.430126654915512 ], [ 327601.407746291835792, 2711821.207832038402557 ], [ 327180.315221853496041, 2712191.947161345276982 ], [ 327173.877369182533585, 2712491.107691760640591 ] ] ] } },
{ "type": "Feature", "properties": { "cluster": 321 }, "geometry": { "type": "Polygon", "coordinates": [ [ [ 439081.083813328004908, 2638180.011867903638631 ], [ 439210.906262421689462, 2638297.932345133740455 ], [ 439328.56944028561702, 2638672.770557960495353 ], [ 439896.983371378330048, 2638724.642421738710254 ], [ 440398.35815325420117, 2638325.085393936373293 ], [ 440309.092537344666198, 2637670.006239206995815 ], [ 440302.817674361052923, 2637630.17387444479391 ], [ 439925.910933948121965, 2637601.844355289358646 ], [ 439510.374763258907478, 2637104.24355697305873 ], [ 439630.673876974033192, 2637865.477482156362385 ], [ 439119.811445159662981, 2637946.233711530454457 ], [ 439081.083813328004908, 2638180.011867903638631 ] ] ] } },
{ "type": "Feature", "properties": { "cluster": 322 }, "geometry": { "type": "Polygon", "coordinates": [ [ [ 529142.164973464910872, 2482133.200066512450576 ], [ 529183.323556415503845, 2482133.277799859177321 ], [ 529637.32220221683383, 2482016.807476343587041 ], [ 529705.658125782618299, 2481796.658880362752825 ], [ 529163.85841893509496, 2481543.245422224514186 ], [ 528780.155517596402206, 2481480.537440381012857 ], [ 528984.001547285122797, 2481974.610857928171754 ], [ 529142.164973464910872, 2482133.200066512450576 ] ] ] } },
{ "type": "Feature", "properties": { "cluster": 323 }, "geometry": { "type": "Polygon", "coordinates": [ [ [ 405970.397005800099578, 2789609.31654008012265 ], [ 405822.454574167844839, 2789196.152001754380763 ], [ 405658.939755601226352, 2788862.834928196854889 ], [ 405192.442377474042587, 2789290.251566243357956 ], [ 405050.988057589391246, 2789375.409967822022736 ], [ 404602.843038907740265, 2789399.60067276796326 ], [ 404906.317171313101426, 2790006.575088877696544 ], [ 405009.693869975104462, 2790382.389370803721249 ], [ 405110.262567601981573, 2790933.204435937106609 ], [ 405120.632178934465628, 2791119.186852852348238 ], [ 405010.60036753420718, 2791516.433402003720403 ], [ 405037.930938102770597, 2791679.03996955929324 ], [ 405129.276785087888129, 2792064.907001723069698 ], [ 404879.622946708230302, 2792515.186483695637435 ], [ 404163.417046542046592, 2792504.736672305501997 ], [ 404531.419988232664764, 2792984.993785773403943 ], [ 404564.50779081066139, 2793106.582570396363735 ], [ 404597.798159135098103, 2793256.964366529136896 ], [ 404609.673148922156543, 2793369.84311395464465 ], [ 404877.626362543320283, 2793806.515845777466893 ], [ 405403.549890871043317, 2794123.993556471075863 ], [ 405618.05450697109336, 2794411.544968253932893 ], [ 405846.370458055578638, 2794659.134267827030271 ], [ 405969.766648544929922, 2794880.877392836846411 ], [ 405934.535369644756429, 2795172.38816535519436 ], [ 406158.019910500210244, 2795016.895584157668054 ], [ 406657.166898770607077, 2794968.032424614299089 ], [ 407193.351473711663857, 2795033.002831758465618 ], [ 407036.775572666607331, 2795840.317832669708878 ], [ 407525.147901594405994, 2795398.408071753103286 ], [ 407943.283356521395035, 2795580.500069741159678 ], [ 408100.229045447951648, 2796003.591936438344419 ], [ 408438.487103849009145, 2795992.435268925968558 ], [ 408811.498146032332443, 2796206.97559214476496 ], [ 409098.450735943741165, 2796502.949769131373614 ], [ 409277.75101189839188, 2796663.434166657738388 ], [ 409525.004366787325125, 2797048.280848170630634 ], [ 409794.259644960402511, 2797563.66560697183013 ], [ 410082.744565504952334, 2797946.0313700591214 ], [ 410200.927437611622736, 2798155.662936065346003 ], [ 410509.062261959072202, 2798012.968402884434909 ], [ 410898.701362568303011, 2798014.820524664130062 ], [ 411099.867443100432865, 2798138.637306216172874 ], [ 411303.994149285543244, 2798100.748094778042287 ], [ 411764.158178853453137, 2798572.832595267798752 ], [ 411286.830947991460562, 2799012.302397293969989 ], [ 411872.441385278245434, 2799275.362814251799136 ], [ 412170.312088839360513, 2799876.986588359810412 ], [ 412060.51740008109482, 2800020.564613246824592 ], [ 411840.066375762573443, 2800174.833741253241897 ], [ 411257.348632757144514, 2800651.543266979046166 ], [ 411852.484511614893563, 2800842.552969362121075 ], [ 412097.605570722545963, 2800922.904836510308087 ], [ 412398.091219373629428, 2801314.098189229611307 ], [ 412570.257440619636327, 2801631.929617572575808 ], [ 412748.459028304379899, 2802105.876262030098587 ], [ 412804.354380808712449, 2802344.726448295172304 ], [ 412791.848709054291248, 2802589.556774458382279 ], [ 413427.693535676458851, 2802867.858675454743207 ], [ 413474.392252056277357, 2802930.683971436694264 ], [ 414085.266311570187099, 2803243.507672269362956 ], [ 414660.755542768747546, 2803217.699872136116028 ], [ 414129.546183476108126, 2802927.599110608920455 ], [ 414331.451308268820867, 2802392.518246036488563 ], [ 414368.829176612664014, 2802256.063235439825803 ], [ 414074.161062633502297, 2801659.91131729260087 ], [ 413836.939902723068371, 2801709.046551801264286 ], [ 413445.100364993209951, 2801033.791901967022568 ], [ 413856.41535945830401, 2800504.007366697769612 ], [ 413741.655691956984811, 2800188.008128225337714 ], [ 413690.384336053801235, 2800041.044330653268844 ], [ 413677.929769897600636, 2799825.1698779896833 ], [ 413762.336845344863832, 2799644.114480220712721 ], [ 413650.04958980914671, 2799401.192352416925132 ], [ 413112.615908865991514, 2799108.951930848881602 ], [ 413111.791010893182829, 2798668.189177345484495 ], [ 413419.954322418081574, 2798370.517656536772847 ], [ 413967.134749198681675, 2798451.184886310249567 ], [ 414091.657249197363853, 2798560.029574797488749 ], [ 414011.189810851297807, 2798413.250659292098135 ], [ 414277.245433802774642, 2797822.393031628336757 ], [ 414545.500855182704981, 2797734.310904028359801 ], [ 414673.684496176370885, 2797307.131391331553459 ], [ 414916.210540969972499, 2797128.408857917413116 ], [ 414579.467720762069803, 2796896.862910388968885 ], [ 414524.967370094440412, 2796764.978176475036889 ], [ 414494.974529575207271, 2796735.045392044819891 ], [ 414260.029333283368032, 2796379.492818592116237 ], [ 414195.024229947768617, 2795624.956712564453483 ], [ 414277.87692544516176, 2795383.782013641670346 ], [ 414548.542564136092551, 2795032.113934258464724 ], [ 414391.72754189115949, 2794916.824334204662591 ], [ 414192.843429612228647, 2794678.876704692374915 ], [ 414168.225725847238209, 2794608.156305838841945 ], [ 413684.587456557084806, 2794566.938179938588291 ], [ 413331.287353334191721, 2794436.304843282792717 ], [ 412771.520073812163901, 2794147.538131854496896 ], [ 412738.952097317669541, 2794094.590615602675825 ], [ 412322.493448327411897, 2794167.054662600159645 ], [ 412278.327982389950193, 2794189.490242672152817 ], [ 411675.98323184158653, 2794017.326880828011781 ], [ 411213.475599089520983, 2793978.273027205839753 ], [ 411012.451076741563156, 2793425.866435518488288 ], [ 411253.189122992393095, 2793124.164046694524586 ], [ 411494.242513367382344, 2793022.913549700286239 ], [ 411478.794527777354233, 2792509.156077614985406 ], [ 411001.710452158178668, 2791946.377085429150611 ], [ 410549.790002808498684, 2791386.769892671145499 ], [ 410599.831061260425486, 2790880.332694465760142 ], [ 410160.969657279900275, 2790322.86600875062868 ], [ 409729.131501001422293, 2789766.473245720844716 ], [ 409229.102106467995327, 2789713.335113685112447 ], [ 408799.221055650501512, 2789156.957169458270073 ], [ 408237.103531732689589, 2789609.274093475658447 ], [ 408063.293634369620122, 2789827.514935834333301 ], [ 407762.292558530927636, 2790006.755427076481283 ], [ 407422.354349053231999, 2790088.812404447700828 ], [ 406645.731349073699676, 2789953.496150780469179 ], [ 406304.782162245304789, 2789743.21743264561519 ], [ 405970.397005800099578, 2789609.31654008012265 ] ] ] } },
{ "type": "Feature", "properties": { "cluster": 324 }, "geometry": { "type": "Polygon", "coordinates": [ [ [ 392210.744690783612896, 2728733.388113060966134 ], [ 392841.556696952146012, 2728518.095506727695465 ], [ 393145.584587166784331, 2728180.203381738625467 ], [ 393033.13502062758198, 2727901.99766293913126 ], [ 393195.009544723550789, 2727434.969688219483942 ], [ 392722.732632705476135, 2727808.044961141422391 ], [ 392397.918457466410473, 2728205.908361005131155 ], [ 392286.74428496271139, 2728355.165341545827687 ], [ 392210.744690783612896, 2728733.388113060966134 ] ] ] } },
{ "type": "Feature", "properties": { "cluster": 325 }, "geometry": { "type": "Polygon", "coordinates": [ [ [ 373925.482521828031167, 2758558.917155717499554 ], [ 374159.931793379015289, 2759127.147653725463897 ], [ 374299.974494321271777, 2759422.684180560521781 ], [ 374427.70829994889209, 2759587.644928112626076 ], [ 374433.857700467051473, 2759597.556476186495274 ], [ 374804.909937097341754, 2759759.187006038147956 ], [ 374825.214645696338266, 2759771.184551580343395 ], [ 375073.845987007196527, 2759907.359220144338906 ], [ 375407.564691788284108, 2759740.407243283465505 ], [ 375396.293912560620811, 2759500.174354518763721 ], [ 375390.014368723728694, 2759475.8656269274652 ], [ 375311.291204534994904, 2759369.150200836826116 ], [ 375480.600816560443491, 2758776.188233559951186 ], [ 375597.094950176309794, 2758370.881438735872507 ], [ 375982.447042869171128, 2758213.445717298891395 ], [ 376041.322093663853593, 2757799.804578794166446 ], [ 375611.062253270240035, 2757572.223638356663287 ], [ 375290.673219461459666, 2757545.22785601997748 ], [ 374994.528777144150808, 2757519.126169802155346 ], [ 374964.092346567485947, 2757503.897940682247281 ], [ 374547.192945353628602, 2757194.269641666207463 ], [ 374330.858808933291584, 2757171.882759695872664 ], [ 373775.31287464936031, 2756944.397002603858709 ], [ 373468.960223753470927, 2756908.453414129558951 ], [ 373435.012959990999661, 2757060.499401313718408 ], [ 373351.515120814321563, 2757424.54303707042709 ], [ 373365.323140260705259, 2757826.453256980516016 ], [ 373011.115572167385835, 2758183.032956889364868 ], [ 372820.961192498391028, 2758586.833059242460877 ], [ 373332.194725190871395, 2758394.928306904155761 ], [ 373799.660251986759249, 2758493.621590994298458 ], [ 373925.482521828031167, 2758558.917155717499554 ] ] ] } },
{ "type": "Feature", "properties": { "cluster": 327 }, "geometry": { "type": "Polygon", "coordinates": [ [ [ 288793.218240693677217, 2817434.10060557583347 ], [ 288561.049689003906678, 2817192.872246126644313 ], [ 288347.853141590370797, 2817134.184885959140956 ], [ 287929.144243804970756, 2816867.103656708728522 ], [ 287716.855725530534983, 2816612.275985089596361 ], [ 287501.919279356254265, 2816508.19603388523683 ], [ 287179.542952386895195, 2816544.339114218950272 ], [ 287069.91203868330922, 2816926.16368273133412 ], [ 286940.576935765217058, 2817396.952489485032856 ], [ 286237.256467218627222, 2817578.807858738582581 ], [ 286133.346021010889672, 2817560.520340451505035 ], [ 285757.337033320683986, 2817575.394070833921432 ], [ 285756.131400898855645, 2818003.149463037960231 ], [ 285433.421613614307716, 2818581.217845396138728 ], [ 285087.568216188519727, 2819094.288640280254185 ], [ 284968.715322751784697, 2819272.390305071603507 ], [ 284783.48891473619733, 2819638.835095022339374 ], [ 284618.81272031343542, 2819719.053675271105021 ], [ 284555.941230517579243, 2820249.754880897700787 ], [ 284400.115948121994734, 2820441.756430109962821 ], [ 284667.283374334569089, 2820293.396153279580176 ], [ 285248.158666579867713, 2820576.607384325470775 ], [ 285303.112993209157139, 2820741.945194135885686 ], [ 285311.192672709468752, 2820744.031791219953448 ], [ 285547.741474367212504, 2820630.532772185280919 ], [ 285856.036049586371519, 2820474.888995884452015 ], [ 286196.965497745084576, 2819843.345870772842318 ], [ 286516.355896348191891, 2820570.716158147435635 ], [ 286445.830369657021947, 2820626.139798427931964 ], [ 286718.575277583790012, 2820763.628438404761255 ], [ 286901.648761127959006, 2820891.469169589225203 ], [ 287059.618291561549995, 2820706.113819106481969 ], [ 287014.390707266051322, 2820139.476601923350245 ], [ 287478.018531868001446, 2819756.453837308101356 ], [ 287786.823467868031003, 2819947.689593224786222 ], [ 287821.767886321526021, 2819994.784346181433648 ], [ 288167.580872853868641, 2819728.899659375660121 ], [ 288465.946643735514954, 2819642.180330493953079 ], [ 288535.937976508983411, 2819170.128686916548759 ], [ 288454.856374198920093, 2819004.085597158875316 ], [ 288370.550865392899141, 2818634.202059470117092 ], [ 288466.03304663929157, 2818374.504395661875606 ], [ 288679.492164025374223, 2818068.621468670200557 ], [ 288661.778734861814883, 2817583.551431900355965 ], [ 288793.218240693677217, 2817434.10060557583347 ] ] ] } },
{ "type": "Feature", "properties": { "cluster": 328 }, "geometry": { "type": "Polygon", "coordinates": [ [ [ 275156.798576687928289, 2804178.217827199492604 ], [ 274975.644481007009745, 2804667.736000548582524 ], [ 275109.615517183556221, 2804850.564536054618657 ], [ 275152.93870359135326, 2805032.691276025027037 ], [ 275388.850487913005054, 2805048.70085378549993 ], [ 275510.639060003915802, 2805105.403224704321474 ], [ 275973.897581485449336, 2805349.243111379444599 ], [ 276405.322854007419664, 2805132.625549939461052 ], [ 276530.222163242578972, 2805013.085448739118874 ], [ 276389.195357925142162, 2804464.664523674175143 ], [ 276169.189662325254176, 2804133.650621173437685 ], [ 276168.760419817059301, 2804047.220141558907926 ], [ 276270.241786252008751, 2803547.96426985738799 ], [ 276604.820073385024443, 2803074.764231312088668 ], [ 276448.019866566755809, 2802790.348545406013727 ], [ 276015.993488876498304, 2802914.988742778543383 ], [ 275724.936001058667898, 2802855.55556760635227 ], [ 275411.687723300186917, 2802673.490465538576245 ], [ 275219.023224681033753, 2802595.805484203621745 ], [ 275108.296638454077765, 2802479.077436943072826 ], [ 275061.582241002004594, 2802637.218637371901423 ], [ 274782.275596628896892, 2802920.037270138505846 ], [ 274621.818412077031098, 2803142.140533962287009 ], [ 275016.290255088591948, 2803182.091737287119031 ], [ 275217.087873207172379, 2803445.811873212922364 ], [ 275204.06663670099806, 2803751.88709504250437 ], [ 275156.798576687928289, 2804178.217827199492604 ] ] ] } },
{ "type": "Feature", "properties": { "cluster": 329 }, "geometry": { "type": "Polygon", "coordinates": [ [ [ 346510.007388377212919, 2779106.640093173831701 ], [ 346657.042331535776611, 2778820.304193737916648 ], [ 346443.219031906337477, 2778818.284998247399926 ], [ 346044.677485265652649, 2778980.08207636512816 ], [ 346030.594093042658642, 2779250.519991693552583 ], [ 346400.022883524827193, 2779101.235276974737644 ], [ 346510.007388377212919, 2779106.640093173831701 ] ] ] } },
{ "type": "Feature", "properties": { "cluster": 330 }, "geometry": { "type": "Polygon", "coordinates": [ [ [ 378329.970472142740618, 2762717.775189282838255 ], [ 378325.00230343954172, 2762158.517739933915436 ], [ 378349.855924888106529, 2762115.10342804575339 ], [ 378475.642199772410095, 2761727.46016009664163 ], [ 378153.354495269886684, 2761588.55915357125923 ], [ 377997.036534434300847, 2761267.659598973114043 ], [ 377805.024016317387577, 2761485.006304080598056 ], [ 377685.060898766096216, 2761607.129626180045307 ], [ 377419.139403355657123, 2761675.958009716589004 ], [ 377054.752860403095838, 2762022.558020270895213 ], [ 376852.193630474037491, 2762287.970432730391622 ], [ 376376.177494497620501, 2762343.205036314669997 ], [ 376443.95160600496456, 2762581.821188429370522 ], [ 376448.668152695521712, 2762880.813340976834297 ], [ 376486.794804148783442, 2763414.301925898529589 ], [ 376291.742942325130571, 2763613.204677206929773 ], [ 376789.830763336736709, 2763996.350389239378273 ], [ 377179.310503006738145, 2764428.111274691298604 ], [ 377159.218146385333966, 2764551.228047273587435 ], [ 377066.113514503405895, 2764749.205544002819806 ], [ 376878.417869557626545, 2764979.04575798753649 ], [ 376642.233862494467758, 2765203.788359831552953 ], [ 377110.466402463149279, 2765641.48166774911806 ], [ 377081.881261810602155, 2765830.019885146524757 ], [ 377335.213242682395503, 2766054.790580739732832 ], [ 377453.961002102529164, 2766353.868440846912563 ], [ 377681.819075656298082, 2766440.431223629973829 ], [ 377898.839871318312362, 2766669.966497655026615 ], [ 378219.752305085770786, 2767007.117471595294774 ], [ 378332.319392807548866, 2766728.124148323666304 ], [ 378944.910223582293838, 2766384.889548201113939 ], [ 379304.723323813523166, 2766443.730580004863441 ], [ 379700.521334010874853, 2765889.801541957538575 ], [ 379871.486499376653228, 2765475.191580866929144 ], [ 379826.501060112146661, 2765179.877301724627614 ], [ 379764.431324885517824, 2764778.390859489329159 ], [ 379779.305347370565869, 2764173.551587102934718 ], [ 379789.272244287305512, 2764159.066226184368134 ], [ 380203.510621159162838, 2763856.403146269731224 ], [ 380252.337511987541802, 2763322.150423644576222 ], [ 379991.000844462309033, 2762989.966908899601549 ], [ 379664.340357125038281, 2763152.317051162011921 ], [ 378964.98504300165223, 2763177.309152282774448 ], [ 378707.937476410414092, 2763105.379448458086699 ], [ 378545.583781742665451, 2762897.495815848466009 ], [ 378329.970472142740618, 2762717.775189282838255 ] ] ] } },
{ "type": "Feature", "properties": { "cluster": 331 }, "geometry": { "type": "MultiPolygon", "coordinates": [ [ [ [ 361118.148784854798578, 2732656.706508277449757 ], [ 360741.160485548549332, 2732798.932778653688729 ], [ 360936.49102724425029, 2733409.454421515576541 ], [ 360968.364088915288448, 2733359.294388551730663 ], [ 361408.95608428795822, 2733103.466296458616853 ], [ 361342.699403877137229, 2732750.817031004000455 ], [ 361118.148784854798578, 2732656.706508277449757 ] ] ], [ [ [ 361841.862160502758343, 2737349.965629137586802 ], [ 361924.826956484583206, 2737352.460341652855277 ], [ 362085.018874550005421, 2737004.971172643825412 ], [ 362325.004020180436783, 2736644.950533831957728 ], [ 362354.950123661314137, 2736614.970118757802993 ], [ 362426.561856435379013, 2736543.374413551297039 ], [ 362449.109282259829342, 2736471.158953438978642 ], [ 362430.922936016810127, 2736167.868188904598355 ], [ 362730.352898717857897, 2735556.84705497417599 ], [ 363360.89127267873846, 2735794.27403151197359 ], [ 363393.535649478260893, 2735411.845588045194745 ], [ 362763.476799482945353, 2735122.356357944197953 ], [ 362757.475610304507427, 2735027.165921146981418 ], [ 362317.898695914249402, 2734872.039419330656528 ], [ 362339.202764188172296, 2734267.100989093072712 ], [ 362156.373904030071571, 2733889.025983904022723 ], [ 362079.028410803992301, 2733843.278020331636071 ], [ 361780.30531076452462, 2733613.666425188537687 ], [ 361655.110777622379828, 2733943.860772606451064 ], [ 361268.905150054895785, 2734071.768332430161536 ], [ 360936.49102724425029, 2733409.454421515576541 ], [ 361154.616168696433306, 2734075.128037698101252 ], [ 360792.188061170047149, 2734555.016789782326669 ], [ 360562.176957727409899, 2734720.141884976997972 ], [ 360595.14513787382748, 2735080.876811133697629 ], [ 360695.522600600379519, 2735203.914466538000852 ], [ 360720.495262997865211, 2735574.698166925925761 ], [ 360483.158343033806887, 2735814.106559229083359 ], [ 360307.177323235606309, 2735917.776984411757439 ], [ 360405.308232869720086, 2736319.942560503724962 ], [ 360610.876176398363896, 2736342.237985306419432 ], [ 360995.890150445920881, 2736404.82117777923122 ], [ 361182.657554976292886, 2736771.766813857480884 ], [ 361125.003011704073288, 2737155.009478529915214 ], [ 361334.779641518020071, 2737417.060793445911258 ], [ 361439.479499631212093, 2737569.963825592771173 ], [ 361841.862160502758343, 2737349.965629137586802 ] ] ] ] } },
{ "type": "Feature", "properties": { "cluster": 332 }, "geometry": { "type": "Polygon", "coordinates": [ [ [ 332587.433020578231663, 2724875.641035277396441 ], [ 332734.228559448500164, 2724873.87536103464663 ], [ 333057.601470245863311, 2724989.621989777311683 ], [ 333272.502517077839002, 2725348.152095410972834 ], [ 333446.312201464315876, 2725235.300775307696313 ], [ 333853.006500831688754, 2725292.467707335017622 ], [ 334063.591269183903933, 2725121.585568975191563 ], [ 334454.934209408296738, 2724909.785935097839683 ], [ 334717.571388870652299, 2724772.633582370355725 ], [ 334871.467064388212748, 2724601.330881000496447 ], [ 335209.073463309207, 2724381.330769968219101 ], [ 335427.15769548760727, 2723900.232945080846548 ], [ 335333.98429971880978, 2723642.138368301093578 ], [ 335227.612471646396443, 2723210.295062909834087 ], [ 335192.833700598566793, 2723180.799429054837674 ], [ 334660.142399676842615, 2723262.437845095060766 ], [ 334306.893015370587818, 2723446.082329395227134 ], [ 334162.13471079088049, 2723450.021476958412677 ], [ 333504.277543568634428, 2723225.259882417041808 ], [ 333534.091579990694299, 2723432.040845524054021 ], [ 333460.720493259723298, 2723731.994145447853953 ], [ 332731.506804909673519, 2723720.799813898745924 ], [ 332657.251056698267348, 2723608.70773997483775 ], [ 332343.502318417013157, 2723538.267681788653135 ], [ 332130.349457082047593, 2723580.713601134251803 ], [ 331864.620018683664966, 2723713.521287530194968 ], [ 331830.080093677155674, 2723788.154260018374771 ], [ 331649.845712409471162, 2723956.487820541951805 ], [ 331338.201500459690578, 2724310.294314615894109 ], [ 331407.282203421927989, 2724412.473333993926644 ], [ 332017.105226933490485, 2724685.345556953921914 ], [ 332245.840663293551188, 2724677.047338997013867 ], [ 332375.921428239962552, 2724716.464300027582794 ], [ 332587.433020578231663, 2724875.641035277396441 ] ] ] } },
{ "type": "Feature", "properties": { "cluster": 333 }, "geometry": { "type": "Polygon", "coordinates": [ [ [ 328838.834362261346541, 2707255.605078008957207 ], [ 329250.641982406261377, 2707354.704557273071259 ], [ 329251.98225095984526, 2706632.475564881227911 ], [ 329003.028559904894792, 2706254.465121258981526 ], [ 328804.146474871784449, 2706573.69138054177165 ], [ 328821.084734541596845, 2706881.422417214605957 ], [ 328838.834362261346541, 2707255.605078008957207 ] ] ] } },
{ "type": "Feature", "properties": { "cluster": 334 }, "geometry": { "type": "MultiPolygon", "coordinates": [ [ [ [ 349994.951213444932364, 2799945.020285727456212 ], [ 349995.020133165235166, 2799915.000627478118986 ], [ 349965.014319056877866, 2799915.002034907229245 ], [ 349994.951213444932364, 2799945.020285727456212 ] ] ], [ [ [ 350955.022400361951441, 2800754.964746731333435 ], [ 350925.018583915312774, 2800754.964111866429448 ], [ 350655.967216507997364, 2800780.095439925789833 ], [ 350283.233088017557748, 2800580.410629393532872 ], [ 349994.951213444932364, 2799945.020285727456212 ], [ 349956.694486816879362, 2800551.916370441671461 ], [ 349856.259758945263457, 2800664.912920720875263 ], [ 350180.745639264816418, 2800690.104282209184021 ], [ 350605.888291704759467, 2800985.575888398569077 ], [ 350954.981245184200816, 2800815.002791192382574 ], [ 350984.955230272782501, 2800784.985022939741611 ], [ 350955.022400361951441, 2800754.964746731333435 ] ] ] ] } },
{ "type": "Feature", "properties": { "cluster": 335 }, "geometry": { "type": "Polygon", "coordinates": [ [ [ 505578.57545676099835, 2503099.708622388541698 ], [ 505362.924694390618242, 2502714.414070634637028 ], [ 505675.470770982501563, 2502276.176124974619597 ], [ 505716.741254079272039, 2501831.19933902984485 ], [ 505484.594930903695058, 2501553.271163256838918 ], [ 505267.723488725023344, 2501658.354774569626898 ], [ 504749.797758704342414, 2501629.404735238291323 ], [ 504290.571907744044438, 2501152.176014706958085 ], [ 504199.098189672105946, 2501188.679816232528538 ], [ 503769.537678546155803, 2501149.824982775840908 ], [ 503705.730822860088665, 2501523.956628655083477 ], [ 503298.717108972021379, 2501809.455273799132556 ], [ 503662.423815410060342, 2502131.659039250109345 ], [ 503771.206817672471516, 2502717.259790234733373 ], [ 504171.892385965154972, 2502971.961465133819729 ], [ 504218.007432162819896, 2503425.822310052346438 ], [ 504485.132279134355485, 2503537.69997613877058 ], [ 504675.237696751370095, 2503492.372066521085799 ], [ 504865.335794972081203, 2503473.61325139272958 ], [ 505024.635085140122101, 2503374.039502795320004 ], [ 505276.443654908332974, 2503191.478023099247366 ], [ 505578.57545676099835, 2503099.708622388541698 ] ] ] } },
{ "type": "Feature", "properties": { "cluster": 336 }, "geometry": { "type": "Polygon", "coordinates": [ [ [ 377282.09613537765108, 2815882.701410422101617 ], [ 377195.12626073427964, 2815829.22539827786386 ], [ 377066.401747831259854, 2815718.537313255947083 ], [ 376612.38506796763977, 2815883.313037358690053 ], [ 376904.650498607137706, 2815953.72730356734246 ], [ 377189.487333095632493, 2816201.433007095940411 ], [ 377282.09613537765108, 2815882.701410422101617 ] ] ] } },
{ "type": "Feature", "properties": { "cluster": 337 }, "geometry": { "type": "Polygon", "coordinates": [ [ [ 306838.049268523347564, 2803821.784218473825604 ], [ 307039.173191153618973, 2804015.010198464617133 ], [ 307412.200010897126049, 2803978.648030514363199 ], [ 307164.092354126740247, 2803738.44723437493667 ], [ 307146.809972396644298, 2803234.573649082798511 ], [ 306996.001750070659909, 2803320.938184844795614 ], [ 306838.049268523347564, 2803821.784218473825604 ] ] ] } },
{ "type": "Feature", "properties": { "cluster": 338 }, "geometry": { "type": "Polygon", "coordinates": [ [ [ 341855.105841582757421, 2755660.01369842607528 ], [ 341630.842245286679827, 2755485.367350137792528 ], [ 341457.757115845393855, 2755193.826244640629739 ], [ 341702.335755059728399, 2754675.931344744283706 ], [ 341393.10948109801393, 2754757.035237515810877 ], [ 341014.916080293478444, 2754902.08252191869542 ], [ 340714.297300029429607, 2754853.502664374187589 ], [ 340823.1151143591851, 2755525.718605165369809 ], [ 340826.322774317231961, 2756064.020342766307294 ], [ 340535.345017412211746, 2756234.657864696346223 ], [ 341041.905612088856287, 2756186.692672016099095 ], [ 341642.32738837384386, 2756131.017603037878871 ], [ 341855.105841582757421, 2755660.01369842607528 ] ] ] } },
{ "type": "Feature", "properties": { "cluster": 339 }, "geometry": { "type": "Polygon", "coordinates": [ [ [ 322904.445751037332229, 2748061.432376883924007 ], [ 323146.448162913438864, 2748249.970396317541599 ], [ 323596.759070134023204, 2748207.641173662617803 ], [ 323668.87779636902269, 2747918.695872767828405 ], [ 323287.670900860219263, 2747990.045743657276034 ], [ 322904.445751037332229, 2748061.432376883924007 ] ] ] } },
{ "type": "Feature", "properties": { "cluster": 340 }, "geometry": { "type": "Polygon", "coordinates": [ [ [ 436452.363737361854874, 2616228.424985100049525 ], [ 436072.64747171435738, 2616153.693198224529624 ], [ 435993.132717566622887, 2615465.391502263490111 ], [ 436340.075029164960142, 2615271.226270973216742 ], [ 436707.247265664744191, 2614801.300528940744698 ], [ 436287.835920762619935, 2614287.194778335746378 ], [ 436213.76053431245964, 2613908.872390164528042 ], [ 436032.05929162557004, 2614110.063414060510695 ], [ 435384.855368718213867, 2613993.345484552904963 ], [ 435202.163576643564738, 2613739.510835497640073 ], [ 434975.92287437338382, 2613328.656541677191854 ], [ 434790.333846652240027, 2613342.771262346301228 ], [ 434643.313270521874074, 2613313.536352026741952 ], [ 434404.939803000655957, 2613158.497830346226692 ], [ 433816.76747697382234, 2613249.728191743139178 ], [ 433705.173880632559303, 2613160.555404012091458 ], [ 433677.627220243564807, 2613159.573514971416444 ], [ 433700.745093672827352, 2613532.580478159710765 ], [ 433675.566594236355741, 2613603.553106415085495 ], [ 433364.895116222091019, 2613923.831540150567889 ], [ 432629.522422917070799, 2613717.958426408469677 ], [ 432419.818059357872698, 2614469.58443411346525 ], [ 432894.323900633607991, 2614293.567513775546104 ], [ 433112.802762030158192, 2615003.360239446628839 ], [ 433177.734667035576422, 2615372.854093857109547 ], [ 432882.799372226349078, 2615998.6495420653373 ], [ 432721.7766556260176, 2616245.182762315031141 ], [ 433293.539325441350229, 2616384.26916294451803 ], [ 433413.364229942555539, 2616716.976588078308851 ], [ 432992.476318673347123, 2617225.988634537439793 ], [ 433507.895215607481077, 2617541.380901952274144 ], [ 433935.242793853743933, 2617779.689069857355207 ], [ 433967.221533097676001, 2618085.120900105684996 ], [ 434152.130679917871021, 2618610.185392864514142 ], [ 434252.439392473781481, 2618693.876103189308196 ], [ 434718.215596631751396, 2618644.170400391332805 ], [ 435117.537987061892636, 2619012.175868452060968 ], [ 435187.739257768495008, 2618748.358424530364573 ], [ 435750.68061722634593, 2618534.393534594215453 ], [ 435806.278153623687103, 2618193.142939109355211 ], [ 435939.230612399172969, 2618049.733451273292303 ], [ 435944.385176271549426, 2617599.097201601602137 ], [ 436517.551413400215097, 2617144.865786620881408 ], [ 436489.994634294940624, 2616672.230252720415592 ], [ 436537.110153723799158, 2616484.915479158051312 ], [ 436529.841091336624231, 2616455.053961169440299 ], [ 436452.363737361854874, 2616228.424985100049525 ] ] ] } },
{ "type": "Feature", "properties": { "cluster": 341 }, "geometry": { "type": "Polygon", "coordinates": [ [ [ 521114.966526076837908, 2491844.990494359284639 ], [ 521251.585003881191369, 2492174.60402715485543 ], [ 521476.786510944599286, 2492170.489249867387116 ], [ 521271.441078989417292, 2491944.387987724505365 ], [ 521114.966526076837908, 2491844.990494359284639 ] ] ] } },
{ "type": "Feature", "properties": { "cluster": 342 }, "geometry": { "type": "Polygon", "coordinates": [ [ [ 386857.108581787790172, 2874722.172070589847863 ], [ 387267.835965601901989, 2874638.876740579493344 ], [ 387610.809172052657232, 2875291.654931975994259 ], [ 387903.820643457584083, 2875140.716409022454172 ], [ 388159.116168858658057, 2875144.069990237709135 ], [ 388434.516019415808842, 2875392.04688912583515 ], [ 388848.727358499832917, 2874895.619566307868809 ], [ 388911.95790753653273, 2874443.164114636834711 ], [ 388550.273143386060838, 2873938.937984242569655 ], [ 388897.017271438380703, 2873508.44066003523767 ], [ 388166.52738132129889, 2873433.801692730747163 ], [ 387924.531424999411684, 2873350.582175340969115 ], [ 387875.306295767833944, 2873331.065987253095955 ], [ 387535.06352726672776, 2873233.188092274125665 ], [ 387326.143800364166964, 2873271.536479704082012 ], [ 386952.019008909584954, 2873192.795089274644852 ], [ 386850.853775458759628, 2873071.827455521095544 ], [ 386869.270087950630113, 2873233.385098756290972 ], [ 386927.998257223982364, 2873425.608775996603072 ], [ 386878.98380510736024, 2873778.264718741644174 ], [ 386790.2560334308655, 2874168.924655803013593 ], [ 386857.108581787790172, 2874722.172070589847863 ] ] ] } },
{ "type": "Feature", "properties": { "cluster": 343 }, "geometry": { "type": "Polygon", "coordinates": [ [ [ 571484.307856469647959, 2519159.463273104280233 ], [ 571190.49614550312981, 2519205.686493812594563 ], [ 570878.853172988630831, 2519333.753620735835284 ], [ 571107.959678736515343, 2519732.254725764505565 ], [ 571474.241141499369405, 2519771.613892893306911 ], [ 571484.307856469647959, 2519159.463273104280233 ] ] ] } },
{ "type": "Feature", "properties": { "cluster": 344 }, "geometry": { "type": "Polygon", "coordinates": [ [ [ 449308.29136803484289, 2638006.483383860904723 ], [ 448751.938795471622143, 2638192.237657278310508 ], [ 448438.725686364981811, 2638025.065192226320505 ], [ 448438.986843751743436, 2638098.136914591304958 ], [ 448368.780713219777681, 2638398.428855539299548 ], [ 449050.711348513083067, 2638597.50740302214399 ], [ 449192.286792520724703, 2638897.048653761856258 ], [ 449151.722317320527509, 2639232.661575626581907 ], [ 449168.384379348310176, 2639337.783202985767275 ], [ 449223.612667862966191, 2639407.339807076379657 ], [ 449519.869170197925996, 2639686.411432710941881 ], [ 449711.107901687093545, 2639634.813656979240477 ], [ 449855.219061179028358, 2639499.238047436345369 ], [ 449868.765370288398117, 2639295.473349161446095 ], [ 449959.488924024801236, 2639031.654047885444015 ], [ 450106.663216879824176, 2638896.070597007870674 ], [ 449826.50731201225426, 2638270.390085848513991 ], [ 449774.147572793706786, 2638147.677597519475967 ], [ 449308.29136803484289, 2638006.483383860904723 ] ] ] } },
{ "type": "Feature", "properties": { "cluster": 345 }, "geometry": { "type": "Polygon", "coordinates": [ [ [ 504866.593234430882148, 2483270.948424786329269 ], [ 505307.967918468348216, 2483312.050039078108966 ], [ 505517.646773876738735, 2483904.32721800217405 ], [ 505805.828755775408354, 2483617.739929392468184 ], [ 505723.619280214421451, 2483350.940877450164407 ], [ 505607.467629051650874, 2483045.387710518203676 ], [ 505716.654947972332593, 2482708.923531571868807 ], [ 505294.812765254464466, 2482670.030826545320451 ], [ 504823.582011581282131, 2482625.599537935573608 ], [ 504640.230707783484831, 2483301.872525775805116 ], [ 504866.593234430882148, 2483270.948424786329269 ] ] ] } },
{ "type": "Feature", "properties": { "cluster": 346 }, "geometry": { "type": "Polygon", "coordinates": [ [ [ 342468.874371685669757, 2859809.908507571090013 ], [ 342070.11108105891617, 2859576.501248360611498 ], [ 341372.627122313249856, 2859928.315028685610741 ], [ 341276.97779275663197, 2860475.632546584121883 ], [ 341262.918301465688273, 2860805.938391219824553 ], [ 341454.928763583942782, 2860935.456816528458148 ], [ 341455.930977066862397, 2860935.444742816966027 ], [ 341511.10002809157595, 2860605.752111984882504 ], [ 341535.662569319480099, 2860564.466350839938968 ], [ 342103.431986433337443, 2860265.174658675212413 ], [ 342301.188991669332609, 2860372.47968888701871 ], [ 342489.450329979299568, 2859853.975629159249365 ], [ 342468.874371685669757, 2859809.908507571090013 ] ] ] } },
{ "type": "Feature", "properties": { "cluster": 347 }, "geometry": { "type": "Polygon", "coordinates": [ [ [ 555794.68692286813166, 2537242.344632459804416 ], [ 555897.576507275924087, 2537145.306469046510756 ], [ 555856.536651730886661, 2536876.143808057066053 ], [ 556017.071983630070463, 2536442.780358012299985 ], [ 556053.563332134392112, 2536004.52878741081804 ], [ 555747.90582239755895, 2536029.96445478592068 ], [ 555701.760321950190701, 2536030.90094275213778 ], [ 555527.57882248936221, 2535994.833265365567058 ], [ 555534.109835547278635, 2536448.742689221166074 ], [ 555017.679135712562129, 2536635.045322795864195 ], [ 555225.837988545768894, 2537190.432480770163238 ], [ 555472.687211019219831, 2537257.761445281095803 ], [ 555794.68692286813166, 2537242.344632459804416 ] ] ] } },
{ "type": "Feature", "properties": { "cluster": 348 }, "geometry": { "type": "Polygon", "coordinates": [ [ [ 449665.534326116379816, 2618892.555532157421112 ], [ 450054.653990041348152, 2619077.212689635809511 ], [ 450670.353549105115235, 2618729.685926095582545 ], [ 450766.443785118521191, 2618801.323997590690851 ], [ 450891.490293864975683, 2618993.542348481714725 ], [ 451067.300172314280644, 2618515.775893391575664 ], [ 450528.489900661283173, 2618091.352270143572241 ], [ 450674.382385412289295, 2617511.827215827070177 ], [ 450933.114910327945836, 2617125.671247781720012 ], [ 450416.968911325908266, 2617383.167533274739981 ], [ 450033.518879030365497, 2617673.440353166777641 ], [ 449850.85437817114871, 2617930.923470279667526 ], [ 449759.795990970043931, 2618138.27148926211521 ], [ 449196.758843406743836, 2618383.796086867339909 ], [ 449029.757668341335375, 2618448.594036910217255 ], [ 449239.523735563561786, 2618950.499886094592512 ], [ 449503.550672192883212, 2618932.973834198899567 ], [ 449665.534326116379816, 2618892.555532157421112 ] ] ] } },
{ "type": "Feature", "properties": { "cluster": 349 }, "geometry": { "type": "MultiPolygon", "coordinates": [ [ [ [ 510349.714238073502202, 2499742.611277830787003 ], [ 509727.98184428474633, 2499627.081742260139436 ], [ 509878.732222686056048, 2500145.227982140146196 ], [ 510349.714238073502202, 2499742.611277830787003 ] ] ], [ [ [ 509707.820419175724965, 2500626.639589701779187 ], [ 509878.732222686056048, 2500145.227982140146196 ], [ 509431.434429655259009, 2500512.451580431777984 ], [ 509100.14095972495852, 2501127.71251470502466 ], [ 509473.248654081893619, 2501033.848462713882327 ], [ 509707.820419175724965, 2500626.639589701779187 ] ] ] ] } },
{ "type": "Feature", "properties": { "cluster": 350 }, "geometry": { "type": "Polygon", "coordinates": [ [ [ 523648.909595790959429, 2491930.15026463707909 ], [ 524060.919361398788169, 2492148.857116904109716 ], [ 524303.500733430148102, 2491559.238703268580139 ], [ 523790.452181354514323, 2491500.875418607145548 ], [ 523672.880284467479214, 2491054.596875396557152 ], [ 523467.930049697286449, 2490580.512483679223806 ], [ 523260.532596682547592, 2491036.25667211227119 ], [ 522960.026548090972938, 2491185.242016949225217 ], [ 522593.077407596807461, 2491066.256012794096023 ], [ 522572.25018031115178, 2491243.335784072056413 ], [ 522904.127657402073964, 2491432.006314720958471 ], [ 523169.399282979604322, 2491458.970290797296911 ], [ 523396.276292432507034, 2491712.803263941314071 ], [ 523648.909595790959429, 2491930.15026463707909 ] ] ] } },
{ "type": "Feature", "properties": { "cluster": 351 }, "geometry": { "type": "Polygon", "coordinates": [ [ [ 565507.316098320996389, 2524249.243543281685561 ], [ 565463.834036861313507, 2524337.61900221509859 ], [ 565458.003088860656135, 2524737.235977515112609 ], [ 565832.794785569421947, 2524445.493321267422289 ], [ 566024.668634578236379, 2524450.756223977543414 ], [ 565910.267607384710573, 2524328.483534863218665 ], [ 565788.44329010148067, 2524024.624641287140548 ], [ 565560.840230377973057, 2524211.835559428669512 ], [ 565507.316098320996389, 2524249.243543281685561 ] ] ] } },
{ "type": "Feature", "properties": { "cluster": 352 }, "geometry": { "type": "Polygon", "coordinates": [ [ [ 518976.911342831794173, 2564219.660909378435463 ], [ 518948.633526680641808, 2563922.941151161678135 ], [ 518652.57865168643184, 2564150.615364916156977 ], [ 518829.621130913903471, 2564156.373298325110227 ], [ 518976.911342831794173, 2564219.660909378435463 ] ] ] } },
{ "type": "Feature", "properties": { "cluster": 353 }, "geometry": { "type": "Polygon", "coordinates": [ [ [ 295921.453231495397631, 2847323.627255444880575 ], [ 295907.515497560612857, 2847200.843418794684112 ], [ 295728.975453019724227, 2846883.357522851321846 ], [ 295572.322841433924623, 2846813.749515910167247 ], [ 295249.649040950811468, 2847042.573076258413494 ], [ 295506.774408035445958, 2847183.759066918399185 ], [ 295697.512190817622468, 2847316.001407363917679 ], [ 295921.453231495397631, 2847323.627255444880575 ] ] ] } },
{ "type": "Feature", "properties": { "cluster": 354 }, "geometry": { "type": "Polygon", "coordinates": [ [ [ 513822.051543634035625, 2485465.870673927478492 ], [ 514125.309017035062425, 2485705.241932884790003 ], [ 514228.050060464418493, 2485847.02321063214913 ], [ 514520.375366900872905, 2485664.652630678843707 ], [ 514256.273512568732258, 2485362.214856055099517 ], [ 514160.673790817614645, 2485282.42797914519906 ], [ 514000.48282123345416, 2484959.058953322004527 ], [ 513754.315065396949649, 2485286.487857463769615 ], [ 513822.051543634035625, 2485465.870673927478492 ] ] ] } },
{ "type": "Feature", "properties": { "cluster": 355 }, "geometry": { "type": "Polygon", "coordinates": [ [ [ 529690.634025522158481, 2498637.683424958493561 ], [ 529605.411303441389464, 2498591.026481575798243 ], [ 529599.773896, 2498848.936105069238693 ], [ 529632.356819563312456, 2499008.400624748319387 ], [ 529690.634025522158481, 2498637.683424958493561 ] ] ] } },
{ "type": "Feature", "properties": { "cluster": 356 }, "geometry": { "type": "Polygon", "coordinates": [ [ [ 377042.359231330221519, 2725107.240711932536215 ], [ 377257.679552412300836, 2725188.400066025555134 ], [ 377419.436081745428964, 2725164.823955572675914 ], [ 377701.304606077901553, 2725216.609213135670871 ], [ 377479.777877664659172, 2725119.993093018885702 ], [ 377017.371151613537222, 2725028.830408172216266 ], [ 377042.359231330221519, 2725107.240711932536215 ] ] ] } },
{ "type": "Feature", "properties": { "cluster": 357 }, "geometry": { "type": "Polygon", "coordinates": [ [ [ 357799.04834164242493, 2748447.992461565416306 ], [ 357874.915457216324285, 2748552.43136695958674 ], [ 357970.404351541015785, 2748697.64942777575925 ], [ 358092.168575911433436, 2748450.507927262224257 ], [ 357799.04834164242493, 2748447.992461565416306 ] ] ] } },
{ "type": "Feature", "properties": { "cluster": 358 }, "geometry": { "type": "Polygon", "coordinates": [ [ [ 329922.643414199119434, 2775210.647946267854422 ], [ 329778.305327627109364, 2775366.431836508214474 ], [ 329517.191946916223969, 2775703.139053386170417 ], [ 329388.839859428699128, 2775926.30263204080984 ], [ 329321.796535982633941, 2776372.471992611885071 ], [ 329326.918296235555317, 2776539.683388527482748 ], [ 329298.24783541704528, 2776747.198646638076752 ], [ 329725.484834332135506, 2776628.855950589291751 ], [ 329914.133530262566637, 2776629.821886610239744 ], [ 330158.585861273983028, 2777303.625398445408791 ], [ 330522.536006552865729, 2777126.276408885605633 ], [ 330302.978257518552709, 2776829.910335842054337 ], [ 330894.435274678573478, 2776288.604214237537235 ], [ 330556.563160551013425, 2775888.464421302080154 ], [ 330407.248427493905183, 2775644.395723461639136 ], [ 330056.15147355676163, 2775076.048703955486417 ], [ 329922.643414199119434, 2775210.647946267854422 ] ] ] } },
{ "type": "Feature", "properties": { "cluster": 359 }, "geometry": { "type": "Polygon", "coordinates": [ [ [ 337534.500881444662809, 2782660.391468292567879 ], [ 337849.102186891890597, 2782915.845437595620751 ], [ 337991.912330584018491, 2782801.151232347823679 ], [ 338268.657309475820512, 2782503.193349258042872 ], [ 338386.522341699339449, 2782409.847972605843097 ], [ 338625.781532930792309, 2782265.212922274135053 ], [ 338806.786817601532675, 2782224.293323668185622 ], [ 339053.228551033185795, 2782089.550786323845387 ], [ 339229.063565541058779, 2781867.029178906232119 ], [ 339363.922432759543881, 2781674.903472175356001 ], [ 339604.199546615709551, 2781529.167530617211014 ], [ 339691.494092301465571, 2781492.690043828915805 ], [ 339672.451793293119408, 2781160.594087360892445 ], [ 339964.386702928459272, 2780690.798197200987488 ], [ 340038.779457392171025, 2780157.103594752028584 ], [ 339791.507301254954655, 2779968.376783875748515 ], [ 339388.341624149354175, 2779986.425076447427273 ], [ 339036.467665687203407, 2779907.505088321398944 ], [ 338969.172944076592103, 2779930.456476144026965 ], [ 338571.090669061988592, 2780037.08791502378881 ], [ 338156.393693027377594, 2780272.427197994664311 ], [ 337863.32914196618367, 2780220.531289850361645 ], [ 337300.273738404386677, 2780360.186105181463063 ], [ 338011.534498093300499, 2780640.815019562840462 ], [ 338001.119474273640662, 2780866.918769781477749 ], [ 337657.041248811816331, 2781270.919530681800097 ], [ 337190.289067199570127, 2781280.933317589573562 ], [ 336695.056643657386303, 2781354.447130513843149 ], [ 336490.482234637951478, 2781616.120727702509612 ], [ 336610.958100225892849, 2781824.036970652639866 ], [ 336642.194823519326746, 2782325.473374906461686 ], [ 336960.409244540962391, 2782291.741743362508714 ], [ 337534.500881444662809, 2782660.391468292567879 ] ] ] } },
{ "type": "Feature", "properties": { "cluster": 360 }, "geometry": { "type": "Polygon", "coordinates": [ [ [ 320023.420102257106919, 2752627.456634149421006 ], [ 319736.627593865152448, 2753260.447273568250239 ], [ 319648.180533613660373, 2753297.05696036759764 ], [ 319545.545283553074114, 2753330.530022823717445 ], [ 319338.74411983700702, 2753511.603191083762795 ], [ 319318.568948748754337, 2753668.06968737905845 ], [ 319195.039771032286808, 2753956.617082181852311 ], [ 319552.757631523301825, 2754341.866030944511294 ], [ 319816.406519338139333, 2754258.644852050114423 ], [ 319967.108406636747532, 2754192.417194785550237 ], [ 320324.795480426866561, 2754191.06026399647817 ], [ 320470.506556911626831, 2754129.334818861447275 ], [ 320565.617111668456346, 2754061.624630192760378 ], [ 320509.261525280540809, 2753692.353699017781764 ], [ 320836.03024861717131, 2753256.048537260387093 ], [ 321304.070299801824149, 2752879.953276054468006 ], [ 321399.265562937478535, 2752506.496682471130043 ], [ 321604.896268650772981, 2752309.96384275984019 ], [ 321295.495738377212547, 2751830.980291271116585 ], [ 320867.401654661633074, 2752250.864500700496137 ], [ 320641.498561858083121, 2752364.588251620065421 ], [ 320145.558007091167383, 2752152.826394057366997 ], [ 320023.420102257106919, 2752627.456634149421006 ] ] ] } },
{ "type": "Feature", "properties": { "cluster": 361 }, "geometry": { "type": "Polygon", "coordinates": [ [ [ 311558.430243973154575, 2739668.223592763766646 ], [ 311374.842282563098706, 2739928.853410171810538 ], [ 311070.268326857534703, 2739996.158837018534541 ], [ 311162.58730559545802, 2740385.965888265985996 ], [ 311448.631247002165765, 2740295.649895181879401 ], [ 311854.225638998905197, 2740441.897776207420975 ], [ 311735.663081943057477, 2739906.21032126294449 ], [ 311558.430243973154575, 2739668.223592763766646 ] ] ] } },
{ "type": "Feature", "properties": { "cluster": 362 }, "geometry": { "type": "Polygon", "coordinates": [ [ [ 432766.588243941951077, 2553861.913036466110498 ], [ 432864.485887749760877, 2553767.37136145401746 ], [ 432546.993471432884689, 2553541.84737582039088 ], [ 432446.38774894294329, 2553263.316312003415078 ], [ 432062.916947561199777, 2553173.164387880824506 ], [ 431872.567353600694332, 2553657.825623497832566 ], [ 431849.409561853972264, 2553745.390789513476193 ], [ 431992.789069344173186, 2553743.631273430306464 ], [ 432215.44135287636891, 2553832.294658539816737 ], [ 432766.588243941951077, 2553861.913036466110498 ] ] ] } },
{ "type": "Feature", "properties": { "cluster": 363 }, "geometry": { "type": "Polygon", "coordinates": [ [ [ 541291.174620492383838, 2552841.22963476460427 ], [ 540902.365894305869006, 2552698.46143515361473 ], [ 540604.606280637672171, 2552592.482357615139335 ], [ 540633.719506187946536, 2552809.540283288341016 ], [ 540836.245623836526647, 2552907.510641983244568 ], [ 541134.268166523659602, 2552914.968997798860073 ], [ 541291.174620492383838, 2552841.22963476460427 ] ] ] } },
{ "type": "Feature", "properties": { "cluster": 364 }, "geometry": { "type": "Polygon", "coordinates": [ [ [ 296309.345118850178551, 2779687.035368831828237 ], [ 296373.589184463373385, 2779598.541922920383513 ], [ 296539.211724261112977, 2779341.225235267076641 ], [ 296594.115401443850715, 2779167.557372616603971 ], [ 296540.586228132771794, 2778825.987968880683184 ], [ 296739.025012528756633, 2778333.290416233241558 ], [ 296664.895125990209635, 2777963.220804932061583 ], [ 296544.085086838516872, 2777777.775440802332014 ], [ 296567.643373420811258, 2777463.862030143849552 ], [ 296255.934841120033525, 2777264.652432017493993 ], [ 295988.299991109815892, 2777314.087511896621436 ], [ 295744.041671530809253, 2777711.088075652252883 ], [ 295375.639924929651897, 2777835.1762934057042 ], [ 294937.916257284348831, 2777509.362397679593414 ], [ 295005.642736691748723, 2777852.930911766830832 ], [ 294739.500023527187295, 2778268.010632182471454 ], [ 294691.189255626057275, 2778610.004684792365879 ], [ 294247.367386416532099, 2779215.032080390956253 ], [ 294569.188495618698653, 2779616.807564258575439 ], [ 294920.384175905142911, 2779894.049732429441065 ], [ 295167.811627648305148, 2779846.001257988624275 ], [ 295817.08601858408656, 2779889.423264413606375 ], [ 296258.050355532381218, 2779831.843019919469953 ], [ 296309.345118850178551, 2779687.035368831828237 ] ] ] } },
{ "type": "Feature", "properties": { "cluster": 365 }, "geometry": { "type": "Polygon", "coordinates": [ [ [ 460804.519238973152824, 2635264.816957197617739 ], [ 460934.97249766276218, 2635334.988322619348764 ], [ 460934.993195334391203, 2635304.984788064379245 ], [ 460804.519238973152824, 2635264.816957197617739 ] ] ] } },
{ "type": "Feature", "properties": { "cluster": 366 }, "geometry": { "type": "Polygon", "coordinates": [ [ [ 371065.97191010043025, 2708573.288361951708794 ], [ 371383.004796317371074, 2708993.43195552425459 ], [ 371685.462372394802514, 2709041.601408178918064 ], [ 371758.720400620019063, 2709073.047286631073803 ], [ 371975.698140838940162, 2708861.747966933529824 ], [ 371543.21075790701434, 2708449.295096104498953 ], [ 370982.959924854745623, 2708363.630772462580353 ], [ 371065.97191010043025, 2708573.288361951708794 ] ] ] } },
{ "type": "Feature", "properties": { "cluster": 367 }, "geometry": { "type": "Polygon", "coordinates": [ [ [ 496258.695678580959793, 2486259.329029929824173 ], [ 496105.460022723593283, 2486407.6950484639965 ], [ 496079.790887320938054, 2486594.772056022658944 ], [ 496511.95787157031009, 2487174.697641751728952 ], [ 496725.776975144166499, 2486547.023445011116564 ], [ 496556.016737171798013, 2486406.480852705892175 ], [ 496258.695678580959793, 2486259.329029929824173 ] ] ] } },
{ "type": "Feature", "properties": { "cluster": 368 }, "geometry": { "type": "Polygon", "coordinates": [ [ [ 468639.357415188627783, 2560587.368143792264163 ], [ 468320.801604468433652, 2560495.050372517202049 ], [ 468339.463541972392704, 2561088.381582814734429 ], [ 468528.114428682252765, 2561231.896866742055863 ], [ 468675.856970565044321, 2561394.31999720307067 ], [ 468884.217037405702285, 2561666.214476820081472 ], [ 469011.546352026460227, 2561368.156763839535415 ], [ 469061.551459763257299, 2561294.988609959371388 ], [ 469257.587281089508906, 2561053.249599288217723 ], [ 469376.184867980657145, 2560983.262423198204488 ], [ 469383.184391938906629, 2560902.434549584519118 ], [ 468789.103655177052133, 2560726.540406697895378 ], [ 468639.357415188627783, 2560587.368143792264163 ] ] ] } },
{ "type": "Feature", "properties": { "cluster": 369 }, "geometry": { "type": "Polygon", "coordinates": [ [ [ 392578.146955880220048, 2730572.195921465754509 ], [ 393044.955618193955161, 2730645.002939532045275 ], [ 393074.977590972499456, 2730614.981755844783038 ], [ 393104.970891734119505, 2730554.949555429629982 ], [ 393224.964148223923985, 2730225.009031321853399 ], [ 393195.013585295469966, 2730225.017986614722759 ], [ 393075.00809501594631, 2730224.945276657119393 ], [ 392694.500547607778572, 2729786.128374653402716 ], [ 392481.71963173430413, 2730271.721601202618331 ], [ 392377.639277815644164, 2730681.170244878157973 ], [ 392578.146955880220048, 2730572.195921465754509 ] ] ] } },
{ "type": "Feature", "properties": { "cluster": 524 }, "geometry": { "type": "MultiPolygon", "coordinates": [ [ [ [ 364004.534798468230292, 2731079.747469133231789 ], [ 363809.178028118854854, 2731176.912583463825285 ], [ 363807.945065226173028, 2731669.783155536279082 ], [ 364004.534798468230292, 2731079.747469133231789 ] ] ], [ [ [ 363441.749894100765232, 2732193.931444271933287 ], [ 363807.945065226173028, 2731669.783155536279082 ], [ 363426.887705995468423, 2732123.194598597008735 ], [ 363441.749894100765232, 2732193.931444271933287 ] ] ] ] } },
{ "type": "Feature", "properties": { "cluster": 525 }, "geometry": { "type": "Polygon", "coordinates": [ [ [ 325020.989750888780691, 2782226.45388452289626 ], [ 325040.38727255910635, 2782479.894487852230668 ], [ 325493.602905512205325, 2782594.817517888732255 ], [ 325851.361308770021424, 2782579.148624616209418 ], [ 325487.964474439388141, 2782548.361673234961927 ], [ 325020.989750888780691, 2782226.45388452289626 ] ] ] } },
{ "type": "Feature", "properties": { "cluster": 370 }, "geometry": { "type": "Polygon", "coordinates": [ [ [ 274341.698972386540845, 2833285.687174694612622 ], [ 274661.541782709187828, 2833539.594294292852283 ], [ 274835.346577147080097, 2833299.491892714519054 ], [ 274672.787111055688001, 2833194.744585567619652 ], [ 274455.049978412687778, 2833154.989561420399696 ], [ 274425.001878284383565, 2833154.944614627398551 ], [ 274341.698972386540845, 2833285.687174694612622 ] ] ] } },
{ "type": "Feature", "properties": { "cluster": 379 }, "geometry": { "type": "Polygon", "coordinates": [ [ [ 369274.546236332447734, 2705145.602175615727901 ], [ 369601.160266290244181, 2704838.00333930272609 ], [ 369478.314926314749755, 2704601.036407412029803 ], [ 368699.019240251509473, 2704851.955916671082377 ], [ 368711.577496902202256, 2704893.922963310498744 ], [ 369274.546236332447734, 2705145.602175615727901 ] ] ] } },
{ "type": "Feature", "properties": { "cluster": 371 }, "geometry": { "type": "Polygon", "coordinates": [ [ [ 525645.179188532638364, 2522324.992139778099954 ], [ 525751.203779917326756, 2522136.985001091379672 ], [ 525499.671251281979494, 2522193.016110660973936 ], [ 525215.561335811042227, 2522091.805958855431527 ], [ 524800.439785916241817, 2522399.969100077170879 ], [ 524831.835111075313762, 2522655.732985213398933 ], [ 524812.06849833088927, 2522819.533799428492785 ], [ 524783.940564364893362, 2523076.307417378295213 ], [ 524781.723502597073093, 2523177.0390933630988 ], [ 525162.034113690489903, 2523425.629373236559331 ], [ 525266.27916314767208, 2523681.515640251338482 ], [ 525358.884560828912072, 2523532.227649359963834 ], [ 526139.965291290776804, 2523442.781706845387816 ], [ 525861.703139009186998, 2522937.520571956411004 ], [ 525776.707351872581057, 2522831.105600310955197 ], [ 525645.179188532638364, 2522324.992139778099954 ] ] ] } },
{ "type": "Feature", "properties": { "cluster": 372 }, "geometry": { "type": "Polygon", "coordinates": [ [ [ 507134.237357403093483, 2485504.495749389287084 ], [ 507252.598538580001332, 2485382.78918747510761 ], [ 507612.925620918511413, 2484838.355792087968439 ], [ 507440.154578180518001, 2484707.654381248168647 ], [ 507337.31631666526664, 2484623.47886322485283 ], [ 507157.372853876498993, 2484419.720268234610558 ], [ 506725.292444997758139, 2484381.890421523246914 ], [ 506826.97652331792051, 2484760.503144831862301 ], [ 506749.619446676108055, 2485214.308198656886816 ], [ 506966.429886162281036, 2485780.043462941423059 ], [ 507134.237357403093483, 2485504.495749389287084 ] ] ] } },
{ "type": "Feature", "properties": { "cluster": 526 }, "geometry": { "type": "MultiPolygon", "coordinates": [ [ [ [ 440056.626761049788911, 2589564.499359396286309 ], [ 440163.646806957840454, 2590003.588442602194846 ], [ 440201.671308619726915, 2589555.052914108615369 ], [ 440056.626761049788911, 2589564.499359396286309 ] ] ], [ [ [ 440112.712565610127058, 2590291.645228270906955 ], [ 440549.868487676721998, 2590263.303109776694328 ], [ 440163.646806957840454, 2590003.588442602194846 ], [ 440112.712565610127058, 2590291.645228270906955 ] ] ] ] } },
{ "type": "Feature", "properties": { "cluster": 373 }, "geometry": { "type": "MultiPolygon", "coordinates": [ [ [ [ 297096.938155178911984, 2818396.067849168553948 ], [ 296601.010459726618137, 2818393.619611383415759 ], [ 296391.331845059467014, 2818561.906019773799926 ], [ 296489.105439841980115, 2818707.790291076060385 ], [ 296582.034169619495515, 2818865.937300132587552 ], [ 296823.938553840562236, 2819363.102102280128747 ], [ 297302.335788647877052, 2819538.676375058479607 ], [ 297610.600155085732695, 2819837.615505285095423 ], [ 298064.007984104333445, 2819758.743143386673182 ], [ 298084.591913145268336, 2819256.489812451414764 ], [ 298417.312655155779794, 2819043.163597004488111 ], [ 298269.454896672046743, 2818842.61979187047109 ], [ 297732.640345026797149, 2818662.352396022062749 ], [ 297096.938155178911984, 2818396.067849168553948 ] ] ], [ [ [ 298640.764672371093184, 2820524.571485260967165 ], [ 298537.706300246471073, 2820025.289207919035107 ], [ 298064.007984104333445, 2819758.743143386673182 ], [ 298407.67596343223704, 2820339.714892224874347 ], [ 298492.356622474151663, 2820553.398994153831154 ], [ 298640.764672371093184, 2820524.571485260967165 ] ] ] ] } },
{ "type": "Feature", "properties": { "cluster": 374 }, "geometry": { "type": "Polygon", "coordinates": [ [ [ 314855.589161745214369, 2780395.792803836520761 ], [ 315146.949055406905245, 2780016.259477026294917 ], [ 315238.684566371084657, 2779864.342123507522047 ], [ 314916.965612336702179, 2779718.045260779559612 ], [ 314922.763120381976478, 2778957.964423584286124 ], [ 314727.662561778968666, 2778556.2453434006311 ], [ 314728.382706018281169, 2778460.958325683139265 ], [ 314328.032014842785429, 2778542.858142589684576 ], [ 314177.580787146871444, 2778531.617187316063792 ], [ 314160.556910084560513, 2778540.712682823650539 ], [ 313765.321997129474767, 2778553.871010486967862 ], [ 313390.369812060613185, 2778501.397616148926318 ], [ 312957.368004683987238, 2778335.619841874111444 ], [ 313044.500917998841032, 2778583.696721302811056 ], [ 312980.248585448483936, 2778826.098676638212055 ], [ 312821.139973579323851, 2779065.374299739487469 ], [ 312365.424034019524697, 2779226.756095275748521 ], [ 312620.644040113082156, 2779301.898607211653143 ], [ 313385.084729077003431, 2779439.84744597133249 ], [ 313641.888711430015974, 2779778.662775684148073 ], [ 313707.470558554516174, 2780222.025467890780419 ], [ 313821.707835200242698, 2780241.510788276325911 ], [ 314089.508551186998375, 2780279.94653794541955 ], [ 314246.505533439689316, 2780328.763594564981759 ], [ 314471.542497559450567, 2780337.878136262763292 ], [ 314658.142581436550245, 2780412.884988475125283 ], [ 314855.589161745214369, 2780395.792803836520761 ] ] ] } },
{ "type": "Feature", "properties": { "cluster": 375 }, "geometry": { "type": "MultiPolygon", "coordinates": [ [ [ [ 321944.985700953402556, 2782815.015742506831884 ], [ 321915.037243665545247, 2782814.965187730267644 ], [ 321884.979732579435222, 2782845.049309017136693 ], [ 321915.017748557496816, 2782875.010227827820927 ], [ 321944.95481667376589, 2782904.972527710720897 ], [ 321975.01375852007186, 2782874.999301583971828 ], [ 321975.023635678226128, 2782844.976788927800953 ], [ 322492.900110325659625, 2782450.901056142523885 ], [ 321944.985700953402556, 2782815.015742506831884 ] ] ], [ [ [ 323109.889468182693236, 2783370.108038142789155 ], [ 323254.581011497648433, 2783099.02155904378742 ], [ 323296.101666271686554, 2783035.335049079731107 ], [ 323096.485127416497562, 2782882.837089250795543 ], [ 323007.800364780589007, 2782499.575079818256199 ], [ 322492.900110325659625, 2782450.901056142523885 ], [ 322803.836221371195279, 2783019.59129829891026 ], [ 322693.877074189600535, 2783324.572497675195336 ], [ 322915.971472576085944, 2783422.487591644283384 ], [ 323109.889468182693236, 2783370.108038142789155 ] ] ] ] } },
{ "type": "Feature", "properties": { "cluster": 376 }, "geometry": { "type": "Polygon", "coordinates": [ [ [ 278850.791749416617677, 2821708.110658802092075 ], [ 278832.503327997750603, 2822000.972914040088654 ], [ 278795.487359306775033, 2822073.617036959622055 ], [ 279280.845013507176191, 2822048.973489957861602 ], [ 279180.057602874818258, 2821670.532383230980486 ], [ 278938.519398757605813, 2821539.324998887721449 ], [ 278850.791749416617677, 2821708.110658802092075 ] ] ] } },
{ "type": "Feature", "properties": { "cluster": 377 }, "geometry": { "type": "Polygon", "coordinates": [ [ [ 623942.462552448851056, 2683230.834887857548892 ], [ 623786.952528055408038, 2683598.247833077330142 ], [ 623729.709560065413825, 2683990.88454672973603 ], [ 623490.756535630207509, 2684149.374322686344385 ], [ 623412.224561215611175, 2684539.611371472943574 ], [ 623936.673509094165638, 2684239.652636856772006 ], [ 624173.784739526570775, 2684060.11283486476168 ], [ 624015.221254048869014, 2683849.417941515333951 ], [ 623959.712334236479364, 2683579.826175193767995 ], [ 623942.462552448851056, 2683230.834887857548892 ] ] ] } },
{ "type": "Feature", "properties": { "cluster": 378 }, "geometry": { "type": "Polygon", "coordinates": [ [ [ 408054.743306827731431, 2666068.337153546046466 ], [ 408049.014146398752928, 2666283.188958774320781 ], [ 408536.262521204480436, 2666185.934706235770136 ], [ 408449.877914069918916, 2665870.911052636802197 ], [ 408054.917104150576051, 2665937.675479211378843 ], [ 408054.743306827731431, 2666068.337153546046466 ] ] ] } },
{ "type": "Feature", "properties": { "cluster": 380 }, "geometry": { "type": "Polygon", "coordinates": [ [ [ 374889.880124252755195, 2705504.151633475441486 ], [ 374770.998864869878162, 2706154.187147857155651 ], [ 375086.802037566783838, 2706443.74042809009552 ], [ 375413.199193426524289, 2706101.952130766119808 ], [ 375088.75929322274169, 2705980.802990533411503 ], [ 374889.880124252755195, 2705504.151633475441486 ] ] ] } },
{ "type": "Feature", "properties": { "cluster": 381 }, "geometry": { "type": "MultiPolygon", "coordinates": [ [ [ [ 328079.967388373333961, 2774451.672139704227448 ], [ 328000.247133341385052, 2774450.462283613160253 ], [ 327951.896378266334068, 2774456.61143853655085 ], [ 328277.932029288262129, 2774548.877664859872311 ], [ 328079.967388373333961, 2774451.672139704227448 ] ] ], [ [ [ 328760.493724538129754, 2775054.603752834256738 ], [ 328886.153943207638804, 2774697.426132244523615 ], [ 328512.088550325599499, 2774555.899688674136996 ], [ 328277.932029288262129, 2774548.877664859872311 ], [ 328574.767405751044862, 2774806.578892502468079 ], [ 328760.493724538129754, 2775054.603752834256738 ] ] ] ] } },
{ "type": "Feature", "properties": { "cluster": 382 }, "geometry": { "type": "Polygon", "coordinates": [ [ [ 303896.899194782250561, 2774498.948966881725937 ], [ 303518.735123956343159, 2774445.673722567502409 ], [ 303721.008757233445067, 2774687.614195371977985 ], [ 303802.485815259627998, 2774950.130527886562049 ], [ 304300.78107474790886, 2774516.411283405032009 ], [ 303896.899194782250561, 2774498.948966881725937 ] ] ] } },
{ "type": "Feature", "properties": { "cluster": 383 }, "geometry": { "type": "Polygon", "coordinates": [ [ [ 449498.75595104059903, 2604283.507977714762092 ], [ 449203.047365695238113, 2604659.843772439286113 ], [ 449398.998541081033181, 2604951.443739132490009 ], [ 449622.851443370687775, 2605049.204723642207682 ], [ 449513.433739443542436, 2604691.983187776524574 ], [ 449498.75595104059903, 2604283.507977714762092 ] ] ] } },
{ "type": "Feature", "properties": { "cluster": 384 }, "geometry": { "type": "Polygon", "coordinates": [ [ [ 449644.08948479173705, 2624471.498892240226269 ], [ 449782.944188038003631, 2624539.660471900831908 ], [ 449747.304728755028918, 2624255.248490171507001 ], [ 449656.536914320487995, 2624240.063107604160905 ], [ 449644.08948479173705, 2624471.498892240226269 ] ] ] } },
{ "type": "Feature", "properties": { "cluster": 385 }, "geometry": { "type": "Polygon", "coordinates": [ [ [ 462489.486537805874832, 2632281.041265602223575 ], [ 462344.670865941036027, 2631827.492892830632627 ], [ 461717.278685528144706, 2631880.067886797711253 ], [ 461370.596604636462871, 2632142.273341523017734 ], [ 462065.42507939809002, 2632171.433967118617147 ], [ 462346.163930604874622, 2632400.984160106163472 ], [ 462489.486537805874832, 2632281.041265602223575 ] ] ] } },
{ "type": "Feature", "properties": { "cluster": 386 }, "geometry": { "type": "Polygon", "coordinates": [ [ [ 371314.280476860352792, 2707359.419125749729574 ], [ 371564.662813183502294, 2707693.796106786932796 ], [ 371747.424551114439964, 2707617.920802146662027 ], [ 372040.891768949280959, 2707566.508575912099332 ], [ 372236.844516384997405, 2707158.276191192679107 ], [ 371721.082930901495274, 2707176.277524576056749 ], [ 371314.280476860352792, 2707359.419125749729574 ] ] ] } },
{ "type": "Feature", "properties": { "cluster": 387 }, "geometry": { "type": "Polygon", "coordinates": [ [ [ 332701.764204041101038, 2706090.215544595383108 ], [ 332420.638846939313225, 2706066.988529378548265 ], [ 332293.483127783285454, 2706031.955682679079473 ], [ 331802.558430384029634, 2706353.522606315091252 ], [ 332099.988774992409162, 2706637.952144382055849 ], [ 332438.232923539238982, 2706351.449279885739088 ], [ 332991.127454066998325, 2706549.770577261224389 ], [ 332701.764204041101038, 2706090.215544595383108 ] ] ] } },
{ "type": "Feature", "properties": { "cluster": 388 }, "geometry": { "type": "Polygon", "coordinates": [ [ [ 531106.290023444220424, 2482221.159001500811428 ], [ 531496.972042349632829, 2482380.24291025986895 ], [ 531650.999104753835127, 2482534.422107922378927 ], [ 531787.814803411369212, 2483050.535997729748487 ], [ 531790.520759392762557, 2483235.400176758877933 ], [ 532181.202916220179759, 2482885.310492479242384 ], [ 532222.229429292492568, 2482454.797347269486636 ], [ 531877.816112586762756, 2482316.822199427057058 ], [ 531557.664617110625841, 2481884.459394204895943 ], [ 531537.186680528102443, 2481834.605445069260895 ], [ 531612.166349582490511, 2481398.626084676943719 ], [ 531532.253387727309018, 2481226.88778218626976 ], [ 531326.877660320489667, 2481522.021594736259431 ], [ 530853.614130462170579, 2481481.219306965824217 ], [ 530687.573674602434039, 2482184.899207681417465 ], [ 531106.290023444220424, 2482221.159001500811428 ] ] ] } },
{ "type": "Feature", "properties": { "cluster": 389 }, "geometry": { "type": "Polygon", "coordinates": [ [ [ 479788.654389759467449, 2565574.076668036635965 ], [ 479972.61355185235152, 2566158.340831859968603 ], [ 480113.64135708741378, 2566020.87970841769129 ], [ 480174.516063260321971, 2565628.90925899380818 ], [ 480392.229458609246649, 2565438.211479146499187 ], [ 480247.83860002970323, 2565360.910210720729083 ], [ 480015.511185077892151, 2565336.865630767773837 ], [ 479809.792525604658294, 2565315.002618319354951 ], [ 479502.693476157961413, 2565242.358253575861454 ], [ 479788.654389759467449, 2565574.076668036635965 ] ] ] } },
{ "type": "Feature", "properties": { "cluster": 390 }, "geometry": { "type": "Polygon", "coordinates": [ [ [ 525344.515965099562891, 2514304.447619070764631 ], [ 525520.095229367376305, 2513694.800240392331034 ], [ 525960.918038515374064, 2513516.216274226084352 ], [ 526166.592189319198951, 2513340.560037377290428 ], [ 526353.195105785969645, 2512913.59136572573334 ], [ 526750.702426559990272, 2512858.935807045549154 ], [ 526748.751647782279179, 2512800.262969458475709 ], [ 527336.108975390088744, 2512247.820650245528668 ], [ 527439.321772479102947, 2511960.194054430816323 ], [ 527389.262647983850911, 2511242.788049013819546 ], [ 526995.656060982844792, 2511389.312660482246429 ], [ 526404.611854378948919, 2511687.158676095772535 ], [ 526030.922756152809598, 2511609.028041634242982 ], [ 525900.467176182428375, 2511625.410294021945447 ], [ 525321.488738579093479, 2512097.11250159656629 ], [ 525870.05758217163384, 2512599.490829780697823 ], [ 525494.433161954628304, 2513075.961201176978648 ], [ 525224.497419120743871, 2513613.498873923439533 ], [ 525005.574457913055085, 2513737.118382078129798 ], [ 524562.992672832449898, 2513744.146746615413576 ], [ 524327.683087120880373, 2513845.610125601291656 ], [ 524894.891309639788233, 2514232.859543776605278 ], [ 524905.577625969890505, 2514604.819110277574509 ], [ 525333.184265302377753, 2514326.568170423619449 ], [ 525344.515965099562891, 2514304.447619070764631 ] ] ] } },
{ "type": "Feature", "properties": { "cluster": 391 }, "geometry": { "type": "Polygon", "coordinates": [ [ [ 551975.508054643520154, 2545833.69490791298449 ], [ 551909.881860101944767, 2545846.752368201036006 ], [ 551531.244170849444345, 2545700.425317928195 ], [ 551639.562065656995401, 2546383.843154505360872 ], [ 551696.75201664539054, 2546439.392217284068465 ], [ 552090.636440416215919, 2546320.086257742717862 ], [ 552157.612387617584318, 2546212.935543558094651 ], [ 552706.807780564762652, 2545930.343357848003507 ], [ 552545.116646003560163, 2545869.996132604312152 ], [ 552208.20932299119886, 2545806.826248098164797 ], [ 551975.508054643520154, 2545833.69490791298449 ] ] ] } },
{ "type": "Feature", "properties": { "cluster": 392 }, "geometry": { "type": "Polygon", "coordinates": [ [ [ 314021.81118143722415, 2745015.590993901714683 ], [ 313544.971941760974005, 2744449.276615050621331 ], [ 312976.048795706126839, 2744180.015665900893509 ], [ 312948.328493542678189, 2744596.937990601174533 ], [ 312926.441546380636282, 2744921.831086528021842 ], [ 313319.520909989019856, 2744976.330423799343407 ], [ 313531.063763988262508, 2745515.20098712714389 ], [ 313759.776841005776078, 2745679.394122662954032 ], [ 313982.802874061628245, 2745572.248420688789338 ], [ 314437.569977047096472, 2745629.269607751630247 ], [ 314483.795796764956322, 2745232.04507627338171 ], [ 314235.718750096333679, 2745206.579599915537983 ], [ 314021.81118143722415, 2745015.590993901714683 ] ] ] } },
{ "type": "Feature", "properties": { "cluster": 393 }, "geometry": { "type": "Polygon", "coordinates": [ [ [ 397845.598506081674714, 2722992.088770928326994 ], [ 398245.26400569989346, 2722685.734094164799899 ], [ 398169.331773662066553, 2722546.756823056843132 ], [ 398060.906859504582826, 2722533.153997105546296 ], [ 397845.598506081674714, 2722992.088770928326994 ] ] ] } },
{ "type": "Feature", "properties": { "cluster": 394 }, "geometry": { "type": "Polygon", "coordinates": [ [ [ 530714.622804637532681, 2524510.746613958384842 ], [ 531078.202681451919489, 2524348.760580350179225 ], [ 531391.007338052964769, 2524429.10847908584401 ], [ 531890.586986864218488, 2524010.602667725645006 ], [ 531897.757171779870987, 2523529.077717158012092 ], [ 531344.097223016433418, 2523295.455517135560513 ], [ 531244.156432480551302, 2523488.972044051624835 ], [ 531009.512923103757203, 2523817.265589518006891 ], [ 530909.907089148066007, 2523850.271783290896565 ], [ 530743.057831384590827, 2524151.033129777759314 ], [ 530714.622804637532681, 2524510.746613958384842 ] ] ] } },
{ "type": "Feature", "properties": { "cluster": 395 }, "geometry": { "type": "Polygon", "coordinates": [ [ [ 359562.684225799224805, 2757452.379995543509722 ], [ 359565.068011897441465, 2757389.222263859584928 ], [ 359553.05392019636929, 2757202.160396263934672 ], [ 359620.518162603140809, 2756984.380339400377125 ], [ 359117.949641496757977, 2757124.656470939982682 ], [ 358854.014375347236637, 2757290.185818637721241 ], [ 358852.734745261550415, 2757656.816518634092063 ], [ 359169.872671974124387, 2758345.811711814254522 ], [ 359637.082528829923831, 2757715.228305980097502 ], [ 359562.684225799224805, 2757452.379995543509722 ] ] ] } },
{ "type": "Feature", "properties": { "cluster": 396 }, "geometry": { "type": "Polygon", "coordinates": [ [ [ 424695.014418400241993, 2602785.047510626725852 ], [ 425185.834741692582611, 2602886.273416968528181 ], [ 424881.148860275570769, 2602593.327340760733932 ], [ 424783.256278378423303, 2602415.576294420752674 ], [ 424602.31446004321333, 2602168.501712811179459 ], [ 424695.014418400241993, 2602785.047510626725852 ] ] ] } },
{ "type": "Feature", "properties": { "cluster": 397 }, "geometry": { "type": "Polygon", "coordinates": [ [ [ 441050.376582047494594, 2588960.434438954573125 ], [ 441090.77310424746247, 2589097.554648680146784 ], [ 441370.668326204875484, 2589082.045724656898528 ], [ 441375.292391198221594, 2588960.245162000413984 ], [ 441090.847583846538328, 2588860.632585442624986 ], [ 441050.376582047494594, 2588960.434438954573125 ] ] ] } },
{ "type": "Feature", "properties": { "cluster": 398 }, "geometry": { "type": "Polygon", "coordinates": [ [ [ 451774.446364156028721, 2584862.839548356831074 ], [ 451412.365483836620115, 2584775.460008515976369 ], [ 451032.4174278274877, 2584540.905813633464277 ], [ 451227.948660014662892, 2584947.666868130210787 ], [ 451590.05920916137984, 2585045.005528775975108 ], [ 451768.799120129668154, 2585011.20770527003333 ], [ 451774.446364156028721, 2584862.839548356831074 ] ] ] } },
{ "type": "Feature", "properties": { "cluster": 405 }, "geometry": { "type": "MultiPolygon", "coordinates": [ [ [ [ 476764.02464567736024, 2564444.889471022877842 ], [ 476317.770414292113855, 2564410.167449160013348 ], [ 475903.931227768829558, 2564170.605233939830214 ], [ 475723.102128077880479, 2563735.835138622671366 ], [ 475268.970913198252674, 2563902.637106393929571 ], [ 475107.432141307275742, 2564000.325104576069862 ], [ 475242.065292202576529, 2564339.959873250685632 ], [ 475172.90061227924889, 2564595.799779296852648 ], [ 475584.180126543855295, 2565146.422523172572255 ], [ 476196.370761233265512, 2564650.587141228374094 ], [ 476583.302517652569804, 2564710.860396064817905 ], [ 476764.02464567736024, 2564444.889471022877842 ] ] ], [ [ [ 477320.864828688965645, 2564520.416192976757884 ], [ 477383.097894617822021, 2564393.012872991152108 ], [ 476764.02464567736024, 2564444.889471022877842 ], [ 477320.864828688965645, 2564520.416192976757884 ] ] ] ] } },
{ "type": "Feature", "properties": { "cluster": 399 }, "geometry": { "type": "Polygon", "coordinates": [ [ [ 487444.064670020947233, 2499000.393962772097439 ], [ 487280.615184040099848, 2498970.641260200180113 ], [ 487325.977946146915201, 2499137.752215957269073 ], [ 487458.842911415675189, 2499475.260892687365413 ], [ 487501.966114407987334, 2499420.985383399296552 ], [ 487511.981607222231105, 2499098.856474864762276 ], [ 487444.064670020947233, 2499000.393962772097439 ] ] ] } },
{ "type": "Feature", "properties": { "cluster": 400 }, "geometry": { "type": "Polygon", "coordinates": [ [ [ 517237.925369455944747, 2499714.497713894117624 ], [ 517098.790551451442298, 2500058.602346832863986 ], [ 517509.811890789889731, 2500131.018246141728014 ], [ 517665.104903897736222, 2500042.640734892804176 ], [ 517760.448001446609851, 2499361.978430286049843 ], [ 517237.925369455944747, 2499714.497713894117624 ] ] ] } },
{ "type": "Feature", "properties": { "cluster": 401 }, "geometry": { "type": "MultiPolygon", "coordinates": [ [ [ [ 376327.665655302407686, 2741434.744623891543597 ], [ 376903.745885159238242, 2740953.372897703200579 ], [ 376704.993951324315276, 2740662.763585064094514 ], [ 376407.195276296930388, 2740491.545199569314718 ], [ 376211.749101375986356, 2740571.927278797607869 ], [ 376091.076591608230956, 2740759.06982458056882 ], [ 375883.712765383184887, 2741200.611449153162539 ], [ 375813.516325474076439, 2741490.302068822085857 ], [ 375982.278945673431735, 2741592.891910371370614 ], [ 376205.790389918955043, 2741599.747283305041492 ], [ 376327.665655302407686, 2741434.744623891543597 ] ] ], [ [ [ 377828.692964544228744, 2741155.589416037779301 ], [ 377739.696418321109377, 2740924.908928104676306 ], [ 377463.867109341605101, 2741062.467322546523064 ], [ 376903.745885159238242, 2740953.372897703200579 ], [ 377211.683275354618672, 2741357.086838813032955 ], [ 377616.15915411466267, 2741361.250564721412957 ], [ 377720.764351917780004, 2741413.484427536837757 ], [ 377828.692964544228744, 2741155.589416037779301 ] ] ] ] } },
{ "type": "Feature", "properties": { "cluster": 402 }, "geometry": { "type": "Polygon", "coordinates": [ [ [ 355475.138848557078745, 2715785.076679275371134 ], [ 355124.959800028649624, 2715524.993909542448819 ], [ 354844.908007238176651, 2715385.136505771428347 ], [ 354478.400681228900794, 2715310.313082564156502 ], [ 354412.013755302585196, 2715647.705851056613028 ], [ 354756.330695028940681, 2715635.260002242866904 ], [ 355401.067249265150167, 2716067.164932923391461 ], [ 355475.138848557078745, 2715785.076679275371134 ] ] ] } },
{ "type": "Feature", "properties": { "cluster": 403 }, "geometry": { "type": "Polygon", "coordinates": [ [ [ 381792.891005851444788, 2707994.696409132797271 ], [ 381913.994884451851249, 2707813.162481785751879 ], [ 382467.839042284176685, 2707626.885611660312861 ], [ 382375.9123120274744, 2707421.673797749914229 ], [ 381981.985732668079436, 2706980.903508288785815 ], [ 381728.401937418733723, 2707558.909487514290959 ], [ 381630.782144506636541, 2707880.891434515360743 ], [ 381412.946401784138288, 2708128.585607611108571 ], [ 381792.891005851444788, 2707994.696409132797271 ] ] ] } },
{ "type": "Feature", "properties": { "cluster": 404 }, "geometry": { "type": "Polygon", "coordinates": [ [ [ 433983.651593852089718, 2596417.032359883189201 ], [ 433575.195837836654391, 2596652.479745674878359 ], [ 433497.39653726213146, 2597062.472412167117 ], [ 433516.436187288956717, 2597433.27711551822722 ], [ 433887.350650781358127, 2597483.637434753589332 ], [ 434171.16336826805491, 2597694.932136918883771 ], [ 434514.526308290602174, 2597522.897424648981541 ], [ 434747.447040249302518, 2597084.542079002596438 ], [ 434493.151124031108338, 2596622.892214813269675 ], [ 434390.873979123076424, 2596359.850845341570675 ], [ 434715.227204292023089, 2595809.267510152887553 ], [ 434354.5984809336951, 2596012.372882974334061 ], [ 434208.217102286755107, 2596164.705156307201833 ], [ 433983.651593852089718, 2596417.032359883189201 ] ] ] } },
{ "type": "Feature", "properties": { "cluster": 406 }, "geometry": { "type": "Polygon", "coordinates": [ [ [ 525193.404862599563785, 2534160.151529842987657 ], [ 524813.060996238258667, 2534097.529572754632682 ], [ 524923.257124542957172, 2534433.130792265292257 ], [ 525043.028016765485518, 2534557.312648072838783 ], [ 525134.348761553294025, 2534523.147635179106146 ], [ 525193.404862599563785, 2534160.151529842987657 ] ] ] } },
{ "type": "Feature", "properties": { "cluster": 407 }, "geometry": { "type": "Polygon", "coordinates": [ [ [ 531437.180106888292357, 2533806.557585802394897 ], [ 531133.957380714127794, 2533649.841954465489835 ], [ 530875.307354990276508, 2533758.903629693668336 ], [ 530540.105977645143867, 2533691.801619316451252 ], [ 530690.561262541217729, 2533836.016811045818031 ], [ 531073.730799438199028, 2534012.813976631965488 ], [ 531437.180106888292357, 2533806.557585802394897 ] ] ] } },
{ "type": "Feature", "properties": { "cluster": 408 }, "geometry": { "type": "Polygon", "coordinates": [ [ [ 526852.081544122542255, 2518255.610180748160928 ], [ 526961.17677921068389, 2518675.347741681151092 ], [ 527196.814547340618446, 2518932.586607340723276 ], [ 527294.070613695308566, 2518506.574553157668561 ], [ 527392.025294398423284, 2518265.429727124981582 ], [ 527051.273519040201791, 2518231.609982674475759 ], [ 526852.081544122542255, 2518255.610180748160928 ] ] ] } },
{ "type": "Feature", "properties": { "cluster": 409 }, "geometry": { "type": "Polygon", "coordinates": [ [ [ 526821.164138505118899, 2517160.756111692171544 ], [ 526829.504021567641757, 2517088.817421060055494 ], [ 526925.438217991148122, 2516829.95478589553386 ], [ 527260.41713929688558, 2516665.612328510265797 ], [ 527089.391077992971987, 2516427.30706903571263 ], [ 527020.608601331827231, 2516424.970754355192184 ], [ 526940.511242522741668, 2516434.791424410883337 ], [ 526623.501300724805333, 2516303.610173216555268 ], [ 526303.08077857340686, 2516953.95359045965597 ], [ 526656.30818308761809, 2517501.414646565448493 ], [ 526821.164138505118899, 2517160.756111692171544 ] ] ] } },
{ "type": "Feature", "properties": { "cluster": 410 }, "geometry": { "type": "Polygon", "coordinates": [ [ [ 517415.941733663610648, 2498625.46380437258631 ], [ 517034.676385594939347, 2498563.046405151486397 ], [ 517470.303245114744641, 2498726.257733789738268 ], [ 517560.80590464535635, 2498680.976375144440681 ], [ 517415.941733663610648, 2498625.46380437258631 ] ] ] } },
{ "type": "Feature", "properties": { "cluster": 411 }, "geometry": { "type": "Polygon", "coordinates": [ [ [ 498240.555455133027863, 2491722.776546147186309 ], [ 498429.827568133478053, 2492333.782894458156079 ], [ 498705.424144294403959, 2492565.106250569690019 ], [ 498932.698976712184958, 2492996.792891255114228 ], [ 499207.236403368005995, 2493005.631746273953468 ], [ 499044.75419348559808, 2492648.101418019738048 ], [ 498998.477313593495637, 2492562.870493811089545 ], [ 498810.256607023999095, 2491921.969742134213448 ], [ 499054.965126837254502, 2491483.607578885741532 ], [ 498616.923809250176419, 2491784.72629428980872 ], [ 498240.555455133027863, 2491722.776546147186309 ] ] ] } },
{ "type": "Feature", "properties": { "cluster": 412 }, "geometry": { "type": "Polygon", "coordinates": [ [ [ 569754.609391639474779, 2493725.191111501771957 ], [ 569754.498808481614105, 2493749.544885525014251 ], [ 569831.360158044262789, 2493806.351735193282366 ], [ 570022.537506086751819, 2493597.996508794371039 ], [ 570195.966401510522701, 2493449.341160504613072 ], [ 569851.261019587749615, 2493273.969191554468125 ], [ 569813.735218443907797, 2493385.606872502248734 ], [ 569754.609391639474779, 2493725.191111501771957 ] ] ] } },
{ "type": "Feature", "properties": { "cluster": 413 }, "geometry": { "type": "MultiPolygon", "coordinates": [ [ [ [ 359943.018133127014153, 2751561.617363447789103 ], [ 359738.237702306651045, 2750999.938573596999049 ], [ 359791.378759220358916, 2751554.301091955043375 ], [ 359943.018133127014153, 2751561.617363447789103 ] ] ], [ [ [ 359400.980896177468821, 2752012.399162597954273 ], [ 359791.378759220358916, 2751554.301091955043375 ], [ 359144.799824606918264, 2751761.380308403633535 ], [ 358887.270927641075104, 2751675.411614773795009 ], [ 358670.163188318198081, 2752081.913791051600128 ], [ 359068.706434014486149, 2752125.451477549038827 ], [ 359245.675239014031831, 2752238.829523420426995 ], [ 359400.980896177468821, 2752012.399162597954273 ] ] ] ] } },
{ "type": "Feature", "properties": { "cluster": 414 }, "geometry": { "type": "MultiPolygon", "coordinates": [ [ [ [ 661660.25275293237064, 2863070.529110208619386 ], [ 661403.168340062722564, 2863357.629774048924446 ], [ 660888.654358553118072, 2863880.878705241717398 ], [ 661474.294234941480681, 2863686.429333179723471 ], [ 661572.094151305151172, 2863556.903559988830239 ], [ 661778.258712372393347, 2863335.651120335329324 ], [ 661754.970483271870762, 2862915.042582169175148 ], [ 661784.979398617753759, 2862764.964418006129563 ], [ 661701.619564121006988, 2862722.062105426099151 ], [ 661686.590397625463083, 2862884.73258868791163 ], [ 661660.25275293237064, 2863070.529110208619386 ] ] ], [ [ [ 661060.505628751358017, 2864495.628442076966166 ], [ 660888.654358553118072, 2863880.878705241717398 ], [ 660674.967458025785163, 2863875.052235682494938 ], [ 660363.866426379885525, 2863935.397962617687881 ], [ 660791.37708212248981, 2864132.279569321777672 ], [ 660670.176872336887754, 2864783.324530885089189 ], [ 661060.505628751358017, 2864495.628442076966166 ] ] ] ] } },
{ "type": "Feature", "properties": { "cluster": 415 }, "geometry": { "type": "Polygon", "coordinates": [ [ [ 473280.197002514556516, 2566045.972260097507387 ], [ 473116.358750913175754, 2566549.969469497911632 ], [ 472863.854965194943361, 2566681.058402461931109 ], [ 472979.141369421267882, 2567057.241636509541422 ], [ 473446.535916029068176, 2566936.839766734745353 ], [ 473768.573567481478676, 2566198.981464254204184 ], [ 473476.796625655610114, 2565544.13293090229854 ], [ 473513.356272198027, 2565386.868682771921158 ], [ 473357.702678651898168, 2564755.028997635468841 ], [ 473261.432301828404889, 2564714.241260293405503 ], [ 472805.345453464076854, 2564899.942309403792024 ], [ 472587.255444739479572, 2564838.348239588085562 ], [ 472669.998573509044945, 2565314.221800438594073 ], [ 472622.048551821091678, 2565394.016568726859987 ], [ 472765.423700743762311, 2565453.533536044415087 ], [ 473066.659189252648503, 2565662.215347094926983 ], [ 473280.197002514556516, 2566045.972260097507387 ] ] ] } },
{ "type": "Feature", "properties": { "cluster": 416 }, "geometry": { "type": "Polygon", "coordinates": [ [ [ 541272.703259805566631, 2523293.770816516596824 ], [ 541307.573323214659467, 2523301.614770546555519 ], [ 541463.499812581343576, 2523323.07336958264932 ], [ 541206.366572923725471, 2523158.53652777755633 ], [ 541272.703259805566631, 2523293.770816516596824 ] ] ] } },
{ "type": "Feature", "properties": { "cluster": 417 }, "geometry": { "type": "Polygon", "coordinates": [ [ [ 485183.229675892041996, 2506829.654351142700762 ], [ 484631.273813941632397, 2506537.963777957484126 ], [ 484130.91000977071235, 2506483.12769019883126 ], [ 484423.34934923023684, 2507148.106591724790633 ], [ 484949.446415124635678, 2507278.199714691843837 ], [ 485183.229675892041996, 2506829.654351142700762 ] ] ] } },
{ "type": "Feature", "properties": { "cluster": 418 }, "geometry": { "type": "Polygon", "coordinates": [ [ [ 442392.327228877227753, 2576215.722373067867011 ], [ 442174.734040501003619, 2576797.793871057219803 ], [ 442800.674948155414313, 2576298.279151346534491 ], [ 443054.026292456954252, 2576230.87768081529066 ], [ 443338.562576978525613, 2575760.380497645586729 ], [ 442635.092076063272543, 2576055.359206264372915 ], [ 442392.327228877227753, 2576215.722373067867011 ] ] ] } },
{ "type": "Feature", "properties": { "cluster": 419 }, "geometry": { "type": "Polygon", "coordinates": [ [ [ 338477.896682441816665, 2751791.336198634468019 ], [ 338305.515250282362103, 2751912.992807085625827 ], [ 338305.092857343493961, 2752220.938760295510292 ], [ 338774.260892090969719, 2752160.046770064625889 ], [ 339361.090212758397684, 2751963.765355727169663 ], [ 339131.178650561487302, 2751746.020304886624217 ], [ 338835.998397040355485, 2751564.489338814280927 ], [ 338680.761893892195076, 2751683.724598445463926 ], [ 338477.896682441816665, 2751791.336198634468019 ] ] ] } },
{ "type": "Feature", "properties": { "cluster": 420 }, "geometry": { "type": "Polygon", "coordinates": [ [ [ 348082.423990468611009, 2772704.299524929840118 ], [ 347969.387672863842454, 2772701.128258201293647 ], [ 347435.066056668991223, 2772287.282700214069337 ], [ 347432.352154406602494, 2772676.10959509620443 ], [ 347913.400501630268991, 2772747.167309631127864 ], [ 348048.82768781890627, 2772767.811500851996243 ], [ 348082.423990468611009, 2772704.299524929840118 ] ] ] } },
{ "type": "Feature", "properties": { "cluster": 421 }, "geometry": { "type": "Polygon", "coordinates": [ [ [ 348196.516028595622629, 2780854.480444590095431 ], [ 348038.667769338178914, 2780985.843889802694321 ], [ 348061.820726275036577, 2781162.815698280464858 ], [ 348363.648741554585285, 2781374.337072952650487 ], [ 348695.700201238971204, 2781222.206232048105448 ], [ 348196.516028595622629, 2780854.480444590095431 ] ] ] } },
{ "type": "Feature", "properties": { "cluster": 422 }, "geometry": { "type": "Polygon", "coordinates": [ [ [ 341842.252659047138877, 2781319.056621254421771 ], [ 341951.182334378012456, 2781495.025259133428335 ], [ 341989.018545025435742, 2781713.914544180966914 ], [ 342373.181111110607162, 2781539.971831893082708 ], [ 342526.798060602857731, 2781396.402811285573989 ], [ 341973.501129146490712, 2780986.320894360542297 ], [ 341842.252659047138877, 2781319.056621254421771 ] ] ] } },
{ "type": "Feature", "properties": { "cluster": 427 }, "geometry": { "type": "MultiPolygon", "coordinates": [ [ [ [ 530346.942671241937205, 2511824.014866582117975 ], [ 529984.250384216895327, 2511909.640707631595433 ], [ 529606.552396483719349, 2512320.695673040580004 ], [ 529997.051816739374772, 2512188.622848518658429 ], [ 530442.496921770391054, 2512829.336746079847217 ], [ 530308.192645589355379, 2513234.221235797274858 ], [ 530404.09616688801907, 2513546.579088289756328 ], [ 530984.958465309930034, 2513715.013885909225792 ], [ 531260.528708575293422, 2514033.168442841619253 ], [ 531165.027141520171426, 2513685.050267391838133 ], [ 531164.985857266467065, 2513655.051155433990061 ], [ 531194.988840434001759, 2513295.013636521995068 ], [ 531175.027426168438978, 2513164.017660540994257 ], [ 530925.030310526955873, 2512785.033539553638548 ], [ 530924.988523083622567, 2512755.03446427360177 ], [ 530520.353350378456526, 2512411.05666596442461 ], [ 530535.038218495086767, 2512155.043277500662953 ], [ 530605.051510302815586, 2511656.27127950033173 ], [ 530346.942671241937205, 2511824.014866582117975 ] ] ], [ [ [ 532318.833437056280673, 2513718.783012797590345 ], [ 531748.776914980378933, 2514284.355492178816348 ], [ 531723.275183844263665, 2514696.097684708889574 ], [ 531029.129303748952225, 2514714.592223667073995 ], [ 531216.726334632840008, 2515363.664343548472971 ], [ 530925.696062848204747, 2515591.107323803473264 ], [ 530788.099622335634194, 2515598.577083114534616 ], [ 530536.732844074605964, 2515508.405327236279845 ], [ 530771.537734488374554, 2515664.962210110388696 ], [ 531155.40299153001979, 2515727.7342548542656 ], [ 531624.072051859460771, 2515494.021957873366773 ], [ 532050.540174046996981, 2515316.690891214646399 ], [ 532194.128478817176074, 2514905.198203621432185 ], [ 532165.432980091543868, 2514393.713954442646354 ], [ 532540.351423535030335, 2513850.985048285219818 ], [ 532489.026488936739042, 2513361.591847065836191 ], [ 532204.17513223271817, 2513553.600618155207485 ], [ 532318.833437056280673, 2513718.783012797590345 ] ] ] ] } },
{ "type": "Feature", "properties": { "cluster": 423 }, "geometry": { "type": "Polygon", "coordinates": [ [ [ 434047.32528642565012, 2593310.131424870342016 ], [ 434076.278064186742995, 2593388.607902262359858 ], [ 434107.190275607339572, 2593904.392491537611932 ], [ 434222.437747731863055, 2593408.988904118072242 ], [ 434604.924834946519695, 2593283.284517235122621 ], [ 434121.488858623895794, 2592992.052559193689376 ], [ 434047.32528642565012, 2593310.131424870342016 ] ] ] } },
{ "type": "Feature", "properties": { "cluster": 424 }, "geometry": { "type": "Polygon", "coordinates": [ [ [ 292296.417894396581687, 2810179.068135228939354 ], [ 291992.117809384944849, 2810222.558521693106741 ], [ 292046.118862059782259, 2810264.937229372095317 ], [ 292267.815473000344355, 2810672.600572119001299 ], [ 292260.203262736671604, 2810831.172083486337215 ], [ 292503.784582669497468, 2810962.591017205268145 ], [ 292649.87378505372908, 2810581.376310091465712 ], [ 292863.159055438998621, 2810445.117997667752206 ], [ 292690.553460887167603, 2810217.303133762441576 ], [ 292296.417894396581687, 2810179.068135228939354 ] ] ] } },
{ "type": "Feature", "properties": { "cluster": 425 }, "geometry": { "type": "Polygon", "coordinates": [ [ [ 309988.963030113605782, 2845679.319134218618274 ], [ 309928.992831988492981, 2845626.995664178859442 ], [ 309565.179295012610964, 2845524.745989312883466 ], [ 309452.560474470956251, 2845371.245238079689443 ], [ 309276.825377230532467, 2845853.54132581083104 ], [ 308959.10308607382467, 2845954.518112304154783 ], [ 308670.799452062463388, 2846632.351447412744164 ], [ 308708.747745297267102, 2847174.728648718446493 ], [ 309133.857138879597187, 2847215.127407904714346 ], [ 309274.389451734954491, 2847008.119890924077481 ], [ 309529.459551174135413, 2846739.633272536564618 ], [ 309853.989358283113688, 2846205.341798641253263 ], [ 309882.935019641066901, 2845984.433563996572047 ], [ 309988.963030113605782, 2845679.319134218618274 ] ] ] } },
{ "type": "Feature", "properties": { "cluster": 426 }, "geometry": { "type": "Polygon", "coordinates": [ [ [ 368684.964576706814114, 2757974.996640164870769 ], [ 368759.849204759113491, 2757906.275924259331077 ], [ 368775.4951903532492, 2757641.419097654987127 ], [ 368594.093264069757424, 2757681.919505356810987 ], [ 368304.43669269856764, 2757807.635632493998855 ], [ 368154.673887002747506, 2757987.391557542607188 ], [ 368562.705284487223253, 2758095.340929694939405 ], [ 368684.964576706814114, 2757974.996640164870769 ] ] ] } },
{ "type": "Feature", "properties": { "cluster": 428 }, "geometry": { "type": "Polygon", "coordinates": [ [ [ 350999.737575414357707, 2793975.016960373613983 ], [ 351105.049674652284011, 2793915.038315370678902 ], [ 351245.373659182165284, 2793869.296897806227207 ], [ 351165.047383945435286, 2793764.949894203804433 ], [ 351134.972796679532621, 2793705.022399091627449 ], [ 351019.47483171778731, 2793663.537334795109928 ], [ 350954.956753150734585, 2793705.011425822041929 ], [ 350923.389797995390836, 2793719.980953871272504 ], [ 350870.970955420983955, 2793808.066838296595961 ], [ 350999.737575414357707, 2793975.016960373613983 ] ] ] } },
{ "type": "Feature", "properties": { "cluster": 429 }, "geometry": { "type": "Polygon", "coordinates": [ [ [ 559609.888083377736621, 2486024.342872676905245 ], [ 559364.51522658043541, 2486161.768648618832231 ], [ 559288.864397751982324, 2486305.385081334039569 ], [ 559577.143190200789832, 2486511.288442200981081 ], [ 559631.763851200579666, 2486751.714945506770164 ], [ 559880.285533832735382, 2486861.163039894774556 ], [ 560590.251914493972436, 2486819.658969823271036 ], [ 560531.130552405724302, 2486157.450009505264461 ], [ 560096.166941047762521, 2486107.040767922531813 ], [ 559609.888083377736621, 2486024.342872676905245 ] ] ] } },
{ "type": "Feature", "properties": { "cluster": 430 }, "geometry": { "type": "Polygon", "coordinates": [ [ [ 476827.850104092969559, 2633837.463361095171422 ], [ 476756.237562337541021, 2633642.725004106760025 ], [ 476413.214971007255372, 2633788.313629813026637 ], [ 475892.395650427090004, 2634199.915363064967096 ], [ 475871.167258130910341, 2634296.270466092508286 ], [ 475848.878073803032748, 2634367.163561494555324 ], [ 476240.564337788324337, 2634715.257857685443014 ], [ 476597.035071807389613, 2634712.461765768006444 ], [ 476788.322389280539937, 2634593.691059490200132 ], [ 476981.679851468943525, 2634493.740711214952171 ], [ 477195.347472807508893, 2634353.904533707071096 ], [ 476827.850104092969559, 2633837.463361095171422 ] ] ] } },
{ "type": "Feature", "properties": { "cluster": 431 }, "geometry": { "type": "Polygon", "coordinates": [ [ [ 475416.617124003125355, 2669736.785348844248801 ], [ 475392.429683414346073, 2669262.958799908868968 ], [ 474975.596819680242334, 2669697.695748116355389 ], [ 474912.245395375939552, 2670070.923525751568377 ], [ 474908.642121160461102, 2670332.222077924758196 ], [ 475370.982172331481706, 2670373.486855178605765 ], [ 475559.688061319757253, 2670219.264883711468428 ], [ 475416.617124003125355, 2669736.785348844248801 ] ] ] } },
{ "type": "Feature", "properties": { "cluster": 432 }, "geometry": { "type": "Polygon", "coordinates": [ [ [ 364905.792532638064586, 2716127.021360191516578 ], [ 364652.901055751484819, 2716163.803792819846421 ], [ 364826.520052783191204, 2716518.743825823999941 ], [ 364814.997415935853496, 2716605.020634398330003 ], [ 364844.980285625206307, 2716604.951807576231658 ], [ 365029.170840919134207, 2716315.214167695958167 ], [ 365091.541513003641739, 2716270.310494746547192 ], [ 364905.792532638064586, 2716127.021360191516578 ] ] ] } },
{ "type": "Feature", "properties": { "cluster": 433 }, "geometry": { "type": "Polygon", "coordinates": [ [ [ 391501.868075699545443, 2739392.469643875490874 ], [ 391564.478325251955539, 2739123.976635961793363 ], [ 391510.024431913217995, 2739143.230317419394851 ], [ 391129.487679996760562, 2739358.850904094520956 ], [ 391166.585465334181208, 2739447.154643924441189 ], [ 391470.607423134730197, 2739532.253211077768356 ], [ 391501.868075699545443, 2739392.469643875490874 ] ] ] } },
{ "type": "Feature", "properties": { "cluster": 434 }, "geometry": { "type": "Polygon", "coordinates": [ [ [ 306339.099685212073382, 2738189.316179362125695 ], [ 306057.814088621991687, 2738259.72823621192947 ], [ 305777.07688115228666, 2738224.890563180670142 ], [ 305730.000279824482277, 2738402.811258659698069 ], [ 306221.951673523988575, 2738854.570976585149765 ], [ 306488.084347227879334, 2738280.292757029179484 ], [ 306339.099685212073382, 2738189.316179362125695 ] ] ] } },
{ "type": "Feature", "properties": { "cluster": 435 }, "geometry": { "type": "Polygon", "coordinates": [ [ [ 311729.439128073805477, 2809076.144009751267731 ], [ 311927.422668875427917, 2808983.629261902533472 ], [ 312371.137395969009958, 2809046.119554333388805 ], [ 312524.350927034160122, 2809712.064923143014312 ], [ 312719.912883987883106, 2810096.006070286035538 ], [ 313425.679290285566822, 2810045.19265376124531 ], [ 313703.66840890556341, 2810279.539130013436079 ], [ 313722.739348461211193, 2810275.950884584803134 ], [ 313860.277831665007398, 2810106.74762297840789 ], [ 314093.258496069349349, 2809780.007839856669307 ], [ 314637.369631826877594, 2809901.009065743535757 ], [ 314852.112665597873274, 2809855.947139287367463 ], [ 314411.405383187695406, 2809279.260929049458355 ], [ 314133.696866780985147, 2808992.823289852589369 ], [ 314113.481910642993171, 2808549.934097508899868 ], [ 313984.385955544887111, 2808530.669329072348773 ], [ 313372.038888334180228, 2808501.487127905711532 ], [ 313196.46655489585828, 2808469.579973131883889 ], [ 312794.992947234190069, 2808224.994247848168015 ], [ 313064.397144865710288, 2807585.073936051689088 ], [ 312645.045587417320348, 2808074.964166661258787 ], [ 312584.956928526342381, 2808075.026052964385599 ], [ 312554.962135948997457, 2808075.001009539235383 ], [ 312524.967338164220564, 2808074.976032982580364 ], [ 312494.98864108370617, 2808104.975828869733959 ], [ 312174.717329137260094, 2808458.334274224936962 ], [ 312055.122166353685316, 2808471.085085452068597 ], [ 311572.72388560231775, 2807876.228199583012611 ], [ 311170.767887787718792, 2808496.773239440284669 ], [ 310999.542878176434897, 2808703.040605442132801 ], [ 310628.316729823010974, 2809000.762486991472542 ], [ 310313.010365992086008, 2808980.833937204442918 ], [ 310122.161540294706356, 2808794.069787263870239 ], [ 310027.465297981863841, 2808716.743537922855467 ], [ 309860.678283201996237, 2808595.011502682697028 ], [ 309733.549109321145806, 2808715.360840898938477 ], [ 309503.104386227321811, 2808860.442376273218542 ], [ 309485.642829427146353, 2809332.677180823404342 ], [ 309395.48567511793226, 2809717.307216967921704 ], [ 309924.675463027670048, 2810130.831781235989183 ], [ 309739.634339693351649, 2810566.660204990301281 ], [ 309978.381526052369736, 2810797.058110868558288 ], [ 310278.456094571854919, 2810881.451828508172184 ], [ 310445.660468064830638, 2811106.220223065000027 ], [ 310910.905140477523673, 2811415.425688897725195 ], [ 311426.560965022421442, 2811159.994806807022542 ], [ 311480.952760422602296, 2811163.66288052406162 ], [ 311553.864262416784186, 2810765.99660025537014 ], [ 311380.484219301259145, 2810315.282305547967553 ], [ 311568.964215216692537, 2810048.947453963570297 ], [ 311506.716367108398117, 2809700.819633990060538 ], [ 311481.537600731127895, 2809556.032787554431707 ], [ 311729.439128073805477, 2809076.144009751267731 ] ] ] } },
{ "type": "Feature", "properties": { "cluster": 436 }, "geometry": { "type": "Polygon", "coordinates": [ [ [ 489171.229834283818491, 2534180.643265592399985 ], [ 489304.89963221171638, 2534689.762182023376226 ], [ 489465.076650242204778, 2534992.964176901616156 ], [ 489668.940407001820859, 2534714.969207067973912 ], [ 489966.222712742746808, 2534581.930044724140316 ], [ 490730.173160557809751, 2534595.832135775126517 ], [ 490886.947342573083006, 2534404.227856429759413 ], [ 490785.301991984830238, 2534196.176062866579741 ], [ 490703.009480896347668, 2533779.999620733782649 ], [ 491014.564083741162904, 2533458.784990380518138 ], [ 491072.801612628391013, 2533093.445223248563707 ], [ 491018.353245231439359, 2532932.964668962638825 ], [ 491015.194948377669789, 2532795.700409873388708 ], [ 490625.248909351008479, 2532411.813777808565646 ], [ 490617.230740077327937, 2532711.811617629602551 ], [ 490164.192053538630717, 2533103.972734728362411 ], [ 490145.957335353130475, 2533448.257199943531305 ], [ 490208.750665139348712, 2533814.628767194226384 ], [ 489818.453928836563136, 2534422.622857988812029 ], [ 489615.043402853480075, 2534475.011301466263831 ], [ 489171.229834283818491, 2534180.643265592399985 ] ] ] } },
{ "type": "Feature", "properties": { "cluster": 437 }, "geometry": { "type": "Polygon", "coordinates": [ [ [ 526155.284081915277056, 2510356.154072138015181 ], [ 526364.655501459958032, 2510443.964999575167894 ], [ 526995.709086342249066, 2510199.322479151654989 ], [ 527212.267506645061076, 2510287.157785078044981 ], [ 527565.012740402249619, 2510204.990171505138278 ], [ 527564.96425649151206, 2510174.991266254801303 ], [ 527224.42294835508801, 2509806.755819952115417 ], [ 527055.92793295183219, 2509834.130163074005395 ], [ 526742.809654712444171, 2509748.34153761388734 ], [ 526613.744457915541716, 2510135.553999528754503 ], [ 526155.284081915277056, 2510356.154072138015181 ] ] ] } },
{ "type": "Feature", "properties": { "cluster": 438 }, "geometry": { "type": "Polygon", "coordinates": [ [ [ 554363.38057405827567, 2498204.973513320554048 ], [ 554112.271906402311288, 2498288.21619314327836 ], [ 554109.317412975127809, 2498542.812871485482901 ], [ 554303.209015333210118, 2498650.876340984366834 ], [ 554433.275005360017531, 2498206.328498640097678 ], [ 554363.38057405827567, 2498204.973513320554048 ] ] ] } },
{ "type": "Feature", "properties": { "cluster": 439 }, "geometry": { "type": "Polygon", "coordinates": [ [ [ 559949.17474032449536, 2487662.887414986267686 ], [ 559555.436157225980423, 2487602.689906890504062 ], [ 559507.68924180965405, 2487979.986907311715186 ], [ 559738.664785265456885, 2488365.004832411184907 ], [ 560109.533886034740135, 2488218.11198384873569 ], [ 560318.909617653349414, 2487810.452906952705234 ], [ 560741.782213604426943, 2487784.440096391830593 ], [ 560690.752302450593561, 2487682.3962143342942 ], [ 560631.200671936850995, 2487654.487041836604476 ], [ 560293.935041902936064, 2487621.060625297948718 ], [ 559949.17474032449536, 2487662.887414986267686 ] ] ] } },
{ "type": "Feature", "properties": { "cluster": 440 }, "geometry": { "type": "Polygon", "coordinates": [ [ [ 542807.251201785169542, 2477199.274503957480192 ], [ 542652.19521530228667, 2477064.906245123129338 ], [ 542507.145223741419613, 2476659.366153110284358 ], [ 542366.891247538151219, 2476755.285618067253381 ], [ 542426.623673760564998, 2477119.633365366607904 ], [ 542690.976324390736409, 2477185.669987516943365 ], [ 542807.251201785169542, 2477199.274503957480192 ] ] ] } },
{ "type": "Feature", "properties": { "cluster": 441 }, "geometry": { "type": "Polygon", "coordinates": [ [ [ 296534.980464719643351, 2814435.015596837271005 ], [ 296535.033545922604389, 2814465.042796741239727 ], [ 296565.016930321231484, 2814465.031164408195764 ], [ 296685.309291273588315, 2814468.747212217655033 ], [ 296856.447877512080595, 2814209.088068661279976 ], [ 296598.394180057628546, 2814376.989432086702436 ], [ 296534.980464719643351, 2814435.015596837271005 ] ] ] } },
{ "type": "Feature", "properties": { "cluster": 442 }, "geometry": { "type": "MultiPolygon", "coordinates": [ [ [ [ 344343.298886477481574, 2783289.604416015092283 ], [ 344193.172693278291263, 2783121.845654469914734 ], [ 344043.048819572723005, 2783130.214959734119475 ], [ 343470.153310470748693, 2782846.583513746038079 ], [ 343867.770287237886805, 2783318.325053756590933 ], [ 344161.122903636423871, 2783316.063367390539497 ], [ 344343.298886477481574, 2783289.604416015092283 ] ] ], [ [ [ 343580.987992163165472, 2783803.482370102312416 ], [ 343867.770287237886805, 2783318.325053756590933 ], [ 343567.041736468439922, 2783730.533638396766037 ], [ 343012.342410642420873, 2783450.035812537651509 ], [ 342626.270785680331755, 2783542.014473370742053 ], [ 342350.747019864502363, 2783690.322224472183734 ], [ 342503.633987104229163, 2784007.572526938281953 ], [ 342595.374497385695577, 2784181.528965460602194 ], [ 342711.95268805482192, 2784324.181846368126571 ], [ 342985.065311235492118, 2784665.521798078902066 ], [ 343392.163028460985515, 2784825.868954636156559 ], [ 343495.69796987430891, 2784712.794967593625188 ], [ 343622.595966320601292, 2784352.431402464397252 ], [ 343930.436859824229032, 2784209.316357932519168 ], [ 343732.033140533487312, 2784050.979613976087421 ], [ 343580.987992163165472, 2783803.482370102312416 ] ] ] ] } },
{ "type": "Feature", "properties": { "cluster": 532 }, "geometry": { "type": "Polygon", "coordinates": [ [ [ 528427.120871379389428, 2516436.390629413537681 ], [ 528709.321615105378442, 2516506.660259861499071 ], [ 528894.322264849208295, 2516940.945555481594056 ], [ 529233.521499846479855, 2517261.510480465833098 ], [ 529161.999596754088998, 2516548.479733454529196 ], [ 528981.379850081400946, 2516510.497231699060649 ], [ 528588.408964456873946, 2516382.451140803284943 ], [ 528427.120871379389428, 2516436.390629413537681 ] ] ] } },
{ "type": "Feature", "properties": { "cluster": 443 }, "geometry": { "type": "Polygon", "coordinates": [ [ [ 319378.434116611722857, 2773892.849776451475918 ], [ 319724.956202336121351, 2774054.993124085478485 ], [ 319896.057048474671319, 2773816.208565417677164 ], [ 319451.826241602539085, 2773415.50695624621585 ], [ 319422.371859059669077, 2773248.613322521094233 ], [ 318986.404170688940212, 2773320.86342686554417 ], [ 319241.466427477891557, 2773912.390427079051733 ], [ 319378.434116611722857, 2773892.849776451475918 ] ] ] } },
{ "type": "Feature", "properties": { "cluster": 444 }, "geometry": { "type": "Polygon", "coordinates": [ [ [ 380764.326470667379908, 2748336.40698510967195 ], [ 380746.914041225856636, 2748426.265114726033062 ], [ 380722.766557101567741, 2748788.626447912305593 ], [ 381256.345199182687793, 2748555.871652198489755 ], [ 380764.326470667379908, 2748336.40698510967195 ] ] ] } },
{ "type": "Feature", "properties": { "cluster": 445 }, "geometry": { "type": "Polygon", "coordinates": [ [ [ 326171.113437071442604, 2733706.559982046019286 ], [ 326250.341103905579075, 2733245.853666800074279 ], [ 326269.022738278610632, 2733121.552491643000394 ], [ 326049.220813417690806, 2732540.528122709132731 ], [ 325631.963391431432683, 2733240.324118490330875 ], [ 325171.151879258919507, 2733130.921475777868181 ], [ 325164.06918628764106, 2733131.010785720776767 ], [ 325337.891274692374282, 2733272.827120225410908 ], [ 325487.458867435809225, 2733658.654959545005113 ], [ 326171.113437071442604, 2733706.559982046019286 ] ] ] } },
{ "type": "Feature", "properties": { "cluster": 446 }, "geometry": { "type": "Polygon", "coordinates": [ [ [ 332630.203193429450039, 2736394.122378918342292 ], [ 332691.293189940741286, 2736761.143862396944314 ], [ 332906.45650367269991, 2736566.911515417974442 ], [ 333021.906972091412172, 2736325.145951716694981 ], [ 332843.005670793005265, 2736255.303453547880054 ], [ 332630.203193429450039, 2736394.122378918342292 ] ] ] } },
{ "type": "Feature", "properties": { "cluster": 447 }, "geometry": { "type": "MultiPolygon", "coordinates": [ [ [ [ 460551.142220669949893, 2575165.421630206983536 ], [ 460125.210551233496517, 2574979.467758699320257 ], [ 460161.307751971879043, 2575092.291097453329712 ], [ 460551.142220669949893, 2575165.421630206983536 ] ] ], [ [ [ 460795.473375319852494, 2575519.033289349637926 ], [ 460551.142220669949893, 2575165.421630206983536 ], [ 460720.343848136253655, 2575725.14590285345912 ], [ 461116.942333048558794, 2575655.462063745129853 ], [ 461232.63271986215841, 2575706.083815573714674 ], [ 461508.431203772779554, 2575585.802177353296429 ], [ 461478.556110372534022, 2575501.743115838617086 ], [ 461307.636474974628072, 2575449.049409745726734 ], [ 461155.514982414199039, 2575545.761747412849218 ], [ 460795.473375319852494, 2575519.033289349637926 ] ] ] ] } },
{ "type": "Feature", "properties": { "cluster": 448 }, "geometry": { "type": "Polygon", "coordinates": [ [ [ 560443.212512248079292, 2484441.281913561280817 ], [ 560898.668172267265618, 2484524.989978897385299 ], [ 560954.864243172691204, 2484363.59249048307538 ], [ 560630.906352341757156, 2484329.106356359086931 ], [ 560443.212512248079292, 2484441.281913561280817 ] ] ] } },
{ "type": "Feature", "properties": { "cluster": 449 }, "geometry": { "type": "Polygon", "coordinates": [ [ [ 514789.964085686369799, 2538497.952128841541708 ], [ 514779.491948464536108, 2538722.661719082389027 ], [ 514785.042792807973456, 2539124.949090330395848 ], [ 515099.248371374909766, 2538811.5385124925524 ], [ 515303.504136815899983, 2538562.670876770280302 ], [ 515320.237677806057036, 2538237.231526711024344 ], [ 514789.964085686369799, 2538497.952128841541708 ] ] ] } },
{ "type": "Feature", "properties": { "cluster": 450 }, "geometry": { "type": "Polygon", "coordinates": [ [ [ 428360.577212906791829, 2698864.047289703041315 ], [ 428261.930184533703141, 2698608.768044874072075 ], [ 427917.648902453714982, 2698901.743929442483932 ], [ 428101.666049820254557, 2698996.02812374709174 ], [ 428191.977427075384185, 2699008.854004664346576 ], [ 428322.790977424534503, 2699010.401108557824045 ], [ 428434.474281805218197, 2699038.621554919052869 ], [ 428791.335038473538589, 2699025.736902271397412 ], [ 428360.577212906791829, 2698864.047289703041315 ] ] ] } },
{ "type": "Feature", "properties": { "cluster": 451 }, "geometry": { "type": "Polygon", "coordinates": [ [ [ 356428.997273724758998, 2712882.296566878445446 ], [ 356314.873776479100343, 2713214.628334440290928 ], [ 356666.316393648565281, 2713298.517297540791333 ], [ 357301.444400441891048, 2713480.303178904112428 ], [ 356915.310079523245804, 2712975.883373735938221 ], [ 356841.622586979996413, 2712706.394631222821772 ], [ 356484.076209207240026, 2712621.455594198778272 ], [ 356428.997273724758998, 2712882.296566878445446 ] ] ] } },
{ "type": "Feature", "properties": { "cluster": 452 }, "geometry": { "type": "Polygon", "coordinates": [ [ [ 357890.964541584835388, 2720427.523572191596031 ], [ 357825.01527304854244, 2720475.045939493458718 ], [ 357764.963484077539761, 2720505.009012036025524 ], [ 357795.04120064235758, 2720505.034346682950854 ], [ 357825.016523162426893, 2720504.950034784618765 ], [ 357890.964541584835388, 2720427.523572191596031 ] ] ] } },
{ "type": "Feature", "properties": { "cluster": 453 }, "geometry": { "type": "Polygon", "coordinates": [ [ [ 375179.019474601547699, 2743220.418047904968262 ], [ 374844.334965731250122, 2743214.587988615967333 ], [ 374995.970579840242863, 2743883.261035113595426 ], [ 375202.941576025157701, 2743629.982137490063906 ], [ 375293.519941779377405, 2743249.286154862958938 ], [ 375310.524963237985503, 2743229.19730766210705 ], [ 375396.321843223180622, 2743102.166147610172629 ], [ 375179.019474601547699, 2743220.418047904968262 ] ] ] } },
{ "type": "Feature", "properties": { "cluster": 491 }, "geometry": { "type": "Polygon", "coordinates": [ [ [ 301629.065841281902976, 2756082.361467660404742 ], [ 300864.652692260744516, 2756256.288755396381021 ], [ 301304.972067388705909, 2756715.019890255760401 ], [ 301334.981297893216833, 2756715.028860984370112 ], [ 301364.990522991400212, 2756715.037897252012044 ], [ 301394.999742683896329, 2756715.046999057754874 ], [ 301629.065841281902976, 2756082.361467660404742 ] ] ] } },
{ "type": "Feature", "properties": { "cluster": 454 }, "geometry": { "type": "Polygon", "coordinates": [ [ [ 358515.013063483522274, 2859614.963652313221246 ], [ 358544.983927620807663, 2859614.973959143739194 ], [ 358514.992387087550014, 2859585.054589051287621 ], [ 358485.021450990345329, 2859585.044347343966365 ], [ 358273.158708113012835, 2859672.39847620530054 ], [ 358515.013063483522274, 2859614.963652313221246 ] ] ] } },
{ "type": "Feature", "properties": { "cluster": 455 }, "geometry": { "type": "Polygon", "coordinates": [ [ [ 513028.762148044828791, 2563201.44805073691532 ], [ 512933.513101377640851, 2563277.749772188719362 ], [ 512872.014335032028612, 2563382.863873726222664 ], [ 512864.992491890094243, 2563455.035836640745401 ], [ 512944.45282280491665, 2563644.184567792806774 ], [ 512960.091413522546645, 2563314.304688951466233 ], [ 513028.762148044828791, 2563201.44805073691532 ] ] ] } },
{ "type": "Feature", "properties": { "cluster": 456 }, "geometry": { "type": "Polygon", "coordinates": [ [ [ 478345.964387450192589, 2575520.636470153462142 ], [ 478059.504551278543659, 2575436.92235678806901 ], [ 477757.318950921937358, 2575779.449963518418372 ], [ 477660.434864076029044, 2575954.509009999688715 ], [ 477520.659971482818946, 2576166.166302179917693 ], [ 477580.30646237230394, 2576388.592324155848473 ], [ 477670.193855708057526, 2576323.140797523315996 ], [ 478160.103192279522773, 2576388.833242843393236 ], [ 478493.321502173203044, 2576293.139759305398911 ], [ 478681.092522631632164, 2576027.177352164871991 ], [ 478345.964387450192589, 2575520.636470153462142 ] ] ] } },
{ "type": "Feature", "properties": { "cluster": 457 }, "geometry": { "type": "Polygon", "coordinates": [ [ [ 376005.030520711210556, 2857845.035959246568382 ], [ 375825.051613972464111, 2858106.147647013887763 ], [ 376095.009988354926463, 2857905.000586646609008 ], [ 376136.191769654164091, 2857828.516423929482698 ], [ 376035.020508126355708, 2857814.957423408981413 ], [ 376005.030520711210556, 2857845.035959246568382 ] ] ] } },
{ "type": "Feature", "properties": { "cluster": 458 }, "geometry": { "type": "Polygon", "coordinates": [ [ [ 554264.215484404121526, 2513384.871108278632164 ], [ 554521.474589237128384, 2513236.34405759582296 ], [ 554414.992440893431194, 2513204.967044483870268 ], [ 554325.038390797213651, 2513174.978141320403665 ], [ 554264.215484404121526, 2513384.871108278632164 ] ] ] } },
{ "type": "Feature", "properties": { "cluster": 459 }, "geometry": { "type": "Polygon", "coordinates": [ [ [ 654495.034440781688318, 2828474.988649727776647 ], [ 654951.109694570535794, 2828379.916690266225487 ], [ 654525.023547557648271, 2828444.983223922550678 ], [ 654284.951215022592805, 2828264.959917881526053 ], [ 654495.034440781688318, 2828474.988649727776647 ] ] ] } },
{ "type": "Feature", "properties": { "cluster": 460 }, "geometry": { "type": "Polygon", "coordinates": [ [ [ 342174.102648981031962, 2733451.983103239443153 ], [ 341918.290530375787057, 2733379.577277882490307 ], [ 341857.574364116531797, 2733379.162111173383892 ], [ 342092.456164520699531, 2733479.496624099556357 ], [ 342233.781468894914724, 2733450.196129747200757 ], [ 342174.102648981031962, 2733451.983103239443153 ] ] ] } },
{ "type": "Feature", "properties": { "cluster": 461 }, "geometry": { "type": "MultiPolygon", "coordinates": [ [ [ [ 523678.766195803531446, 2509189.795428427867591 ], [ 523528.084329112025443, 2508989.202049106825143 ], [ 523376.123714342538733, 2508950.224791516084224 ], [ 523011.999929618788883, 2509286.187857447192073 ], [ 523678.766195803531446, 2509189.795428427867591 ] ] ], [ [ [ 524401.101409996626899, 2509034.851772085297853 ], [ 524016.56393187015783, 2509275.559617845341563 ], [ 523678.766195803531446, 2509189.795428427867591 ], [ 523993.141478899866343, 2509800.223544872365892 ], [ 524431.913323018234223, 2509678.047040585428476 ], [ 524401.101409996626899, 2509034.851772085297853 ] ] ] ] } },
{ "type": "Feature", "properties": { "cluster": 462 }, "geometry": { "type": "Polygon", "coordinates": [ [ [ 510801.705677461170126, 2511695.78620221093297 ], [ 510534.359506979526486, 2512177.126318382564932 ], [ 510395.643080498673953, 2512293.261795052327216 ], [ 510321.458602653641719, 2512655.187221556901932 ], [ 510879.274377378984354, 2512369.979694758541882 ], [ 510899.820080029778183, 2512360.031741188373417 ], [ 511308.579913186491467, 2512303.874708232469857 ], [ 511604.72873824625276, 2511789.361121997702867 ], [ 511567.843594213423785, 2511676.423225409351289 ], [ 511440.587525636248756, 2511557.882533205673099 ], [ 510950.613751955563203, 2511700.320310824085027 ], [ 510801.705677461170126, 2511695.78620221093297 ] ] ] } },
{ "type": "Feature", "properties": { "cluster": 463 }, "geometry": { "type": "Polygon", "coordinates": [ [ [ 499076.328435275005177, 2521633.62419346999377 ], [ 499198.419927766488399, 2520906.338526318781078 ], [ 498818.665171590750106, 2520843.266119606792927 ], [ 498758.1400151476264, 2521207.463702415116131 ], [ 498693.533801546029281, 2521818.516270380467176 ], [ 498531.394566249393392, 2521967.972041823435575 ], [ 498744.85494938044576, 2521899.32074008975178 ], [ 499076.328435275005177, 2521633.62419346999377 ] ] ] } },
{ "type": "Feature", "properties": { "cluster": 464 }, "geometry": { "type": "Polygon", "coordinates": [ [ [ 494179.578106629138347, 2520946.177304219920188 ], [ 494163.053085643798113, 2520677.190158342942595 ], [ 493599.596803867840208, 2520722.803016502875835 ], [ 493542.301290883740876, 2521147.903526198584586 ], [ 493659.409873207914643, 2521402.457196264062077 ], [ 493651.262782674923074, 2521554.115498005412519 ], [ 493973.635049134725705, 2521835.154480387922376 ], [ 494203.393006073136348, 2521493.01117591233924 ], [ 494356.231514313665684, 2521272.666572249960154 ], [ 494179.578106629138347, 2520946.177304219920188 ] ] ] } },
{ "type": "Feature", "properties": { "cluster": 465 }, "geometry": { "type": "Polygon", "coordinates": [ [ [ 317950.743225833168253, 2801075.648008274380118 ], [ 318439.852951603941619, 2800754.414066383615136 ], [ 318676.224272034014575, 2800733.507623674347997 ], [ 318352.785621286893729, 2800421.005582033190876 ], [ 318271.241640829364769, 2800124.083240832667798 ], [ 318442.603593609353993, 2799761.713784157764167 ], [ 318452.755585627863184, 2799692.888462940696627 ], [ 318373.173081664659549, 2799317.279595535714179 ], [ 318274.305141924065538, 2798930.851912325248122 ], [ 317968.008093417971395, 2799220.814070850145072 ], [ 317735.757049967767671, 2799772.352869966533035 ], [ 317771.26436641078908, 2799866.043556360062212 ], [ 317560.886196322273463, 2800395.133954847697169 ], [ 317601.877291099401191, 2800521.986717567779124 ], [ 317690.841292201541364, 2800547.373141630087048 ], [ 317950.743225833168253, 2801075.648008274380118 ] ] ] } },
{ "type": "Feature", "properties": { "cluster": 466 }, "geometry": { "type": "Polygon", "coordinates": [ [ [ 430999.776793437777087, 2596899.068948153406382 ], [ 431106.979875625518616, 2596676.030081353615969 ], [ 431173.975303271436132, 2596589.358902648556978 ], [ 431128.641828652587719, 2596504.321543121244758 ], [ 431155.429354708176106, 2595900.804142368491739 ], [ 430845.562715614330955, 2595595.581531241070479 ], [ 430532.916566685191356, 2595785.270553301088512 ], [ 430862.773535688524134, 2596214.392458622343838 ], [ 430833.517794273095205, 2596507.922786159906536 ], [ 430957.788865661306772, 2596656.802191623020917 ], [ 430999.776793437777087, 2596899.068948153406382 ] ] ] } },
{ "type": "Feature", "properties": { "cluster": 467 }, "geometry": { "type": "Polygon", "coordinates": [ [ [ 454733.948460487648845, 2664816.250360243488103 ], [ 454588.973482744710054, 2664612.988839847035706 ], [ 454497.314787746057846, 2664874.576990917790681 ], [ 454733.948460487648845, 2664816.250360243488103 ] ] ] } },
{ "type": "Feature", "properties": { "cluster": 468 }, "geometry": { "type": "Polygon", "coordinates": [ [ [ 520774.586566713871434, 2505728.532219465821981 ], [ 520918.348521957639605, 2505780.755320766475052 ], [ 521245.006526557146572, 2505815.521686951629817 ], [ 521009.291833880357444, 2505392.338333749677986 ], [ 520921.867142280330881, 2505461.956645302474499 ], [ 520774.586566713871434, 2505728.532219465821981 ] ] ] } },
{ "type": "Feature", "properties": { "cluster": 469 }, "geometry": { "type": "Polygon", "coordinates": [ [ [ 310341.17779855086701, 2772063.460286320652813 ], [ 310445.091432941961102, 2772060.908413987141103 ], [ 310276.778405685676262, 2771859.395383832976222 ], [ 310198.712922221282497, 2771833.891539158299565 ], [ 310260.163543591508642, 2772043.536636786535382 ], [ 310341.17779855086701, 2772063.460286320652813 ] ] ] } },
{ "type": "Feature", "properties": { "cluster": 470 }, "geometry": { "type": "Polygon", "coordinates": [ [ [ 307336.763715683133341, 2761173.863508488051593 ], [ 307297.891512778413016, 2761138.957298658322543 ], [ 306942.068414095207117, 2761118.482918654568493 ], [ 306877.86298231582623, 2761436.246593514923006 ], [ 306970.630389567581005, 2761496.981988390907645 ], [ 307199.752598480670713, 2761558.014691935386509 ], [ 307289.345342749205884, 2761536.812359038740396 ], [ 307336.763715683133341, 2761173.863508488051593 ] ] ] } },
{ "type": "Feature", "properties": { "cluster": 471 }, "geometry": { "type": "Polygon", "coordinates": [ [ [ 488444.999615377571899, 2760975.036967704072595 ], [ 488414.995761109399609, 2761064.973657771479338 ], [ 488415.021131345944013, 2761094.981000159867108 ], [ 488415.046501841163263, 2761124.988343639764935 ], [ 488414.970934760582168, 2761154.995773552916944 ], [ 488414.996305994223803, 2761185.003119215834886 ], [ 488415.021677486482076, 2761215.010465970728546 ], [ 488714.976762660604436, 2761544.951949828770012 ], [ 488714.972648929804564, 2761785.011009619571269 ], [ 488715.044675947923679, 2761994.951953588519245 ], [ 488715.040604383102618, 2762235.011144398711622 ], [ 488715.013851227820851, 2762325.033379765693098 ], [ 488715.038577302824706, 2762355.040766017511487 ], [ 488714.962374865834136, 2762385.048236528411508 ], [ 488744.989825256576296, 2762325.008712505921721 ], [ 488745.016775445372332, 2762234.986477948725224 ], [ 488744.994413085631095, 2762084.949497492983937 ], [ 488745.021463388751727, 2761995.038017466664314 ], [ 488744.976775217626709, 2761694.964171188417822 ], [ 488744.954534841293935, 2761545.038017256185412 ], [ 488744.981514353188686, 2761455.015867866575718 ], [ 488744.986185673973523, 2761214.956906158011407 ], [ 488454.346471630153246, 2760687.357108915224671 ], [ 488444.999615377571899, 2760975.036967704072595 ] ] ] } },
{ "type": "Feature", "properties": { "cluster": 472 }, "geometry": { "type": "Polygon", "coordinates": [ [ [ 338050.733560824708547, 2736046.094433702528477 ], [ 338231.988722002832219, 2735800.286423360928893 ], [ 338063.942655380116776, 2735618.375487269833684 ], [ 337961.916778325452469, 2735545.354170583654195 ], [ 337820.424792987701949, 2735558.087008642498404 ], [ 337570.321650561527349, 2735799.169497424736619 ], [ 337930.100831942283548, 2735938.953023304697126 ], [ 338050.733560824708547, 2736046.094433702528477 ] ] ] } },
{ "type": "Feature", "properties": { "cluster": 473 }, "geometry": { "type": "Polygon", "coordinates": [ [ [ 459960.559883021982387, 2575737.14294971851632 ], [ 459680.072930031572469, 2576008.027205727063119 ], [ 459483.874672570615076, 2576060.594464039895684 ], [ 459754.93974101432832, 2576087.532308313064277 ], [ 459903.36073748517083, 2576140.268985649570823 ], [ 460001.545042033481877, 2576145.53891025763005 ], [ 459960.559883021982387, 2575737.14294971851632 ] ] ] } },
{ "type": "Feature", "properties": { "cluster": 474 }, "geometry": { "type": "Polygon", "coordinates": [ [ [ 540905.732005927711725, 2598164.508803631179035 ], [ 541321.090207779314369, 2598243.169049857184291 ], [ 541041.36179644218646, 2597861.543794492725283 ], [ 540977.394540082197636, 2597731.835138456895947 ], [ 540914.777094520279206, 2597850.119442934636027 ], [ 540905.732005927711725, 2598164.508803631179035 ] ] ] } },
{ "type": "Feature", "properties": { "cluster": 475 }, "geometry": { "type": "Polygon", "coordinates": [ [ [ 401540.831358457624447, 2936765.476059038192034 ], [ 401346.801217076950707, 2937053.864872110076249 ], [ 401658.343622661719564, 2937147.830049807205796 ], [ 401746.145963514514733, 2936777.186711268499494 ], [ 402451.346793671837077, 2936890.301699250005186 ], [ 401819.504943581996486, 2936600.500361788086593 ], [ 401540.831358457624447, 2936765.476059038192034 ] ] ] } },
{ "type": "Feature", "properties": { "cluster": 476 }, "geometry": { "type": "Polygon", "coordinates": [ [ [ 461337.82984505809145, 2713867.249756142962724 ], [ 461118.695351047965232, 2714466.876186806708574 ], [ 461000.30503205122659, 2714505.959719957783818 ], [ 460923.80884100869298, 2714676.689017342403531 ], [ 460972.874565616133623, 2714838.209445522166789 ], [ 461172.614010188903194, 2714917.374325783457607 ], [ 461417.791179484047461, 2714947.697722925804555 ], [ 461641.355427154048812, 2714852.966267614159733 ], [ 461834.841626311768778, 2714869.044882421847433 ], [ 462143.003636113193352, 2714596.931873365305364 ], [ 462623.365744780225214, 2714706.362474034074694 ], [ 462783.943047370237764, 2714154.527636731043458 ], [ 462806.727272442891262, 2713582.023699149955064 ], [ 462923.573609962593764, 2712956.122935572173446 ], [ 462843.990064832672942, 2712358.425348398275673 ], [ 462994.220591392775532, 2712093.397060217801481 ], [ 463149.688164974271785, 2711891.469281882513314 ], [ 463558.717775786295533, 2711806.247458240017295 ], [ 463196.809300806897227, 2711705.329356499947608 ], [ 463049.964395467250142, 2711721.217866364400834 ], [ 462808.109440765052568, 2711817.081366452854127 ], [ 462269.053927101194859, 2711766.485114442184567 ], [ 462020.077585754799657, 2711475.955352128017694 ], [ 461721.186249393154867, 2711828.872066529933363 ], [ 461435.743584877927788, 2711910.484747270587832 ], [ 461174.050291118212044, 2712517.97647962346673 ], [ 460983.900157530850265, 2712620.371991640422493 ], [ 460846.50599920382956, 2712751.4105683718808 ], [ 461092.079368617502041, 2712910.167661113664508 ], [ 461240.435883158468641, 2713444.55311527242884 ], [ 461337.82984505809145, 2713867.249756142962724 ] ] ] } },
{ "type": "Feature", "properties": { "cluster": 521 }, "geometry": { "type": "Polygon", "coordinates": [ [ [ 402878.633855416905135, 2668832.179117368068546 ], [ 403003.717652040941175, 2668397.260321111883968 ], [ 403498.454928268271033, 2667919.971182983368635 ], [ 403620.53015663055703, 2667787.375014478340745 ], [ 403431.985660226549953, 2667859.519567553885281 ], [ 402801.433613305038307, 2667645.66731250891462 ], [ 402810.084443830186501, 2668019.879581292159855 ], [ 402850.854096648748964, 2668335.185355583205819 ], [ 402878.633855416905135, 2668832.179117368068546 ] ] ] } },
{ "type": "Feature", "properties": { "cluster": 477 }, "geometry": { "type": "Polygon", "coordinates": [ [ [ 361154.163057086116169, 2825290.367697140201926 ], [ 361270.829241388943046, 2825589.33878585556522 ], [ 361657.647866740240715, 2825969.692164972424507 ], [ 361602.144336897530593, 2826334.697379226796329 ], [ 362087.648194140405394, 2826738.40770373865962 ], [ 362312.536823500879109, 2826816.946190039161593 ], [ 362712.001822422840632, 2826967.905647350009531 ], [ 363150.794609062606469, 2827231.456814327277243 ], [ 363424.044563661096618, 2827422.500832896213979 ], [ 363687.090090182959102, 2827500.670814678538591 ], [ 363926.100610410212539, 2827685.42835409194231 ], [ 364623.137446218635887, 2827362.646915400866419 ], [ 364947.471599804062862, 2826945.088577386457473 ], [ 364954.619300875463523, 2826757.819157838821411 ], [ 364797.845057584461756, 2826458.119221794884652 ], [ 364559.779474848182872, 2826169.214704805985093 ], [ 364445.02634228754323, 2826050.750785962678492 ], [ 364646.623538310523145, 2825418.437747879885137 ], [ 364161.880191061645746, 2825579.543919318821281 ], [ 363738.976054849335924, 2825300.288520069327205 ], [ 363283.681157156825066, 2824705.688541608862579 ], [ 363085.334264397388324, 2824670.05964108929038 ], [ 362802.19585733365966, 2824109.15592770697549 ], [ 362388.877918967162259, 2823792.179980248678476 ], [ 362247.202795279095881, 2823600.903396774083376 ], [ 362039.605404942412861, 2823352.709160922560841 ], [ 361700.662311845691875, 2823039.41553997201845 ], [ 361258.502324077417143, 2822854.584823354147375 ], [ 361163.052077711385209, 2822761.422791105229408 ], [ 361093.914878887415398, 2822395.496969137340784 ], [ 361088.590304836397991, 2822366.752461344003677 ], [ 360713.713273668778129, 2822468.130341354291886 ], [ 360552.835941794561222, 2822655.899643110111356 ], [ 360787.465922242263332, 2823179.605568985454738 ], [ 360799.004461107891984, 2823322.377227490302175 ], [ 360726.112641910091043, 2823561.290108323097229 ], [ 360739.904172039357945, 2823727.299802013207227 ], [ 361027.877358412370086, 2824164.053334356751293 ], [ 361015.074090551468544, 2824382.401364427991211 ], [ 361058.158368139178492, 2824852.721163331530988 ], [ 360535.157904628431424, 2825294.604511196259409 ], [ 361154.163057086116169, 2825290.367697140201926 ] ] ] } },
{ "type": "Feature", "properties": { "cluster": 478 }, "geometry": { "type": "Polygon", "coordinates": [ [ [ 510629.178906289802399, 2514631.324918728321791 ], [ 510615.562875827250537, 2515015.431529970373958 ], [ 510667.567804624210112, 2515527.991972093004733 ], [ 511110.202734284801409, 2515363.371167809702456 ], [ 511097.034508350130636, 2515117.615648670122027 ], [ 510629.178906289802399, 2514631.324918728321791 ] ] ] } },
{ "type": "Feature", "properties": { "cluster": 539 }, "geometry": { "type": "Polygon", "coordinates": [ [ [ 507473.184188190673012, 2518168.411731659900397 ], [ 506989.799477850785479, 2517920.221343401819468 ], [ 507217.502424510254059, 2518324.370373618323356 ], [ 507315.900753891852219, 2518632.154115266632289 ], [ 507641.430437733011786, 2518378.819003429729491 ], [ 508152.743191551708151, 2518184.258651093114167 ], [ 507473.184188190673012, 2518168.411731659900397 ] ] ] } },
{ "type": "Feature", "properties": { "cluster": 479 }, "geometry": { "type": "Polygon", "coordinates": [ [ [ 315852.296301510417834, 2741926.815062292385846 ], [ 315409.537930459948257, 2741868.470479298382998 ], [ 315240.778991103637964, 2741954.920612634625286 ], [ 315340.975163433526177, 2742262.662449061404914 ], [ 315276.476751429610886, 2742657.908713018056005 ], [ 314931.156945360009558, 2743001.525463217869401 ], [ 314694.325825368287042, 2743440.076575301587582 ], [ 315156.294620268046856, 2743501.461027077864856 ], [ 315461.122467492241412, 2743306.838112527504563 ], [ 315388.85074078605976, 2742893.479537385515869 ], [ 315776.628461313666776, 2742319.990872119553387 ], [ 315803.087470044498332, 2742104.721645948011428 ], [ 315852.296301510417834, 2741926.815062292385846 ] ] ] } },
{ "type": "Feature", "properties": { "cluster": 480 }, "geometry": { "type": "Polygon", "coordinates": [ [ [ 333585.530876304605044, 2741546.745154339354485 ], [ 333577.609612769912928, 2741392.86856817221269 ], [ 333150.18527704878943, 2741339.314415046945214 ], [ 332822.898044075584039, 2741370.963230113964528 ], [ 333211.315470223024022, 2741460.424950360320508 ], [ 333517.685703421069775, 2741791.259313561487943 ], [ 333585.530876304605044, 2741546.745154339354485 ] ] ] } },
{ "type": "Feature", "properties": { "cluster": 481 }, "geometry": { "type": "Polygon", "coordinates": [ [ [ 330661.126256046933122, 2735871.958149161655456 ], [ 330666.5552945000818, 2735736.749874983914196 ], [ 330464.05605993384961, 2735889.8773232717067 ], [ 329923.037352279585321, 2735828.939718953333795 ], [ 329864.849625033559278, 2736198.526913037057966 ], [ 330497.174492037622258, 2736198.526291407644749 ], [ 330695.534242509398609, 2736700.112731236964464 ], [ 330752.265080153592862, 2736209.806457428261638 ], [ 330661.126256046933122, 2735871.958149161655456 ] ] ] } },
{ "type": "Feature", "properties": { "cluster": 482 }, "geometry": { "type": "Polygon", "coordinates": [ [ [ 307898.569970191863831, 2773118.014856971800327 ], [ 307851.295024593593553, 2773200.666138086467981 ], [ 307893.941300861130003, 2773290.913983575999737 ], [ 308129.706050700391643, 2773264.328936461824924 ], [ 308124.9494409551844, 2773141.418030207511038 ], [ 308355.011522874759976, 2772794.953937614802271 ], [ 308384.966224451782182, 2772764.952030522283167 ], [ 308385.050601768074557, 2772735.037382228299975 ], [ 308385.014467167085968, 2772674.989386011846364 ], [ 308355.02485161612276, 2772645.0540433190763 ], [ 308324.95083446521312, 2772645.033411903306842 ], [ 308294.995966824470088, 2772675.035437937825918 ], [ 308017.031825559330173, 2772787.297987163066864 ], [ 307898.569970191863831, 2773118.014856971800327 ] ] ] } },
{ "type": "Feature", "properties": { "cluster": 483 }, "geometry": { "type": "Polygon", "coordinates": [ [ [ 284653.466733552748337, 2835068.545008518267423 ], [ 284698.309326951566618, 2834673.314962067641318 ], [ 284271.408217353920918, 2834618.174228036310524 ], [ 284223.564475760329515, 2835013.455452187452465 ], [ 284435.52834352129139, 2835445.525340830441564 ], [ 284653.466733552748337, 2835068.545008518267423 ] ] ] } },
{ "type": "Feature", "properties": { "cluster": 484 }, "geometry": { "type": "Polygon", "coordinates": [ [ [ 537358.894169431296177, 2692438.874708961229771 ], [ 537064.852891917107627, 2692387.166892601642758 ], [ 536745.000090884976089, 2691884.984524587634951 ], [ 536723.545775425969623, 2691397.534647486172616 ], [ 536460.869215280865319, 2691369.172955084592104 ], [ 536075.218528244993649, 2691030.48261372372508 ], [ 535952.773366293986328, 2691306.972226018551737 ], [ 536402.066910289810039, 2691747.686845516785979 ], [ 536214.149193640681915, 2692237.697168459184468 ], [ 536176.593434788053855, 2692641.73268184857443 ], [ 536862.6774159274064, 2692505.108490106649697 ], [ 537358.894169431296177, 2692438.874708961229771 ] ] ] } },
{ "type": "Feature", "properties": { "cluster": 485 }, "geometry": { "type": "Polygon", "coordinates": [ [ [ 535815.05055947531946, 2693924.953364194836468 ], [ 535449.164260471472517, 2693896.569232558365911 ], [ 535884.696299460250884, 2694536.533452191855758 ], [ 535412.273590059019625, 2694853.107981306035072 ], [ 535825.92120297299698, 2694915.05081261601299 ], [ 536239.562505825073458, 2694978.113048787694424 ], [ 536712.000083805178292, 2694661.566040051169693 ], [ 536770.802872559404932, 2694281.944972337689251 ], [ 537001.523989018402062, 2693712.3339590029791 ], [ 536890.617052782792598, 2693457.384158372879028 ], [ 536231.050733824027702, 2693555.322163532953709 ], [ 535815.05055947531946, 2693924.953364194836468 ] ] ] } },
{ "type": "Feature", "properties": { "cluster": 486 }, "geometry": { "type": "Polygon", "coordinates": [ [ [ 529095.002887416747399, 2712194.944876524619758 ], [ 529094.963794930954464, 2712165.049604685977101 ], [ 528802.866214249865152, 2711996.588982668239623 ], [ 528778.511443506577052, 2712017.57618659734726 ], [ 528839.855432366020977, 2712234.719442234374583 ], [ 529095.002887416747399, 2712194.944876524619758 ] ] ] } },
{ "type": "Feature", "properties": { "cluster": 487 }, "geometry": { "type": "MultiPolygon", "coordinates": [ [ [ [ 530210.540867928997613, 2696165.211220175493509 ], [ 530438.894631669740193, 2696553.226519611664116 ], [ 530380.276170860626735, 2696930.658508678898215 ], [ 530615.588030871120282, 2696442.888760562986135 ], [ 530210.540867928997613, 2696165.211220175493509 ] ] ], [ [ [ 530231.933001746656373, 2698008.762457600794733 ], [ 530624.262834695749916, 2698048.36358078988269 ], [ 530803.628987305099145, 2697635.765179186593741 ], [ 531073.704896939801984, 2697479.135042228735983 ], [ 530681.357854582718574, 2697440.628772795200348 ], [ 530393.958944940706715, 2697168.738314012996852 ], [ 530380.276170860626735, 2696930.658508678898215 ], [ 529924.592440125532448, 2697102.406888748519123 ], [ 529868.982590157072991, 2697503.098874119576067 ], [ 529893.152186700957827, 2697581.762165010441095 ], [ 530231.933001746656373, 2698008.762457600794733 ] ] ] ] } },
{ "type": "Feature", "properties": { "cluster": 488 }, "geometry": { "type": "Polygon", "coordinates": [ [ [ 601154.956489153555594, 2628704.944657019339502 ], [ 601124.995075980201364, 2628704.956914233975112 ], [ 600704.676988211227581, 2628623.41245265584439 ], [ 600594.096994473366067, 2628697.938532332424074 ], [ 600073.966635185293853, 2628902.502406474202871 ], [ 600584.998619290068746, 2629244.977955033071339 ], [ 601079.251276941504329, 2629126.508483391720802 ], [ 601065.011878556804731, 2629034.948382482398301 ], [ 601154.950759244849905, 2628734.951702986843884 ], [ 601154.956489153555594, 2628704.944657019339502 ] ] ] } },
{ "type": "Feature", "properties": { "cluster": 489 }, "geometry": { "type": "Polygon", "coordinates": [ [ [ 667243.191128442296758, 2805994.177081082481891 ], [ 667277.148173460620455, 2806096.517533160746098 ], [ 667545.021849238080904, 2806005.021861724089831 ], [ 667574.987864076159894, 2805975.041021696757525 ], [ 667574.959115639794618, 2805945.019017478916794 ], [ 667545.036043644184247, 2805914.957113467622548 ], [ 667454.978197572170757, 2805944.965551344677806 ], [ 667243.191128442296758, 2805994.177081082481891 ] ] ] } },
{ "type": "Feature", "properties": { "cluster": 490 }, "geometry": { "type": "Polygon", "coordinates": [ [ [ 557714.960417795111425, 2632305.043917722534388 ], [ 557714.978282904834487, 2632275.039820737205446 ], [ 557495.918458407511935, 2631899.392201407812536 ], [ 557535.037383510963991, 2632334.99547394644469 ], [ 557535.019888202659786, 2632364.999565590638667 ], [ 557655.042069227900356, 2632335.030523912515491 ], [ 557714.960417795111425, 2632305.043917722534388 ] ] ] } },
{ "type": "Feature", "properties": { "cluster": 493 }, "geometry": { "type": "Polygon", "coordinates": [ [ [ 349964.964916728727985, 2743215.002746273763478 ], [ 349964.987783253542148, 2743245.019241435918957 ], [ 349995.017293792916462, 2743245.025224690325558 ], [ 350256.667235401459038, 2743271.093937621451914 ], [ 349994.994492521160282, 2743215.008732807356864 ], [ 349964.964916728727985, 2743215.002746273763478 ] ] ] } },
{ "type": "Feature", "properties": { "cluster": 495 }, "geometry": { "type": "Polygon", "coordinates": [ [ [ 363599.058860063087195, 2728535.264541483018547 ], [ 363314.974623862886801, 2728844.95803360035643 ], [ 363285.009751550969668, 2728875.045957400463521 ], [ 363285.000504490337335, 2728904.949790271930397 ], [ 363314.966397893091198, 2728874.972606217022985 ], [ 363599.058860063087195, 2728535.264541483018547 ] ] ] } },
{ "type": "Feature", "properties": { "cluster": 496 }, "geometry": { "type": "MultiPolygon", "coordinates": [ [ [ [ 511396.175785271974746, 2509145.788757713045925 ], [ 511685.808947714511305, 2509174.788710704538971 ], [ 511586.436542100505903, 2508831.55658004572615 ], [ 511544.955851303122472, 2508944.988106338772923 ], [ 510919.575272299349308, 2509152.081937210634351 ], [ 511396.175785271974746, 2509145.788757713045925 ] ] ], [ [ [ 510743.842183161410503, 2509281.471013959962875 ], [ 510919.575272299349308, 2509152.081937210634351 ], [ 510626.753990231081843, 2509273.640313284937292 ], [ 510743.842183161410503, 2509281.471013959962875 ] ] ] ] } },
{ "type": "Feature", "properties": { "cluster": 497 }, "geometry": { "type": "Polygon", "coordinates": [ [ [ 461992.501325395249296, 2709901.539040739648044 ], [ 462207.937880825251341, 2709766.980148952454329 ], [ 462181.984001846984029, 2709535.638022637460381 ], [ 461765.745949443546124, 2709599.881161811761558 ], [ 461835.347240920644253, 2709858.784465966746211 ], [ 461992.501325395249296, 2709901.539040739648044 ] ] ] } },
{ "type": "Feature", "properties": { "cluster": 498 }, "geometry": { "type": "Polygon", "coordinates": [ [ [ 374079.6187467307318, 2771788.283175621181726 ], [ 374204.449378974037245, 2771540.146352201234549 ], [ 373688.444032564293593, 2771817.372799132950604 ], [ 373949.732801872654818, 2772143.901403016876429 ], [ 374079.75410396058578, 2772240.165824444498867 ], [ 374084.991387285874225, 2771955.031880931463093 ], [ 374079.6187467307318, 2771788.283175621181726 ] ] ] } },
{ "type": "Feature", "properties": { "cluster": 499 }, "geometry": { "type": "Polygon", "coordinates": [ [ [ 298817.111234785581473, 2751051.108304906636477 ], [ 299126.816073914407752, 2750800.623309073504061 ], [ 299072.727040224068332, 2750557.66703565698117 ], [ 298702.028582347091287, 2750715.977863139007241 ], [ 298616.890889886883087, 2750700.604042627848685 ], [ 298100.055031963216607, 2750405.706727798562497 ], [ 298368.6089049022994, 2751003.382253950927407 ], [ 298588.390715484390967, 2751170.786964039318264 ], [ 298817.111234785581473, 2751051.108304906636477 ] ] ] } },
{ "type": "Feature", "properties": { "cluster": 500 }, "geometry": { "type": "Polygon", "coordinates": [ [ [ 546975.67649194272235, 2648689.080171038862318 ], [ 547315.29132460989058, 2648454.368180334102362 ], [ 546857.142848888412118, 2648218.14677572529763 ], [ 546690.865994858555496, 2648344.929547036997974 ], [ 546975.67649194272235, 2648689.080171038862318 ] ] ] } },
{ "type": "Feature", "properties": { "cluster": 501 }, "geometry": { "type": "Polygon", "coordinates": [ [ [ 652315.903875475632958, 2825618.930121949408203 ], [ 652013.036099005723372, 2825915.679289341438562 ], [ 652055.944666060851887, 2826118.887307615950704 ], [ 652559.055121488752775, 2826327.348654571454972 ], [ 652784.966592209413648, 2825984.976885705254972 ], [ 652315.903875475632958, 2825618.930121949408203 ] ] ] } },
{ "type": "Feature", "properties": { "cluster": 502 }, "geometry": { "type": "Polygon", "coordinates": [ [ [ 643231.48291095579043, 2685407.509779737330973 ], [ 642840.751325991353951, 2685494.374244862701744 ], [ 642704.188687858521007, 2686048.967870489694178 ], [ 643026.204666350735351, 2686129.747786207124591 ], [ 643348.217375121894293, 2686210.535224523860961 ], [ 643065.024532731855288, 2685885.047137004323304 ], [ 643231.48291095579043, 2685407.509779737330973 ] ] ] } },
{ "type": "Feature", "properties": { "cluster": 503 }, "geometry": { "type": "Polygon", "coordinates": [ [ [ 553458.185570430709049, 2538357.516232870519161 ], [ 553578.71169370028656, 2537907.380640965886414 ], [ 553465.696449938463047, 2537685.571954230312258 ], [ 553577.519629829679616, 2537089.277039746753871 ], [ 553107.394819170236588, 2537241.490796399302781 ], [ 552664.834212761372328, 2537723.711525346152484 ], [ 552608.001929877791554, 2538144.186107571236789 ], [ 553059.806681701214984, 2538235.440671195741743 ], [ 553458.185570430709049, 2538357.516232870519161 ] ] ] } },
{ "type": "Feature", "properties": { "cluster": 506 }, "geometry": { "type": "Polygon", "coordinates": [ [ [ 597555.03907838917803, 2648205.031817520502955 ], [ 597176.648704609833658, 2647965.508137427270412 ], [ 597555.038839235901833, 2648235.039283541031182 ], [ 597584.959409658447839, 2648235.021048352587968 ], [ 597614.981748283375055, 2648235.003566986415535 ], [ 597584.959711294621229, 2648205.013580176047981 ], [ 597555.03907838917803, 2648205.031817520502955 ] ] ] } },
{ "type": "Feature", "properties": { "cluster": 523 }, "geometry": { "type": "Polygon", "coordinates": [ [ [ 498950.460962148790713, 2763930.192726446781307 ], [ 498984.738239034893923, 2763464.023532242048532 ], [ 498712.294248415273614, 2763908.067374185658991 ], [ 498350.034895063377917, 2764190.46382664795965 ], [ 498818.275567334785592, 2764117.33459050161764 ], [ 498950.460962148790713, 2763930.192726446781307 ] ] ] } },
{ "type": "Feature", "properties": { "cluster": 510 }, "geometry": { "type": "Polygon", "coordinates": [ [ [ 529596.237047685077414, 2650679.900993265211582 ], [ 530115.024735264363699, 2651054.97552227973938 ], [ 530175.036423572804779, 2650335.011632200796157 ], [ 529596.237047685077414, 2650679.900993265211582 ] ] ] } },
{ "type": "Feature", "properties": { "cluster": 508 }, "geometry": { "type": "Polygon", "coordinates": [ [ [ 662595.025156027171761, 2689034.978057594969869 ], [ 662624.97018408915028, 2689034.990579729434103 ], [ 662625.01131114421878, 2689004.9745850013569 ], [ 662594.964723661076277, 2689004.960897808428854 ], [ 662179.999723335844465, 2688942.704017696902156 ], [ 662595.025156027171761, 2689034.978057594969869 ] ] ] } },
{ "type": "Feature", "properties": { "cluster": 509 }, "geometry": { "type": "Polygon", "coordinates": [ [ [ 634454.984491953393444, 2814824.976384509820491 ], [ 634454.985161821474321, 2814854.993851439561695 ], [ 634484.955656782723963, 2814854.962162685580552 ], [ 634717.015240503009409, 2814760.70437183836475 ], [ 634484.955053981509991, 2814824.944692779332399 ], [ 634454.984491953393444, 2814824.976384509820491 ] ] ] } },
{ "type": "Feature", "properties": { "cluster": 511 }, "geometry": { "type": "Polygon", "coordinates": [ [ [ 635355.023666514083743, 2864414.989957113284618 ], [ 635357.952558498247527, 2864539.196627093479037 ], [ 635494.470593627076596, 2864417.645491303410381 ], [ 635362.909065036568791, 2864349.825904109049588 ], [ 635355.032270207768306, 2864384.970573484431952 ], [ 635355.023666514083743, 2864414.989957113284618 ] ] ] } },
{ "type": "Feature", "properties": { "cluster": 512 }, "geometry": { "type": "MultiPolygon", "coordinates": [ [ [ [ 645384.950910479878075, 2830469.913813702762127 ], [ 645792.088364800205454, 2830536.395961037371308 ], [ 645707.884451889432967, 2830336.0833047372289 ], [ 645447.333398695918731, 2830092.859257268253714 ], [ 645213.772628619102761, 2830229.885444120503962 ], [ 645384.950910479878075, 2830469.913813702762127 ] ] ], [ [ [ 646124.991705419146456, 2831114.956585501786321 ], [ 645792.088364800205454, 2830536.395961037371308 ], [ 645764.954564143903553, 2831234.96657022414729 ], [ 646124.991705419146456, 2831114.956585501786321 ] ] ] ] } },
{ "type": "Feature", "properties": { "cluster": 513 }, "geometry": { "type": "Polygon", "coordinates": [ [ [ 547035.012584471376613, 2670194.95855400711298 ], [ 546974.976388780632988, 2670315.00177193665877 ], [ 546884.975123469368555, 2670494.956523322034627 ], [ 546975.001874747686088, 2670615.052107003517449 ], [ 547004.973405032767914, 2670615.040365334134549 ], [ 547035.046533793094568, 2670615.029022629372776 ], [ 547460.948426606249996, 2670766.80067108431831 ], [ 547513.309641650062986, 2670603.110181619878858 ], [ 547094.954744900111109, 2670165.041048254352063 ], [ 547064.982263056677766, 2670165.052616030909121 ], [ 547035.012584471376613, 2670194.95855400711298 ] ] ] } },
{ "type": "Feature", "properties": { "cluster": 515 }, "geometry": { "type": "Polygon", "coordinates": [ [ [ 633101.171723521314561, 2875330.885694930329919 ], [ 633483.908186281099916, 2875399.033525296952575 ], [ 633633.082631332217716, 2875398.340825240127742 ], [ 633865.651556341326796, 2875466.074860739987344 ], [ 633930.466154586640187, 2875100.076688711997122 ], [ 633732.775457775685936, 2874949.617964011151344 ], [ 633547.711175889358856, 2875033.023722323589027 ], [ 633101.171723521314561, 2875330.885694930329919 ] ] ] } },
{ "type": "Feature", "properties": { "cluster": 518 }, "geometry": { "type": "Polygon", "coordinates": [ [ [ 393423.011414442851674, 2954786.929523013532162 ], [ 393431.323512955452316, 2954828.953813946340233 ], [ 393640.777311590092722, 2954655.495199901983142 ], [ 393729.737974851159379, 2954230.485032203607261 ], [ 393585.999146678950638, 2954174.087946067564189 ], [ 393511.424684403988067, 2954416.201280546374619 ], [ 393423.011414442851674, 2954786.929523013532162 ] ] ] } },
{ "type": "Feature", "properties": { "cluster": 519 }, "geometry": { "type": "Polygon", "coordinates": [ [ [ 439654.414706438547, 2554171.307237552944571 ], [ 439773.987769793719053, 2553854.203643298242241 ], [ 440007.853367571602575, 2553687.203785172197968 ], [ 439475.925836365728173, 2553594.138235478196293 ], [ 439654.414706438547, 2554171.307237552944571 ] ] ] } },
{ "type": "Feature", "properties": { "cluster": 527 }, "geometry": { "type": "Polygon", "coordinates": [ [ [ 300615.29078803921584, 2818861.76993170240894 ], [ 300693.974226343038026, 2819012.397432578727603 ], [ 300909.248831528937444, 2818879.555473141372204 ], [ 301129.899270112044178, 2818837.495112749282271 ], [ 300897.532565804664046, 2818429.873086612671614 ], [ 300657.606901860795915, 2818799.090461083687842 ], [ 300615.29078803921584, 2818861.76993170240894 ] ] ] } },
{ "type": "Feature", "properties": { "cluster": 529 }, "geometry": { "type": "Polygon", "coordinates": [ [ [ 270211.67557092406787, 2808177.031573664397001 ], [ 269696.326668941881508, 2808127.111918209586293 ], [ 269580.267486870172434, 2808639.994545121211559 ], [ 270103.64984614419518, 2808689.770628567785025 ], [ 270211.67557092406787, 2808177.031573664397001 ] ] ] } },
{ "type": "Feature", "properties": { "cluster": 530 }, "geometry": { "type": "Polygon", "coordinates": [ [ [ 489531.82583572587464, 2517325.5643395264633 ], [ 489410.292948901129421, 2516758.88211055425927 ], [ 489175.253973240614869, 2516843.176988393533975 ], [ 489119.092920422670431, 2517267.184956631157547 ], [ 489380.968282288173214, 2517399.835696151480079 ], [ 489531.82583572587464, 2517325.5643395264633 ] ] ] } },
{ "type": "Feature", "properties": { "cluster": 531 }, "geometry": { "type": "Polygon", "coordinates": [ [ [ 525396.511987164965831, 2518829.842284538317472 ], [ 525545.40922180598136, 2518186.93879556749016 ], [ 525229.481196651002392, 2518655.768712435849011 ], [ 524748.152123217936605, 2518590.772448984906077 ], [ 524654.044007743126713, 2519019.019080061465502 ], [ 525138.439306119456887, 2519084.0176120554097 ], [ 525396.511987164965831, 2518829.842284538317472 ] ] ] } },
{ "type": "Feature", "properties": { "cluster": 533 }, "geometry": { "type": "Polygon", "coordinates": [ [ [ 429021.162817614793312, 2595949.711497147101909 ], [ 429031.19449208927108, 2596334.94971838966012 ], [ 429356.093083111802116, 2596363.276326975319535 ], [ 429380.819585193996318, 2595983.406715341378003 ], [ 429280.546984879591037, 2595732.567262082360685 ], [ 428893.309064232453238, 2595699.007782162632793 ], [ 429021.162817614793312, 2595949.711497147101909 ] ] ] } },
{ "type": "Feature", "properties": { "cluster": 534 }, "geometry": { "type": "Polygon", "coordinates": [ [ [ 504285.008766237006057, 2506335.013429102953523 ], [ 504255.010619159147609, 2506335.005043788813055 ], [ 503637.753187924739905, 2506483.066286864224821 ], [ 504354.761772536498029, 2506705.751041280571371 ], [ 504319.913416293798946, 2506422.361678847577423 ], [ 504315.006913392280694, 2506335.021873327437788 ], [ 504285.008766237006057, 2506335.013429102953523 ] ] ] } },
{ "type": "Feature", "properties": { "cluster": 535 }, "geometry": { "type": "Polygon", "coordinates": [ [ [ 484945.208868120214902, 2640135.100318654440343 ], [ 485215.083340122131631, 2640207.891181094571948 ], [ 485444.958964924036991, 2640195.035994409583509 ], [ 485133.478404749825131, 2640056.299075362272561 ], [ 484945.208868120214902, 2640135.100318654440343 ] ] ] } },
{ "type": "Feature", "properties": { "cluster": 536 }, "geometry": { "type": "Polygon", "coordinates": [ [ [ 372543.53861424891511, 2730823.697153253946453 ], [ 372506.945320048951544, 2730695.562340771779418 ], [ 372180.018476272234693, 2731235.71205187542364 ], [ 372580.594426282332279, 2731332.810743940062821 ], [ 372543.53861424891511, 2730823.697153253946453 ] ] ] } },
{ "type": "Feature", "properties": { "cluster": 537 }, "geometry": { "type": "Polygon", "coordinates": [ [ [ 309010.244536921731196, 2815248.17107317596674 ], [ 309129.171749570872635, 2815051.475953872315586 ], [ 309058.532010687049478, 2814824.241467965766788 ], [ 308762.714902297826484, 2814962.520879342220724 ], [ 308729.399644993245602, 2815588.996452127583325 ], [ 308961.92975752404891, 2815669.885783902835101 ], [ 309096.845834708539769, 2815677.935294010210782 ], [ 309010.244536921731196, 2815248.17107317596674 ] ] ] } },
{ "type": "Feature", "properties": { "cluster": 556 }, "geometry": { "type": "Polygon", "coordinates": [ [ [ 341537.80751710315235, 2839824.877778751309961 ], [ 341979.947656765580177, 2839858.379649211186916 ], [ 341894.49498407705687, 2839595.739360144361854 ], [ 341214.536348934983835, 2839405.557841797359288 ], [ 341265.262697049416602, 2839953.317034163977951 ], [ 341280.630415393155999, 2840147.000036206562072 ], [ 341537.80751710315235, 2839824.877778751309961 ] ] ] } },
{ "type": "Feature", "properties": { "cluster": 538 }, "geometry": { "type": "Polygon", "coordinates": [ [ [ 405500.061078407627065, 2868259.951579295098782 ], [ 406243.651356321235653, 2867905.730917767155915 ], [ 405557.493823420256376, 2867890.715065256692469 ], [ 405162.46133809274761, 2867831.539808118715882 ], [ 405435.281505996361375, 2868165.16669583087787 ], [ 405500.061078407627065, 2868259.951579295098782 ] ] ] } },
{ "type": "Feature", "properties": { "cluster": 567 }, "geometry": { "type": "Polygon", "coordinates": [ [ [ 674595.00575164007023, 2808854.975428055040538 ], [ 674565.002221309696324, 2808825.006015928462148 ], [ 674565.014843832934275, 2808855.029019603040069 ], [ 674595.00575164007023, 2808854.975428055040538 ] ] ] } },
{ "type": "Feature", "properties": { "cluster": 540 }, "geometry": { "type": "Polygon", "coordinates": [ [ [ 339836.784232290810905, 2722393.33392563322559 ], [ 339678.502722016884945, 2722278.851645444519818 ], [ 339322.95695041352883, 2722709.396107722073793 ], [ 339473.332354226149619, 2722753.075551679357886 ], [ 339794.776079231058247, 2722878.968865286093205 ], [ 340001.465804297069553, 2722888.776394155342132 ], [ 339836.784232290810905, 2722393.33392563322559 ] ] ] } },
{ "type": "Feature", "properties": { "cluster": 542 }, "geometry": { "type": "Polygon", "coordinates": [ [ [ 422689.437376159767155, 2863154.687791255302727 ], [ 422540.115870458947029, 2863146.706576891243458 ], [ 422289.990937680006027, 2863373.009494594298303 ], [ 422757.008728432119824, 2863742.383885022252798 ], [ 423131.985419429838657, 2863280.564993855543435 ], [ 422689.437376159767155, 2863154.687791255302727 ] ] ] } },
{ "type": "Feature", "properties": { "cluster": 543 }, "geometry": { "type": "Polygon", "coordinates": [ [ [ 634515.035708927782252, 2824215.009839091449976 ], [ 634335.03891961928457, 2824155.045623903628439 ], [ 634244.990273125236854, 2824125.008571329526603 ], [ 634215.04107480973471, 2824245.000268032774329 ], [ 634215.04132111382205, 2824574.974494884256274 ], [ 634497.375896807294339, 2824401.806495052296668 ], [ 634604.982737422338687, 2824245.047755978535861 ], [ 634515.035708927782252, 2824215.009839091449976 ] ] ] } },
{ "type": "Feature", "properties": { "cluster": 544 }, "geometry": { "type": "Polygon", "coordinates": [ [ [ 527761.291001216392033, 2655200.048822122160345 ], [ 527700.631798424641602, 2655537.613090260419995 ], [ 527668.849375531659462, 2655669.302906560711563 ], [ 527876.27146793983411, 2655695.169748523272574 ], [ 528213.148185857455246, 2655571.828300515655428 ], [ 528174.771337971673347, 2655434.465670565143228 ], [ 528108.109875910915434, 2655198.510980960913002 ], [ 528046.490318492404185, 2654983.602471626363695 ], [ 527641.733898323727772, 2654436.989564528223127 ], [ 527761.291001216392033, 2655200.048822122160345 ] ] ] } },
{ "type": "Feature", "properties": { "cluster": 545 }, "geometry": { "type": "Polygon", "coordinates": [ [ [ 673016.974075916223228, 2809193.511210588738322 ], [ 673095.006863558432087, 2809245.033840330317616 ], [ 673126.783553988789208, 2809262.50400917744264 ], [ 673397.147631126455963, 2809523.010538160800934 ], [ 673513.289281507837586, 2809335.067677289247513 ], [ 673452.559576959349215, 2809128.223943773191422 ], [ 673365.048395921709016, 2809124.989853367675096 ], [ 673016.974075916223228, 2809193.511210588738322 ] ] ] } },
{ "type": "Feature", "properties": { "cluster": 546 }, "geometry": { "type": "Polygon", "coordinates": [ [ [ 537366.374113183817826, 2662218.08157424768433 ], [ 537465.041786570334807, 2661884.970521588809788 ], [ 537464.995888501172885, 2661824.961675408761948 ], [ 537464.9729375714669, 2661794.957253913860768 ], [ 537435.006245446857065, 2661824.993753637187183 ], [ 537366.374113183817826, 2662218.08157424768433 ] ] ] } },
{ "type": "Feature", "properties": { "cluster": 547 }, "geometry": { "type": "Polygon", "coordinates": [ [ [ 614135.9713747468777, 2730377.722281550057232 ], [ 614196.686696082935669, 2730008.331908866297454 ], [ 614257.404712343472056, 2729638.941838926635683 ], [ 613864.295092158718035, 2729574.802251140587032 ], [ 613803.587428272003308, 2729944.193614825140685 ], [ 614135.9713747468777, 2730377.722281550057232 ] ] ] } },
{ "type": "Feature", "properties": { "cluster": 551 }, "geometry": { "type": "Polygon", "coordinates": [ [ [ 530125.50260330515448, 2713555.035423984285444 ], [ 530294.976437281118706, 2713125.020707732532173 ], [ 530295.041472102049738, 2713095.014870008453727 ], [ 530295.005216057412326, 2713065.008813826367259 ], [ 530265.023080346523784, 2713065.054586919955909 ], [ 530234.976279945462011, 2713094.995537268463522 ], [ 529751.830425243359059, 2713518.803487794473767 ], [ 530125.50260330515448, 2713555.035423984285444 ] ] ] } },
{ "type": "Feature", "properties": { "cluster": 552 }, "geometry": { "type": "Polygon", "coordinates": [ [ [ 437472.06478411948774, 2639569.76762230694294 ], [ 437535.004844480601605, 2639385.038014047779143 ], [ 437534.976682971231639, 2639355.033465354703367 ], [ 437505.012525310914498, 2639325.047915669623762 ], [ 437505.040747292281594, 2639355.052464635577053 ], [ 437504.966670149588026, 2639384.946739702951163 ], [ 437472.06478411948774, 2639569.76762230694294 ] ] ] } },
{ "type": "Feature", "properties": { "cluster": 553 }, "geometry": { "type": "Polygon", "coordinates": [ [ [ 476775.042403605941217, 2563634.96782249212265 ], [ 476664.474941388121806, 2563612.557180357165635 ], [ 476745.046784848324023, 2563695.015717839822173 ], [ 476775.033608715690207, 2563694.968933609779924 ], [ 477053.478484207938891, 2563672.839587689377367 ], [ 476775.042403605941217, 2563634.96782249212265 ] ] ] } },
{ "type": "Feature", "properties": { "cluster": 555 }, "geometry": { "type": "Polygon", "coordinates": [ [ [ 451018.100125130556989, 2602018.729159842245281 ], [ 450413.462371216446627, 2602228.900060680694878 ], [ 450271.7644514197018, 2602586.977604851592332 ], [ 450878.074295704602264, 2602271.619249310344458 ], [ 451018.100125130556989, 2602018.729159842245281 ] ] ] } },
{ "type": "Feature", "properties": { "cluster": 557 }, "geometry": { "type": "Polygon", "coordinates": [ [ [ 446018.39431462471839, 2601272.385752929840237 ], [ 445708.51642076234566, 2600848.397025511134416 ], [ 445244.11851094692247, 2601153.474973863456398 ], [ 445630.237223489035387, 2601212.929066458716989 ], [ 445947.264089357689954, 2601639.104057281278074 ], [ 446018.39431462471839, 2601272.385752929840237 ] ] ] } },
{ "type": "Feature", "properties": { "cluster": 558 }, "geometry": { "type": "Polygon", "coordinates": [ [ [ 322544.979127874656115, 2766645.03779617138207 ], [ 322575.019659896555822, 2766735.045327730476856 ], [ 322634.955324927577749, 2766794.975779276806861 ], [ 323183.14413168199826, 2767093.077014991547912 ], [ 322725.034577868878841, 2766734.982948936056346 ], [ 322544.979127874656115, 2766645.03779617138207 ] ] ] } },
{ "type": "Feature", "properties": { "cluster": 559 }, "geometry": { "type": "Polygon", "coordinates": [ [ [ 628785.044400861253962, 2625914.959353730082512 ], [ 628784.981807221891358, 2625944.968585328198969 ], [ 628785.021141376229934, 2625974.978723099920899 ], [ 628814.95170184399467, 2625945.013267536181957 ], [ 628815.01435748138465, 2625915.004033213015646 ], [ 628785.005058635724708, 2625884.949218056630343 ], [ 628785.044400861253962, 2625914.959353730082512 ] ] ] } },
{ "type": "Feature", "properties": { "cluster": 560 }, "geometry": { "type": "Polygon", "coordinates": [ [ [ 645854.974429934751242, 2832104.968348459806293 ], [ 646244.966844209702685, 2832044.997910281643271 ], [ 646275.000776724889874, 2832044.995525819249451 ], [ 646275.029240146279335, 2832014.976215197704732 ], [ 646244.995239949785173, 2832014.978602840565145 ], [ 645854.974429934751242, 2832104.968348459806293 ] ] ] } },
{ "type": "Feature", "properties": { "cluster": 619 }, "geometry": { "type": "Polygon", "coordinates": [ [ [ 670124.999255314585753, 2810564.973846019711345 ], [ 669854.997654770268127, 2810654.946613864041865 ], [ 669734.994444475742057, 2810835.002637381199747 ], [ 670365.010958609636873, 2811015.026486335322261 ], [ 670245.041206685011275, 2810565.054705484770238 ], [ 670124.999255314585753, 2810564.973846019711345 ] ] ] } },
{ "type": "Feature", "properties": { "cluster": 561 }, "geometry": { "type": "Polygon", "coordinates": [ [ [ 535215.047665233025327, 2651625.036399126984179 ], [ 535215.019595405552536, 2651595.03240281296894 ], [ 535185.008860715315677, 2651594.958756178617477 ], [ 535154.997855303576216, 2651594.995887261815369 ], [ 535124.986850984860212, 2651595.033081131521612 ], [ 535125.015109130647033, 2651625.037074928637594 ], [ 535184.963393831509165, 2651654.966498634777963 ], [ 535214.974002968985587, 2651655.040146740619093 ], [ 535215.047665233025327, 2651625.036399126984179 ] ] ] } },
{ "type": "Feature", "properties": { "cluster": 562 }, "geometry": { "type": "Polygon", "coordinates": [ [ [ 550545.006903570028953, 2663384.995258913375437 ], [ 550515.020009184954688, 2663384.999814017210156 ], [ 550485.033116165897809, 2663385.004432121757418 ], [ 550485.028632413246669, 2663415.009341447148472 ], [ 550515.010914051206782, 2663445.009635948576033 ], [ 550545.002293743891641, 2663415.000170457176864 ], [ 550545.006903570028953, 2663384.995258913375437 ] ] ] } },
{ "type": "Feature", "properties": { "cluster": 563 }, "geometry": { "type": "Polygon", "coordinates": [ [ [ 302475.029439451987855, 2813895.035950588993728 ], [ 302474.989764134807047, 2813865.009630719665438 ], [ 302445.006112408125773, 2813865.007971325423568 ], [ 302475.029439451987855, 2813895.035950588993728 ] ] ] } },
{ "type": "Feature", "properties": { "cluster": 564 }, "geometry": { "type": "Polygon", "coordinates": [ [ [ 297345.049506474751979, 2841585.040381546597928 ], [ 297344.992402566072997, 2841555.012318539433181 ], [ 297314.969542473671027, 2841555.027788931038231 ], [ 297345.049506474751979, 2841585.040381546597928 ] ] ] } },
{ "type": "Feature", "properties": { "cluster": 565 }, "geometry": { "type": "Polygon", "coordinates": [ [ [ 550964.970080052269623, 2778974.989255835302174 ], [ 550995.023338723694906, 2778944.982029253616929 ], [ 550995.035028603859246, 2778914.972947034984827 ], [ 550964.993328854092397, 2778914.971092516556382 ], [ 550964.970080052269623, 2778974.989255835302174 ] ] ] } },
{ "type": "Feature", "properties": { "cluster": 589 }, "geometry": { "type": "Polygon", "coordinates": [ [ [ 585825.000101076322608, 2789865.035993572324514 ], [ 586185.033620796981268, 2790134.991502037271857 ], [ 585854.997900448739529, 2789804.981288866139948 ], [ 585824.988820975180715, 2789835.024244288913906 ], [ 585825.000101076322608, 2789865.035993572324514 ] ] ] } },
{ "type": "Feature", "properties": { "cluster": 566 }, "geometry": { "type": "Polygon", "coordinates": [ [ [ 478664.997340948553756, 2875814.972890324890614 ], [ 478665.046294958505314, 2875844.98456051805988 ], [ 478695.018202801409643, 2875874.947456056717783 ], [ 478724.99504077155143, 2875784.974158917553723 ], [ 478695.022998108470347, 2875755.011197111103684 ], [ 478664.997340948553756, 2875814.972890324890614 ] ] ] } },
{ "type": "Feature", "properties": { "cluster": 568 }, "geometry": { "type": "Polygon", "coordinates": [ [ [ 632685.049108891398646, 2672894.988420911133289 ], [ 632685.02437569363974, 2672864.976246125996113 ], [ 632684.999638246605173, 2672834.964072405360639 ], [ 632655.024351888336241, 2672835.016594856977463 ], [ 632655.049152573221363, 2672865.028765588067472 ], [ 632654.972348810173571, 2672895.039989389013499 ], [ 632685.049108891398646, 2672894.988420911133289 ] ] ] } },
{ "type": "Feature", "properties": { "cluster": 569 }, "geometry": { "type": "Polygon", "coordinates": [ [ [ 552644.963596993125975, 2768324.97790558077395 ], [ 552525.005073097418062, 2768744.971810322254896 ], [ 552675.028719762573019, 2768324.983057524077594 ], [ 552675.043530548689887, 2768294.974299796391279 ], [ 552644.97834174381569, 2768294.969148990232497 ], [ 552644.963596993125975, 2768324.97790558077395 ] ] ] } },
{ "type": "Feature", "properties": { "cluster": 570 }, "geometry": { "type": "Polygon", "coordinates": [ [ [ 422955.028309262939729, 2667374.947678420692682 ], [ 422925.00740042317193, 2667405.005880822427571 ], [ 422954.987303337664343, 2667404.954469208605587 ], [ 423014.988834050716832, 2667374.955770114436746 ], [ 423015.029968795948662, 2667344.948983979877084 ], [ 422955.028309262939729, 2667374.947678420692682 ] ] ] } },
{ "type": "Feature", "properties": { "cluster": 572 }, "geometry": { "type": "Polygon", "coordinates": [ [ [ 584384.988880634657107, 2789324.970255089458078 ], [ 584415.024643091252074, 2789354.947467002086341 ], [ 584445.016429076320492, 2789295.000562225468457 ], [ 584414.995048679877073, 2789295.034926298074424 ], [ 584384.988880634657107, 2789324.970255089458078 ] ] ] } },
{ "type": "Feature", "properties": { "cluster": 573 }, "geometry": { "type": "Polygon", "coordinates": [ [ [ 544214.998436165973544, 2653274.947263195645064 ], [ 544184.99061106541194, 2653274.965447089169174 ], [ 544154.98278721945826, 2653274.983693801797926 ], [ 544154.992079667747021, 2653304.98802328016609 ], [ 544282.789725328446366, 2653457.950314409099519 ], [ 544214.998436165973544, 2653274.947263195645064 ] ] ] } },
{ "type": "Feature", "properties": { "cluster": 574 }, "geometry": { "type": "Polygon", "coordinates": [ [ [ 554084.956824537017383, 2654685.024139550980181 ], [ 554084.968393269693479, 2654655.019401683937758 ], [ 554024.957652148557827, 2654655.01439793035388 ], [ 554025.047920588636771, 2654685.019517032429576 ], [ 554055.030210491735488, 2654745.031465442851186 ], [ 554085.035393240046687, 2654745.034002479631454 ], [ 554085.046965453773737, 2654715.029262491967529 ], [ 554084.956824537017383, 2654685.024139550980181 ] ] ] } },
{ "type": "Feature", "properties": { "cluster": 575 }, "geometry": { "type": "Polygon", "coordinates": [ [ [ 551354.957207380328327, 2661435.019655745942146 ], [ 551354.963415152276866, 2661405.014784065075219 ], [ 551265.002183798002079, 2661345.014025111217052 ], [ 551235.005019835429266, 2661375.022009843494743 ], [ 551264.990150924772024, 2661405.023758544586599 ], [ 551354.957207380328327, 2661435.019655745942146 ] ] ] } },
{ "type": "Feature", "properties": { "cluster": 576 }, "geometry": { "type": "Polygon", "coordinates": [ [ [ 544454.99513945938088, 2672685.04878832725808 ], [ 544484.962203328148462, 2672685.031806729268283 ], [ 544484.954507870250382, 2672655.026780008804053 ], [ 544454.987380758859217, 2672655.043762606568635 ], [ 544454.99513945938088, 2672685.04878832725808 ] ] ] } },
{ "type": "Feature", "properties": { "cluster": 577 }, "geometry": { "type": "Polygon", "coordinates": [ [ [ 671595.013348394655623, 2742765.04660290107131 ], [ 671564.979704036959447, 2742765.005769420415163 ], [ 671474.978531866450794, 2742764.995673383120447 ], [ 671565.011244640685618, 2742795.025990875437856 ], [ 671595.046200011158362, 2742794.956071038264781 ], [ 671595.013348394655623, 2742765.04660290107131 ] ] ] } },
{ "type": "Feature", "properties": { "cluster": 578 }, "geometry": { "type": "Polygon", "coordinates": [ [ [ 502784.96160114207305, 2637885.036701610311866 ], [ 502784.967392590944655, 2637855.03380472632125 ], [ 502784.950018057832494, 2637945.042498542461544 ], [ 502784.955809631035663, 2637915.039599548093975 ], [ 502784.96160114207305, 2637885.036701610311866 ] ] ] } },
{ "type": "Feature", "properties": { "cluster": 579 }, "geometry": { "type": "Polygon", "coordinates": [ [ [ 496965.042242672236171, 2762685.016259035561234 ], [ 496845.04765990911983, 2762715.050746936816722 ], [ 496964.954618295072578, 2762745.031012832652777 ], [ 496995.030555272300262, 2762745.024379581678659 ], [ 496965.042242672236171, 2762685.016259035561234 ] ] ] } },
{ "type": "Feature", "properties": { "cluster": 580 }, "geometry": { "type": "Polygon", "coordinates": [ [ [ 648314.966513642226346, 2841585.037584243807942 ], [ 648315.033541589276865, 2841614.947823484428227 ], [ 648885.01759773446247, 2841915.001811383292079 ], [ 648945.041601164382882, 2841915.011188810691237 ], [ 648914.965215167729184, 2841884.985384926665574 ], [ 648884.953147587715648, 2841884.980733609758317 ], [ 648345.013820586260408, 2841555.021032166667283 ], [ 648314.966513642226346, 2841585.037584243807942 ] ] ] } },
{ "type": "Feature", "properties": { "cluster": 581 }, "geometry": { "type": "Polygon", "coordinates": [ [ [ 659474.987341949134134, 2838705.044709117617458 ], [ 659475.029726724838838, 2838734.956152247264981 ], [ 659565.01480474206619, 2838824.994557888712734 ], [ 659595.035278383991681, 2838825.023010432254523 ], [ 659594.994510863907635, 2838795.000784204341471 ], [ 659505.009404234355316, 2838704.96217878581956 ], [ 659474.987341949134134, 2838705.044709117617458 ] ] ] } },
{ "type": "Feature", "properties": { "cluster": 582 }, "geometry": { "type": "Polygon", "coordinates": [ [ [ 665924.952579291537404, 2862465.016038859263062 ], [ 665924.974729687673971, 2862495.039916872046888 ], [ 665924.998271988122724, 2862524.953025436960161 ], [ 665985.012013345374726, 2862765.012881532777101 ], [ 665954.965914704487659, 2862524.998755991924554 ], [ 665955.044050632975996, 2862494.976137599442154 ], [ 665924.952579291537404, 2862465.016038859263062 ] ] ] } },
{ "type": "Feature", "properties": { "cluster": 583 }, "geometry": { "type": "Polygon", "coordinates": [ [ [ 667724.989843606483191, 2865495.004466523882002 ], [ 667724.972352159325965, 2865464.980252825189382 ], [ 667724.954855131334625, 2865434.956040240358561 ], [ 667574.980647212010808, 2865165.042276468127966 ], [ 667424.986366361379623, 2865195.037380209192634 ], [ 667635.004833122249693, 2865494.963775936048478 ], [ 667664.983586998656392, 2865525.037975911516696 ], [ 667724.989843606483191, 2865495.004466523882002 ] ] ] } },
{ "type": "Feature", "properties": { "cluster": 584 }, "geometry": { "type": "Polygon", "coordinates": [ [ [ 531824.991794733679853, 2664584.956016106531024 ], [ 531824.957093417528085, 2664554.951652593910694 ], [ 531794.973373843356967, 2664554.995509563479573 ], [ 531795.008138220408, 2664584.999872299842536 ], [ 531824.991794733679853, 2664584.956016106531024 ] ] ] } },
{ "type": "Feature", "properties": { "cluster": 585 }, "geometry": { "type": "Polygon", "coordinates": [ [ [ 552434.995187121792696, 2779784.956217568833381 ], [ 552614.998960347962566, 2779454.996348299086094 ], [ 552404.955341893713921, 2779784.95114929554984 ], [ 552434.995187121792696, 2779784.956217568833381 ] ] ] } },
{ "type": "Feature", "properties": { "cluster": 586 }, "geometry": { "type": "Polygon", "coordinates": [ [ [ 555344.973637928836979, 2657474.977239751257002 ], [ 555344.959271295461804, 2657504.982126976363361 ], [ 555374.958732922445051, 2657504.987478706985712 ], [ 555344.973637928836979, 2657474.977239751257002 ] ] ] } },
{ "type": "Feature", "properties": { "cluster": 587 }, "geometry": { "type": "Polygon", "coordinates": [ [ [ 537464.951437168172561, 2677514.952848012559116 ], [ 537464.973750582663342, 2677544.957827480509877 ], [ 537525.032464794465341, 2677605.015681470744312 ], [ 537525.010280836024322, 2677575.010698108468205 ], [ 537524.988095609238371, 2677545.005715813487768 ], [ 537495.009299806319177, 2677515.032252996228635 ], [ 537464.951437168172561, 2677514.952848012559116 ] ] ] } },
{ "type": "Feature", "properties": { "cluster": 588 }, "geometry": { "type": "Polygon", "coordinates": [ [ [ 659235.027719320030883, 2889884.960244023706764 ], [ 659234.960274017532356, 2889914.983100686687976 ], [ 659234.992823385051452, 2889945.007182503119111 ], [ 659234.989365653018467, 2890125.038476860616356 ], [ 659414.978925848845392, 2890184.963930218014866 ], [ 659235.027719320030883, 2889884.960244023706764 ] ] ] } },
{ "type": "Feature", "properties": { "cluster": 590 }, "geometry": { "type": "Polygon", "coordinates": [ [ [ 596445.015990122919902, 2649465.04453014396131 ], [ 596475.033765310188755, 2649435.017322710715234 ], [ 596475.031868992839009, 2649405.009891977068037 ], [ 596475.029969673836604, 2649375.002462299540639 ], [ 596475.028067350503989, 2649344.995033678598702 ], [ 596475.026162021793425, 2649314.987606112845242 ], [ 596355.041521101025864, 2649225.045560238882899 ], [ 596325.019873466575518, 2649194.947467757388949 ], [ 596294.999653505161405, 2649194.967576229479164 ], [ 596205.045727680902928, 2649255.043769112788141 ], [ 596205.048203069949523, 2649285.051175305619836 ], [ 596204.949659773963504, 2649314.947177355643362 ], [ 596204.954596002819017, 2649374.961994999088347 ], [ 596234.976832832675427, 2649404.949123654514551 ], [ 596264.998201507958584, 2649435.047043835744262 ], [ 596325.039841989520937, 2649465.014219471719116 ], [ 596354.957743601175025, 2649464.993510134052485 ], [ 596445.015990122919902, 2649465.04453014396131 ] ] ] } },
{ "type": "Feature", "properties": { "cluster": 591 }, "geometry": { "type": "Polygon", "coordinates": [ [ [ 595184.961583601194434, 2649134.970701221376657 ], [ 595184.956962118158117, 2649104.963372706435621 ], [ 595155.009511404205114, 2648925.053331750910729 ], [ 595124.989561911439523, 2648924.965181699022651 ], [ 595124.99432645435445, 2648954.972499642055482 ], [ 595184.961583601194434, 2649134.970701221376657 ] ] ] } },
{ "type": "Feature", "properties": { "cluster": 592 }, "geometry": { "type": "Polygon", "coordinates": [ [ [ 568185.04442798520904, 2616255.047141828108579 ], [ 568215.028960270690732, 2616254.966138635296375 ], [ 568185.019445602665655, 2616195.038659537676722 ], [ 568155.035310085513629, 2616195.00901341997087 ], [ 568154.996871684677899, 2616225.013013845775276 ], [ 568185.04442798520904, 2616255.047141828108579 ] ] ] } },
{ "type": "Feature", "properties": { "cluster": 593 }, "geometry": { "type": "Polygon", "coordinates": [ [ [ 672165.000118145835586, 2863934.990106159355491 ], [ 672164.992471766192466, 2863904.965388531796634 ], [ 672164.983368920860812, 2863875.051444954704493 ], [ 672135.017867162125185, 2863874.991398460231721 ], [ 672135.033302358351648, 2863935.040824951138347 ], [ 672135.042462028097361, 2863964.954766923561692 ], [ 672165.000118145835586, 2863934.990106159355491 ] ] ] } },
{ "type": "Feature", "properties": { "cluster": 594 }, "geometry": { "type": "Polygon", "coordinates": [ [ [ 662354.983014191850089, 2865375.027369184885174 ], [ 662325.022392355720513, 2865374.989496954251081 ], [ 662355.012784860096872, 2865405.050915187224746 ], [ 662384.974711752263829, 2865404.978089660406113 ], [ 662385.045198525884189, 2865374.955778405535966 ], [ 662354.983014191850089, 2865375.027369184885174 ] ] ] } },
{ "type": "Feature", "properties": { "cluster": 595 }, "geometry": { "type": "Polygon", "coordinates": [ [ [ 674475.019204606534913, 2849264.980752262286842 ], [ 674445.023913695826195, 2849295.052565792575479 ], [ 674415.035505935666151, 2849355.038137659430504 ], [ 674415.042248026235029, 2849384.951835719402879 ], [ 674445.035817924072035, 2849354.990738220047206 ], [ 674505.0248243578244, 2849294.957955494523048 ], [ 674505.018268605927005, 2849265.044249136466533 ], [ 674475.019204606534913, 2849264.980752262286842 ] ] ] } },
{ "type": "Feature", "properties": { "cluster": 596 }, "geometry": { "type": "Polygon", "coordinates": [ [ [ 658334.977521817898378, 2835015.045199104119092 ], [ 658365.007741886423901, 2835014.959661388769746 ], [ 658364.962209668476135, 2834985.048488658387214 ], [ 658365.018409474054351, 2834955.027748441789299 ], [ 658245.01281362795271, 2834894.996590667404234 ], [ 658214.983658727258444, 2834894.971648876089603 ], [ 658215.028225963003933, 2834924.993564649950713 ], [ 658244.991261893301271, 2835014.971120670437813 ], [ 658305.049042868777178, 2835015.021235577296466 ], [ 658334.977521817898378, 2835015.045199104119092 ] ] ] } },
{ "type": "Feature", "properties": { "cluster": 597 }, "geometry": { "type": "Polygon", "coordinates": [ [ [ 538244.95443976437673, 2662004.951721211429685 ], [ 538244.975743491784669, 2662034.956173171289265 ], [ 538274.964677926152945, 2662035.036518146283925 ], [ 538304.953910016454756, 2662035.006209562532604 ], [ 538275.045094825793058, 2662005.032337750308216 ], [ 538244.95443976437673, 2662004.951721211429685 ] ] ] } },
{ "type": "Feature", "properties": { "cluster": 598 }, "geometry": { "type": "Polygon", "coordinates": [ [ [ 532275.044627567986026, 2706074.964015518315136 ], [ 532245.047455612919293, 2706075.005707792006433 ], [ 532244.978437746991403, 2706105.011329757515341 ], [ 532275.040059765568003, 2706164.981352973263711 ], [ 532305.00459264148958, 2706135.044590095989406 ], [ 532275.044627567986026, 2706074.964015518315136 ] ] ] } },
{ "type": "Feature", "properties": { "cluster": 599 }, "geometry": { "type": "Polygon", "coordinates": [ [ [ 536624.973579456214793, 2896754.971779129933566 ], [ 536624.958404864184558, 2896724.958793665282428 ], [ 536625.043147013406269, 2896694.946091452147812 ], [ 536625.027657395228744, 2896665.043856218922883 ], [ 536595.021373415831476, 2896605.044041898101568 ], [ 536534.954528360627592, 2896574.972540457267314 ], [ 536504.993994234595448, 2896605.011874475050718 ], [ 536505.040361758787185, 2896695.050810565706342 ], [ 536565.022420998197049, 2896755.024137832224369 ], [ 536624.973579456214793, 2896754.971779129933566 ] ] ] } },
{ "type": "Feature", "properties": { "cluster": 600 }, "geometry": { "type": "Polygon", "coordinates": [ [ [ 575684.994861689279787, 2637615.048600060399622 ], [ 575685.04115760314744, 2637645.054258420132101 ], [ 575684.986196279642172, 2637674.948665645439178 ], [ 575685.032487341668457, 2637704.954326112288982 ], [ 575685.013957468909211, 2637824.97591022355482 ], [ 575684.958402105839923, 2637854.981041795108467 ], [ 575745.023230011225678, 2637974.985795077402145 ], [ 575775.018562371842563, 2637945.027146713342518 ], [ 575805.014600667287596, 2637914.957840298302472 ], [ 575805.033574933651835, 2637795.046934929210693 ], [ 575804.987540699425153, 2637765.041264189872891 ], [ 575835.013031307258643, 2637555.050331721547991 ], [ 575864.964047107030638, 2637494.975473734550178 ], [ 575865.019949977053329, 2637464.970345376990736 ], [ 575804.990182296605781, 2637434.981630639638752 ], [ 575775.048897623782977, 2637435.045824480243027 ], [ 575745.00635921722278, 2637434.998827880248427 ], [ 575715.000723297940567, 2637524.968324056360871 ], [ 575685.05039930914063, 2637585.043476885650307 ], [ 575684.994861689279787, 2637615.048600060399622 ] ] ] } },
{ "type": "Feature", "properties": { "cluster": 601 }, "geometry": { "type": "Polygon", "coordinates": [ [ [ 596325.009908523177728, 2653485.019633144140244 ], [ 596294.965753088821657, 2652975.02177591342479 ], [ 596204.959502493380569, 2653394.965839726384729 ], [ 596145.044939004117623, 2653485.029352815356106 ], [ 596145.047117915702984, 2653515.036903660744429 ], [ 596174.958674320718274, 2653545.023660176433623 ], [ 596234.982882982469164, 2653574.991182014811784 ], [ 596325.011710761114955, 2653515.027196813840419 ], [ 596325.009908523177728, 2653485.019633144140244 ] ] ] } },
{ "type": "Feature", "properties": { "cluster": 602 }, "geometry": { "type": "Polygon", "coordinates": [ [ [ 541455.02619058766868, 2719664.954531155526638 ], [ 541455.038196857669391, 2719694.961139776743948 ], [ 541485.006152526591904, 2719695.050295436289161 ], [ 541484.99421076872386, 2719665.043685867916793 ], [ 541484.982267646118999, 2719635.037077380344272 ], [ 541455.02619058766868, 2719664.954531155526638 ] ] ] } },
{ "type": "Feature", "properties": { "cluster": 603 }, "geometry": { "type": "Polygon", "coordinates": [ [ [ 646964.950809072004631, 2664345.011256511323154 ], [ 646994.949928913498297, 2664314.974609690252692 ], [ 646964.954900889424607, 2664314.997897406574339 ], [ 646934.959876878070645, 2664315.021248148754239 ], [ 646934.955848115379922, 2664345.034604005049914 ], [ 646964.950809072004631, 2664345.011256511323154 ] ] ] } },
{ "type": "Feature", "properties": { "cluster": 604 }, "geometry": { "type": "Polygon", "coordinates": [ [ [ 590025.01656022737734, 2653154.957867379765958 ], [ 590055.042228950769641, 2653185.042755616828799 ], [ 590115.050094221718609, 2653154.969925601966679 ], [ 590085.0237850274425, 2653124.995633404701948 ], [ 590055.012312446255237, 2653125.028523572254926 ], [ 590025.001537732314318, 2653124.950753919314593 ], [ 590025.01656022737734, 2653154.957867379765958 ] ] ] } },
{ "type": "Feature", "properties": { "cluster": 605 }, "geometry": { "type": "Polygon", "coordinates": [ [ [ 654645.014763763174415, 2833634.975408245343715 ], [ 654644.967173223849386, 2833664.995684624649584 ], [ 654675.046257950831205, 2833634.992147986777127 ], [ 654674.993484304635786, 2833604.970701953861862 ], [ 654644.961922407150269, 2833604.953965763561428 ], [ 654645.014763763174415, 2833634.975408245343715 ] ] ] } },
{ "type": "Feature", "properties": { "cluster": 606 }, "geometry": { "type": "Polygon", "coordinates": [ [ [ 655995.04368071584031, 2842935.039894589222968 ], [ 655994.995490744011477, 2842905.017948127351701 ], [ 655904.963290613028221, 2842904.955792982131243 ], [ 655833.012704303255305, 2843057.318408589344472 ], [ 656025.040326684014872, 2843175.010138164740056 ], [ 656024.992246121750213, 2843144.988179253879935 ], [ 655995.040991646237671, 2842994.971845177002251 ], [ 655994.992812037584372, 2842964.949896497651935 ], [ 655995.04368071584031, 2842935.039894589222968 ] ] ] } },
{ "type": "Feature", "properties": { "cluster": 607 }, "geometry": { "type": "Polygon", "coordinates": [ [ [ 277694.969792690884788, 2798895.045085684861988 ], [ 277755.003860509663355, 2798924.973967052530497 ], [ 277785.02726349409204, 2798925.033711147960275 ], [ 277844.9903972921893, 2798864.981993763241917 ], [ 277875.023437125259079, 2798835.010815229732543 ], [ 277875.042502987547778, 2798774.94855359243229 ], [ 277874.953149448614568, 2798745.029867246281356 ], [ 277845.041393102845177, 2798715.047888456378132 ], [ 277695.017263876623474, 2798745.000065911561251 ], [ 277664.984365505864844, 2798774.971656119450927 ], [ 277664.975295686977915, 2798805.0028210375458 ], [ 277664.966233076062053, 2798835.033987042028457 ], [ 277664.955352783435956, 2798864.954368627164513 ], [ 277694.969792690884788, 2798895.045085684861988 ] ] ] } },
{ "type": "Feature", "properties": { "cluster": 608 }, "geometry": { "type": "Polygon", "coordinates": [ [ [ 540105.020870965439826, 2647575.043172764591873 ], [ 540074.983517408487387, 2647544.955418138764799 ], [ 540044.982010894455016, 2647574.986433815211058 ], [ 540075.019670978188515, 2647604.96341197239235 ], [ 540105.038884405861609, 2647605.047171140555292 ], [ 540105.020870965439826, 2647575.043172764591873 ] ] ] } },
{ "type": "Feature", "properties": { "cluster": 609 }, "geometry": { "type": "Polygon", "coordinates": [ [ [ 534284.957710231188685, 2720895.001877666451037 ], [ 534374.982213655952364, 2720925.008630867116153 ], [ 534344.989565563388169, 2720895.039009984117001 ], [ 534314.997060988331214, 2720864.958732307888567 ], [ 534284.957710231188685, 2720895.001877666451037 ] ] ] } },
{ "type": "Feature", "properties": { "cluster": 610 }, "geometry": { "type": "Polygon", "coordinates": [ [ [ 541604.987951612332836, 2670704.959464552812278 ], [ 541604.974090506555513, 2670674.954601915087551 ], [ 541574.988979915622622, 2670644.972855002619326 ], [ 541545.017732995213009, 2670644.996032788883895 ], [ 541515.046487277722917, 2670645.019273702986538 ], [ 541514.958943202393129, 2670675.023835999425501 ], [ 541514.987043680273928, 2670735.033556639682502 ], [ 541544.986068452242762, 2670795.020045154262334 ], [ 541574.956999376416206, 2670794.996871899813414 ], [ 541605.029526789090596, 2670794.97405885765329 ], [ 541605.015669753658585, 2670764.969193023629487 ], [ 541605.001811362220906, 2670734.96432825550437 ], [ 541604.987951612332836, 2670704.959464552812278 ] ] ] } },
{ "type": "Feature", "properties": { "cluster": 612 }, "geometry": { "type": "Polygon", "coordinates": [ [ [ 592365.03656257991679, 2791424.9539097789675 ], [ 592365.03917095658835, 2791395.052412258461118 ], [ 592335.022552211419679, 2791394.958341189660132 ], [ 592335.019254620536231, 2791424.970577863976359 ], [ 592365.033195484196767, 2791454.966149590909481 ], [ 592365.03656257991679, 2791424.9539097789675 ] ] ] } },
{ "type": "Feature", "properties": { "cluster": 613 }, "geometry": { "type": "Polygon", "coordinates": [ [ [ 417404.980571272200905, 2622164.951135134324431 ], [ 417315.028598784585483, 2622195.025372544769198 ], [ 417405.015960679622367, 2622224.961634990293533 ], [ 417435.022550682828296, 2622195.00713071692735 ], [ 417434.953946239955258, 2622165.002172844018787 ], [ 417404.980571272200905, 2622164.951135134324431 ] ] ] } },
{ "type": "Feature", "properties": { "cluster": 614 }, "geometry": { "type": "Polygon", "coordinates": [ [ [ 431205.038934467826039, 2629394.994325623381883 ], [ 431234.955274428764824, 2629364.958263690117747 ], [ 431235.016579200979322, 2629334.95329162850976 ], [ 431234.975993189844303, 2629304.948804479558021 ], [ 431204.97823077038629, 2629274.975885091815144 ], [ 431174.959865732234903, 2629305.012487036176026 ], [ 431175.000576089660171, 2629335.016977070830762 ], [ 431175.041288405482192, 2629365.021468152292073 ], [ 431205.038934467826039, 2629394.994325623381883 ] ] ] } },
{ "type": "Feature", "properties": { "cluster": 615 }, "geometry": { "type": "Polygon", "coordinates": [ [ [ 270734.994750722311437, 2806124.984262741170824 ], [ 270735.002884699497372, 2806155.01684964587912 ], [ 270795.026577241893392, 2806185.024543649982661 ], [ 270825.011486799048726, 2806094.96987665258348 ], [ 270825.005454744677991, 2806065.048096765764058 ], [ 270824.989639536070172, 2806004.982960911467671 ], [ 270794.982415734964889, 2806005.050672079902142 ], [ 270764.973298973636702, 2806005.007660437375307 ], [ 270734.972280304646119, 2806034.997298215515912 ], [ 270734.98039219668135, 2806065.029881879221648 ], [ 270734.986624113633297, 2806094.951676917728037 ], [ 270734.994750722311437, 2806124.984262741170824 ] ] ] } },
{ "type": "Feature", "properties": { "cluster": 616 }, "geometry": { "type": "Polygon", "coordinates": [ [ [ 338324.956286956556141, 2719904.948011198546737 ], [ 338295.032841423875652, 2719874.945281161926687 ], [ 338265.039867018349469, 2719934.995904994662851 ], [ 338295.02020776597783, 2719934.980413910467178 ], [ 338324.956286956556141, 2719904.948011198546737 ] ] ] } },
{ "type": "Feature", "properties": { "cluster": 617 }, "geometry": { "type": "Polygon", "coordinates": [ [ [ 339884.979224244947545, 2723775.019354322459549 ], [ 339854.965767865069211, 2723745.014946044422686 ], [ 339824.952182926994283, 2723715.010596428532153 ], [ 339765.025871650199406, 2723655.000907670240849 ], [ 339795.021915731776971, 2723745.040186631027609 ], [ 339855.048975306912325, 2723805.048817615956068 ], [ 339884.979224244947545, 2723775.019354322459549 ] ] ] } },
{ "type": "Feature", "properties": { "cluster": 618 }, "geometry": { "type": "Polygon", "coordinates": [ [ [ 293414.961057632055599, 2824484.957292602863163 ], [ 293384.999504862469621, 2824484.977489933371544 ], [ 293384.96130787092261, 2824515.007071009837091 ], [ 293414.985054633347318, 2824545.014891844242811 ], [ 293444.984792201081291, 2824514.965179739519954 ], [ 293445.024837111996021, 2824485.046389546710998 ], [ 293414.961057632055599, 2824484.957292602863163 ] ] ] } },
{ "type": "Feature", "properties": { "cluster": 620 }, "geometry": { "type": "Polygon", "coordinates": [ [ [ 665594.987902115914039, 2851035.043998211156577 ], [ 665595.014276560978033, 2851064.95664333133027 ], [ 665594.963933645165525, 2851125.002217756584287 ], [ 665594.988903525518253, 2851155.025635151658207 ], [ 665624.958074847701937, 2851004.953387161716819 ], [ 665625.032057178672403, 2850975.041997760068625 ], [ 665594.987902115914039, 2851035.043998211156577 ] ] ] } },
{ "type": "Feature", "properties": { "cluster": 621 }, "geometry": { "type": "Polygon", "coordinates": [ [ [ 602444.992130739614367, 2638485.010392310097814 ], [ 602445.001556243747473, 2638455.002908770926297 ], [ 602414.958386578829959, 2638455.011038473341614 ], [ 602444.982702102628537, 2638515.017876899335533 ], [ 602444.992130739614367, 2638485.010392310097814 ] ] ] } },
{ "type": "Feature", "properties": { "cluster": 622 }, "geometry": { "type": "Polygon", "coordinates": [ [ [ 519105.028371822554618, 2522714.963163639418781 ], [ 519254.984459354309365, 2522535.047691075596958 ], [ 519465.044584555143956, 2522384.988389801699668 ], [ 519464.980456524412148, 2522354.989241937175393 ], [ 519435.013730724924244, 2522354.950815652031451 ], [ 519224.953493103734218, 2522505.010528588201851 ], [ 519104.963539517251775, 2522684.964011216536164 ], [ 519105.028371822554618, 2522714.963163639418781 ] ] ] } }
]
}
